top_label	is_cell_line	is_bulk_sorted	is_control	adjacent_normal	barrett_grade	tissue_origin	run_accession	study_accession	secondary_study_accession	sample_accession	secondary_sample_accession	experiment_accession	submission_accession	tax_id	scientific_name	instrument_platform	instrument_model	library_name	library_strategy	library_source	library_selection	library_layout	read_count	base_count	first_public	last_updated	center_name	study_title	experiment_title	sample_title	sample_description	collection_date	fastq_ftp	fastq_md5	fastq_bytes	submitted_ftp	submitted_md5	submitted_bytes	ScientificName	TaxID	LibraryStrategy	LibrarySource	LibrarySelection	LibraryLayout	BioSample	BioProject
Tumor	no	no	no	no	unknown	unknown	SRR27747551	PRJNA1069754	SRP486182	SAMN39624262	SRS20268239	SRX23412920	SRA1792499	9606.0	Homo sapiens	ILLUMINA	Illumina HiSeq 2500	GSM8037857	RNA-Seq	TRANSCRIPTOMIC	cDNA	PAIRED	14606593	4381977900	2024-03-19	2024-03-19		Inflammatory pathways confer resistance to chemoradiotherapy in anal squamous cell carcinoma	Illumina HiSeq 2500 sequencing: GSM8037857: cCR.ASCC_85 Homo sapiens RNA-Seq	cCR.ASCC_85	cCR.ASCC_85	missing	ftp.sra.ebi.ac.uk/vol1/fastq/SRR277/051/SRR27747551/SRR27747551_1.fastq.gz;ftp.sra.ebi.ac.uk/vol1/fastq/SRR277/051/SRR27747551/SRR27747551_2.fastq.gz	8d8a2efc9b0cd980de24e1cac732555d;62e9a0619fa94ff957427c25e925d93a	672722427;667678821				Homo sapiens	9606.0	RNA-Seq	TRANSCRIPTOMIC	cDNA	PAIRED	SAMN39624262	PRJNA1069754
Tumor	no	no	no	no	unknown	unknown	SRR27747553	PRJNA1069754	SRP486182	SAMN39624264	SRS20268240	SRX23412918	SRA1792499	9606.0	Homo sapiens	ILLUMINA	Illumina HiSeq 2500	GSM8037855	RNA-Seq	TRANSCRIPTOMIC	cDNA	PAIRED	20508356	6152506800	2024-03-19	2024-03-19		Inflammatory pathways confer resistance to chemoradiotherapy in anal squamous cell carcinoma	Illumina HiSeq 2500 sequencing: GSM8037855: cCR.ASCC_80 Homo sapiens RNA-Seq	cCR.ASCC_80	cCR.ASCC_80	missing	ftp.sra.ebi.ac.uk/vol1/fastq/SRR277/053/SRR27747553/SRR27747553_1.fastq.gz;ftp.sra.ebi.ac.uk/vol1/fastq/SRR277/053/SRR27747553/SRR27747553_2.fastq.gz	f3b76a6a670acbd512f8e859ede975a2;edfd87b00f0836c6cad6766686fef001	820013906;847234750				Homo sapiens	9606.0	RNA-Seq	TRANSCRIPTOMIC	cDNA	PAIRED	SAMN39624264	PRJNA1069754
Tumor	no	no	no	no	unknown	unknown	SRR27747556	PRJNA1069754	SRP486182	SAMN39624267	SRS20268235	SRX23412915	SRA1792499	9606.0	Homo sapiens	ILLUMINA	Illumina HiSeq 2500	GSM8037852	RNA-Seq	TRANSCRIPTOMIC	cDNA	PAIRED	21190525	6357157500	2024-03-19	2024-03-19		Inflammatory pathways confer resistance to chemoradiotherapy in anal squamous cell carcinoma	Illumina HiSeq 2500 sequencing: GSM8037852: cCR.ASCC_77 Homo sapiens RNA-Seq	cCR.ASCC_77	cCR.ASCC_77	missing	ftp.sra.ebi.ac.uk/vol1/fastq/SRR277/056/SRR27747556/SRR27747556_1.fastq.gz;ftp.sra.ebi.ac.uk/vol1/fastq/SRR277/056/SRR27747556/SRR27747556_2.fastq.gz	539978a04d8b6b8ee98da3c710b98bd6;8fd52fe916cb2d5afbcb60a304989549	908559170;924105251				Homo sapiens	9606.0	RNA-Seq	TRANSCRIPTOMIC	cDNA	PAIRED	SAMN39624267	PRJNA1069754
Tumor	no	no	no	no	unknown	unknown	SRR27747560	PRJNA1069754	SRP486182	SAMN39624271	SRS20268231	SRX23412911	SRA1792499	9606.0	Homo sapiens	ILLUMINA	Illumina HiSeq 2500	GSM8037848	RNA-Seq	TRANSCRIPTOMIC	cDNA	PAIRED	31956325	9586897500	2024-03-19	2024-03-19		Inflammatory pathways confer resistance to chemoradiotherapy in anal squamous cell carcinoma	Illumina HiSeq 2500 sequencing: GSM8037848: cCR.ASCC_7 Homo sapiens RNA-Seq	cCR.ASCC_7	cCR.ASCC_7	missing	ftp.sra.ebi.ac.uk/vol1/fastq/SRR277/060/SRR27747560/SRR27747560_1.fastq.gz;ftp.sra.ebi.ac.uk/vol1/fastq/SRR277/060/SRR27747560/SRR27747560_2.fastq.gz	0e49689b22a7e85099513dac01eb7d1b;ea8af9dbea35d6974aaa4a8e5d83e78a	1692118306;1703665467				Homo sapiens	9606.0	RNA-Seq	TRANSCRIPTOMIC	cDNA	PAIRED	SAMN39624271	PRJNA1069754
Tumor	no	no	no	no	unknown	unknown	SRR27747562	PRJNA1069754	SRP486182	SAMN39624273	SRS20268236	SRX23412909	SRA1792499	9606.0	Homo sapiens	ILLUMINA	Illumina HiSeq 2500	GSM8037846	RNA-Seq	TRANSCRIPTOMIC	cDNA	PAIRED	19368063	5810418900	2024-03-19	2024-03-19		Inflammatory pathways confer resistance to chemoradiotherapy in anal squamous cell carcinoma	Illumina HiSeq 2500 sequencing: GSM8037846: cCR.ASCC_68 Homo sapiens RNA-Seq	cCR.ASCC_68	cCR.ASCC_68	missing	ftp.sra.ebi.ac.uk/vol1/fastq/SRR277/062/SRR27747562/SRR27747562_1.fastq.gz;ftp.sra.ebi.ac.uk/vol1/fastq/SRR277/062/SRR27747562/SRR27747562_2.fastq.gz	9f1386482201ff6220d5b485c2c94593;ca5acca534ad2983e9393ea154982fbf	888564316;895048723				Homo sapiens	9606.0	RNA-Seq	TRANSCRIPTOMIC	cDNA	PAIRED	SAMN39624273	PRJNA1069754
Tumor	no	no	no	no	unknown	unknown	SRR27747563	PRJNA1069754	SRP486182	SAMN39624274	SRS20268233	SRX23412908	SRA1792499	9606.0	Homo sapiens	ILLUMINA	Illumina HiSeq 2500	GSM8037845	RNA-Seq	TRANSCRIPTOMIC	cDNA	PAIRED	21291867	6387560100	2024-03-19	2024-03-19		Inflammatory pathways confer resistance to chemoradiotherapy in anal squamous cell carcinoma	Illumina HiSeq 2500 sequencing: GSM8037845: cCR.ASCC_67 Homo sapiens RNA-Seq	cCR.ASCC_67	cCR.ASCC_67	missing	ftp.sra.ebi.ac.uk/vol1/fastq/SRR277/063/SRR27747563/SRR27747563_1.fastq.gz;ftp.sra.ebi.ac.uk/vol1/fastq/SRR277/063/SRR27747563/SRR27747563_2.fastq.gz	0ecd58ede21726a1ea14ccfb6994579f;9419196c8567f846021d578887f2b5b2	1003782800;1002248541				Homo sapiens	9606.0	RNA-Seq	TRANSCRIPTOMIC	cDNA	PAIRED	SAMN39624274	PRJNA1069754
Tumor	no	no	no	no	unknown	unknown	SRR27747565	PRJNA1069754	SRP486182	SAMN39624276	SRS20268227	SRX23412906	SRA1792499	9606.0	Homo sapiens	ILLUMINA	Illumina HiSeq 2500	GSM8037843	RNA-Seq	TRANSCRIPTOMIC	cDNA	PAIRED	23490278	7047083400	2024-03-19	2024-03-19		Inflammatory pathways confer resistance to chemoradiotherapy in anal squamous cell carcinoma	Illumina HiSeq 2500 sequencing: GSM8037843: cCR.ASCC_64 Homo sapiens RNA-Seq	cCR.ASCC_64	cCR.ASCC_64	missing	ftp.sra.ebi.ac.uk/vol1/fastq/SRR277/065/SRR27747565/SRR27747565_1.fastq.gz;ftp.sra.ebi.ac.uk/vol1/fastq/SRR277/065/SRR27747565/SRR27747565_2.fastq.gz	90ae6e84134be4b212c6f4629244c0d8;62b3b67fb5e89ffc97070e0d83658e74	1162416503;1177712546											
Tumor	no	no	no	no	unknown	unknown	SRR27747566	PRJNA1069754	SRP486182	SAMN39624277	SRS20268226	SRX23412905	SRA1792499	9606.0	Homo sapiens	ILLUMINA	Illumina HiSeq 2500	GSM8037842	RNA-Seq	TRANSCRIPTOMIC	cDNA	PAIRED	22220421	6666126300	2024-03-19	2024-03-19		Inflammatory pathways confer resistance to chemoradiotherapy in anal squamous cell carcinoma	Illumina HiSeq 2500 sequencing: GSM8037842: cCR.ASCC_63 Homo sapiens RNA-Seq	cCR.ASCC_63	cCR.ASCC_63	missing	ftp.sra.ebi.ac.uk/vol1/fastq/SRR277/066/SRR27747566/SRR27747566_1.fastq.gz;ftp.sra.ebi.ac.uk/vol1/fastq/SRR277/066/SRR27747566/SRR27747566_2.fastq.gz	4099d2f7ec33f5832851f2f374099ab0;4f01400cb546bc4b01523fcfb1f42f5c	863133499;926995607											
Tumor	no	no	no	no	unknown	unknown	SRR27747572	PRJNA1069754	SRP486182	SAMN39624283	SRS20268221	SRX23412899	SRA1792499	9606.0	Homo sapiens	ILLUMINA	Illumina HiSeq 2500	GSM8037836	RNA-Seq	TRANSCRIPTOMIC	cDNA	PAIRED	19269608	5780882400	2024-03-19	2024-03-19		Inflammatory pathways confer resistance to chemoradiotherapy in anal squamous cell carcinoma	Illumina HiSeq 2500 sequencing: GSM8037836: cCR.ASCC_56 Homo sapiens RNA-Seq	cCR.ASCC_56	cCR.ASCC_56	missing	ftp.sra.ebi.ac.uk/vol1/fastq/SRR277/072/SRR27747572/SRR27747572_1.fastq.gz;ftp.sra.ebi.ac.uk/vol1/fastq/SRR277/072/SRR27747572/SRR27747572_2.fastq.gz	414aabfa85756b2a3563533b56e99976;9de7ec65e0490120bb54e3b20709af2f	943401032;949443989											
Tumor	no	no	no	no	unknown	unknown	SRR27747579	PRJNA1069754	SRP486182	SAMN39624290	SRS20268215	SRX23412892	SRA1792499	9606.0	Homo sapiens	ILLUMINA	Illumina HiSeq 2500	GSM8037829	RNA-Seq	TRANSCRIPTOMIC	cDNA	PAIRED	28881305	8664391500	2024-03-19	2024-03-19		Inflammatory pathways confer resistance to chemoradiotherapy in anal squamous cell carcinoma	Illumina HiSeq 2500 sequencing: GSM8037829: cCR.ASCC_49 Homo sapiens RNA-Seq	cCR.ASCC_49	cCR.ASCC_49	missing	ftp.sra.ebi.ac.uk/vol1/fastq/SRR277/079/SRR27747579/SRR27747579_1.fastq.gz;ftp.sra.ebi.ac.uk/vol1/fastq/SRR277/079/SRR27747579/SRR27747579_2.fastq.gz	391f8d1683dca6b08ce51858ba243be7;12128fe0a9633ebc4182539ed3d668fc	1303025774;1319470093											
Tumor	no	no	no	no	unknown	unknown	SRR27747582	PRJNA1069754	SRP486182	SAMN39624293	SRS20268211	SRX23412889	SRA1792499	9606.0	Homo sapiens	ILLUMINA	Illumina HiSeq 2500	GSM8037826	RNA-Seq	TRANSCRIPTOMIC	cDNA	PAIRED	26909718	8072915400	2024-03-19	2024-03-19		Inflammatory pathways confer resistance to chemoradiotherapy in anal squamous cell carcinoma	Illumina HiSeq 2500 sequencing: GSM8037826: cCR.ASCC_44 Homo sapiens RNA-Seq	cCR.ASCC_44	cCR.ASCC_44	missing	ftp.sra.ebi.ac.uk/vol1/fastq/SRR277/082/SRR27747582/SRR27747582_1.fastq.gz;ftp.sra.ebi.ac.uk/vol1/fastq/SRR277/082/SRR27747582/SRR27747582_2.fastq.gz	b40c5c672ccf6eca443c3b67b7f1a94f;57a519557595c0f6a0f633744a366b92	1324783437;1331863151											
Tumor	no	no	no	no	unknown	unknown	SRR27747586	PRJNA1069754	SRP486182	SAMN39624297	SRS20268206	SRX23412885	SRA1792499	9606.0	Homo sapiens	ILLUMINA	Illumina HiSeq 2500	GSM8037822	RNA-Seq	TRANSCRIPTOMIC	cDNA	PAIRED	19472970	5841891000	2024-03-19	2024-03-19		Inflammatory pathways confer resistance to chemoradiotherapy in anal squamous cell carcinoma	Illumina HiSeq 2500 sequencing: GSM8037822: cCR.ASCC_36 Homo sapiens RNA-Seq	cCR.ASCC_36	cCR.ASCC_36	missing	ftp.sra.ebi.ac.uk/vol1/fastq/SRR277/086/SRR27747586/SRR27747586_1.fastq.gz;ftp.sra.ebi.ac.uk/vol1/fastq/SRR277/086/SRR27747586/SRR27747586_2.fastq.gz	8afaa4bbfde401b7169e8cda9c4b9366;b984364086ba32562aeb0c52ba586735	943629526;942731118				Homo sapiens	9606.0	RNA-Seq	TRANSCRIPTOMIC	cDNA	PAIRED	SAMN39624297	PRJNA1069754
Tumor	no	no	no	no	unknown	unknown	SRR27747589	PRJNA1069754	SRP486182	SAMN39624300	SRS20268205	SRX23412882	SRA1792499	9606.0	Homo sapiens	ILLUMINA	Illumina HiSeq 2500	GSM8037819	RNA-Seq	TRANSCRIPTOMIC	cDNA	PAIRED	24000842	7200252600	2024-03-19	2024-03-19		Inflammatory pathways confer resistance to chemoradiotherapy in anal squamous cell carcinoma	Illumina HiSeq 2500 sequencing: GSM8037819: cCR.ASCC_32 Homo sapiens RNA-Seq	cCR.ASCC_32	cCR.ASCC_32	missing	ftp.sra.ebi.ac.uk/vol1/fastq/SRR277/089/SRR27747589/SRR27747589_1.fastq.gz;ftp.sra.ebi.ac.uk/vol1/fastq/SRR277/089/SRR27747589/SRR27747589_2.fastq.gz	09175cdf999b24536bbb250268b2bc61;7617a96f728f5e866fe0e8e7bc351b73	1269843189;1274659447				Homo sapiens	9606.0	RNA-Seq	TRANSCRIPTOMIC	cDNA	PAIRED	SAMN39624300	PRJNA1069754
Tumor	no	no	no	no	unknown	unknown	SRR27747591	PRJNA1069754	SRP486182	SAMN39624231	SRS20268200	SRX23412880	SRA1792499	9606.0	Homo sapiens	ILLUMINA	Illumina HiSeq 2500	GSM8037888	RNA-Seq	TRANSCRIPTOMIC	cDNA	PAIRED	29019968	8705990400	2024-03-19	2024-03-19		Inflammatory pathways confer resistance to chemoradiotherapy in anal squamous cell carcinoma	Illumina HiSeq 2500 sequencing: GSM8037888: PD.ASCC_7 Homo sapiens RNA-Seq	PD.ASCC_7	PD.ASCC_7	missing	ftp.sra.ebi.ac.uk/vol1/fastq/SRR277/091/SRR27747591/SRR27747591_1.fastq.gz;ftp.sra.ebi.ac.uk/vol1/fastq/SRR277/091/SRR27747591/SRR27747591_2.fastq.gz	2d7648089bee1e5f78040c0dfcc96b8c;38bedce2bbe2ae88c549bb93a79f7f8d	1544723546;1561447156				Homo sapiens	9606.0	RNA-Seq	TRANSCRIPTOMIC	cDNA	PAIRED	SAMN39624231	PRJNA1069754
Tumor	no	no	no	no	unknown	unknown	SRR27747596	PRJNA1069754	SRP486182	SAMN39624236	SRS20268196	SRX23412875	SRA1792499	9606.0	Homo sapiens	ILLUMINA	Illumina HiSeq 2500	GSM8037883	RNA-Seq	TRANSCRIPTOMIC	cDNA	PAIRED	23212420	6963726000	2024-03-19	2024-03-19		Inflammatory pathways confer resistance to chemoradiotherapy in anal squamous cell carcinoma	Illumina HiSeq 2500 sequencing: GSM8037883: PD.ASCC_40 Homo sapiens RNA-Seq	PD.ASCC_40	PD.ASCC_40	missing	ftp.sra.ebi.ac.uk/vol1/fastq/SRR277/096/SRR27747596/SRR27747596_1.fastq.gz;ftp.sra.ebi.ac.uk/vol1/fastq/SRR277/096/SRR27747596/SRR27747596_2.fastq.gz	a0ae32cf7975d47fa592a7a43fd9bc2a;f8cfdc7196b7c0a40160fe69c8f2700e	1113212832;1134280820				Homo sapiens	9606.0	RNA-Seq	TRANSCRIPTOMIC	cDNA	PAIRED	SAMN39624236	PRJNA1069754
Tumor	no	no	no	no	unknown	unknown	SRR27747597	PRJNA1069754	SRP486182	SAMN39624237	SRS20268195	SRX23412874	SRA1792499	9606.0	Homo sapiens	ILLUMINA	Illumina HiSeq 2500	GSM8037882	RNA-Seq	TRANSCRIPTOMIC	cDNA	PAIRED	19188874	5756662200	2024-03-19	2024-03-19		Inflammatory pathways confer resistance to chemoradiotherapy in anal squamous cell carcinoma	Illumina HiSeq 2500 sequencing: GSM8037882: PD.ASCC_35 Homo sapiens RNA-Seq	PD.ASCC_35	PD.ASCC_35	missing	ftp.sra.ebi.ac.uk/vol1/fastq/SRR277/097/SRR27747597/SRR27747597_1.fastq.gz;ftp.sra.ebi.ac.uk/vol1/fastq/SRR277/097/SRR27747597/SRR27747597_2.fastq.gz	c6beabf9b30076404aaf7c97a5572f48;b6eea5dc63d26db7910bf648cce22f15	913556383;925463444											
Tumor	no	no	no	no	unknown	unknown	SRR27747598	PRJNA1069754	SRP486182	SAMN39624238	SRS20268192	SRX23412873	SRA1792499	9606.0	Homo sapiens	ILLUMINA	Illumina HiSeq 2500	GSM8037881	RNA-Seq	TRANSCRIPTOMIC	cDNA	PAIRED	18538614	5561584200	2024-03-19	2024-03-19		Inflammatory pathways confer resistance to chemoradiotherapy in anal squamous cell carcinoma	Illumina HiSeq 2500 sequencing: GSM8037881: PD.ASCC_34 Homo sapiens RNA-Seq	PD.ASCC_34	PD.ASCC_34	missing	ftp.sra.ebi.ac.uk/vol1/fastq/SRR277/098/SRR27747598/SRR27747598_1.fastq.gz;ftp.sra.ebi.ac.uk/vol1/fastq/SRR277/098/SRR27747598/SRR27747598_2.fastq.gz	a3a33ae4ae4f050fd901f1a2b45e4fc0;2c58774a8e48992cce0d36cfd6a93f54	869958439;896827212											
Tumor	no	no	no	no	unknown	unknown	SRR27747600	PRJNA1069754	SRP486182	SAMN39624240	SRS20268194	SRX23412871	SRA1792499	9606.0	Homo sapiens	ILLUMINA	Illumina HiSeq 2500	GSM8037879	RNA-Seq	TRANSCRIPTOMIC	cDNA	PAIRED	22018914	6605674200	2024-03-19	2024-03-19		Inflammatory pathways confer resistance to chemoradiotherapy in anal squamous cell carcinoma	Illumina HiSeq 2500 sequencing: GSM8037879: PD.ASCC_30 Homo sapiens RNA-Seq	PD.ASCC_30	PD.ASCC_30	missing	ftp.sra.ebi.ac.uk/vol1/fastq/SRR277/000/SRR27747600/SRR27747600_1.fastq.gz;ftp.sra.ebi.ac.uk/vol1/fastq/SRR277/000/SRR27747600/SRR27747600_2.fastq.gz	5d90fb16074928ee42634d3752234148;f081fc6687c1c49ea136fb0762ed0017	1105660924;1114857736				Homo sapiens	9606.0	RNA-Seq	TRANSCRIPTOMIC	cDNA	PAIRED	SAMN39624240	PRJNA1069754
Tumor	no	no	no	no	unknown	unknown	SRR27747602	PRJNA1069754	SRP486182	SAMN39624242	SRS20268190	SRX23412869	SRA1792499	9606.0	Homo sapiens	ILLUMINA	Illumina HiSeq 2500	GSM8037877	RNA-Seq	TRANSCRIPTOMIC	cDNA	PAIRED	21446386	6433915800	2024-03-19	2024-03-19		Inflammatory pathways confer resistance to chemoradiotherapy in anal squamous cell carcinoma	Illumina HiSeq 2500 sequencing: GSM8037877: PD.ASCC_28 Homo sapiens RNA-Seq	PD.ASCC_28	PD.ASCC_28	missing	ftp.sra.ebi.ac.uk/vol1/fastq/SRR277/002/SRR27747602/SRR27747602_1.fastq.gz;ftp.sra.ebi.ac.uk/vol1/fastq/SRR277/002/SRR27747602/SRR27747602_2.fastq.gz	a91d34206d630bcf96cb870d21206866;8ce785308632b2a25a524c5847a0ac21	1050555566;1071928457				Homo sapiens	9606.0	RNA-Seq	TRANSCRIPTOMIC	cDNA	PAIRED	SAMN39624242	PRJNA1069754
Tumor	no	no	no	no	unknown	unknown	SRR27747607	PRJNA1069754	SRP486182	SAMN39624247	SRS20268182	SRX23412864	SRA1792499	9606.0	Homo sapiens	ILLUMINA	Illumina HiSeq 2500	GSM8037872	RNA-Seq	TRANSCRIPTOMIC	cDNA	PAIRED	27795791	8338737300	2024-03-19	2024-03-19		Inflammatory pathways confer resistance to chemoradiotherapy in anal squamous cell carcinoma	Illumina HiSeq 2500 sequencing: GSM8037872: PD.ASCC_18 Homo sapiens RNA-Seq	PD.ASCC_18	PD.ASCC_18	missing	ftp.sra.ebi.ac.uk/vol1/fastq/SRR277/007/SRR27747607/SRR27747607_1.fastq.gz;ftp.sra.ebi.ac.uk/vol1/fastq/SRR277/007/SRR27747607/SRR27747607_2.fastq.gz	02afa9c14d56d18a761e95f2544d4e1e;b73c5f0d52a3129c68095656d651016b	1388412000;1403156833				Homo sapiens	9606.0	RNA-Seq	TRANSCRIPTOMIC	cDNA	PAIRED	SAMN39624247	PRJNA1069754
Tumor	no	no	no	no	unknown	unknown	SRR27747609	PRJNA1069754	SRP486182	SAMN39624249	SRS20268181	SRX23412862	SRA1792499	9606.0	Homo sapiens	ILLUMINA	Illumina HiSeq 2500	GSM8037870	RNA-Seq	TRANSCRIPTOMIC	cDNA	PAIRED	22696585	6808975500	2024-03-19	2024-03-19		Inflammatory pathways confer resistance to chemoradiotherapy in anal squamous cell carcinoma	Illumina HiSeq 2500 sequencing: GSM8037870: PD.ASCC_11 Homo sapiens RNA-Seq	PD.ASCC_11	PD.ASCC_11	missing	ftp.sra.ebi.ac.uk/vol1/fastq/SRR277/009/SRR27747609/SRR27747609_1.fastq.gz;ftp.sra.ebi.ac.uk/vol1/fastq/SRR277/009/SRR27747609/SRR27747609_2.fastq.gz	1f79ff4817cfb12b729b3ca213d81a49;a20acbae796a9b6ac9c46a41a862052f	1132651825;1124640912				Homo sapiens	9606.0	RNA-Seq	TRANSCRIPTOMIC	cDNA	PAIRED	SAMN39624249	PRJNA1069754
Tumor	no	no	no	no	unknown	unknown	SRR27747610	PRJNA1069754	SRP486182	SAMN39624250	SRS20268180	SRX23412861	SRA1792499	9606.0	Homo sapiens	ILLUMINA	Illumina HiSeq 2500	GSM8037869	RNA-Seq	TRANSCRIPTOMIC	cDNA	PAIRED	17589491	5276847300	2024-03-19	2024-03-19		Inflammatory pathways confer resistance to chemoradiotherapy in anal squamous cell carcinoma	Illumina HiSeq 2500 sequencing: GSM8037869: cCR.ASCC_99 Homo sapiens RNA-Seq	cCR.ASCC_99	cCR.ASCC_99	missing	ftp.sra.ebi.ac.uk/vol1/fastq/SRR277/010/SRR27747610/SRR27747610_1.fastq.gz;ftp.sra.ebi.ac.uk/vol1/fastq/SRR277/010/SRR27747610/SRR27747610_2.fastq.gz	1426b0ec4099ce6d1bbc9d6a31541ec4;ccacfa53f89c2844a752439992ab2f56	884595533;886819147											
Tumor	no	no	no	no	unknown	unknown	SRR27747621	PRJNA1069754	SRP486182	SAMN39624309	SRS20268171	SRX23412850	SRA1792499	9606.0	Homo sapiens	ILLUMINA	Illumina HiSeq 2500	GSM8037810	RNA-Seq	TRANSCRIPTOMIC	cDNA	PAIRED	32189746	9656923800	2024-03-19	2024-03-19		Inflammatory pathways confer resistance to chemoradiotherapy in anal squamous cell carcinoma	Illumina HiSeq 2500 sequencing: GSM8037810: cCR.ASCC_21 Homo sapiens RNA-Seq	cCR.ASCC_21	cCR.ASCC_21	missing	ftp.sra.ebi.ac.uk/vol1/fastq/SRR277/021/SRR27747621/SRR27747621_1.fastq.gz;ftp.sra.ebi.ac.uk/vol1/fastq/SRR277/021/SRR27747621/SRR27747621_2.fastq.gz	5040d91dd1d8b9a183e4f9201ac0672c;deb085cd2857f9e986cec7898cbe3d78	1549016334;1572941602											
Tumor	no	no	no	no	unknown	unknown	SRR27747623	PRJNA1069754	SRP486182	SAMN39624311	SRS20268169	SRX23412848	SRA1792499	9606.0	Homo sapiens	ILLUMINA	Illumina HiSeq 2500	GSM8037808	RNA-Seq	TRANSCRIPTOMIC	cDNA	PAIRED	19307195	5792158500	2024-03-19	2024-03-19		Inflammatory pathways confer resistance to chemoradiotherapy in anal squamous cell carcinoma	Illumina HiSeq 2500 sequencing: GSM8037808: cCR.ASCC_2 Homo sapiens RNA-Seq	cCR.ASCC_2	cCR.ASCC_2	missing	ftp.sra.ebi.ac.uk/vol1/fastq/SRR277/023/SRR27747623/SRR27747623_1.fastq.gz;ftp.sra.ebi.ac.uk/vol1/fastq/SRR277/023/SRR27747623/SRR27747623_2.fastq.gz	4e7a4b8b183bb4ecac7e76e55c8e60c5;710f0b05ea48d2ce62407a846f33c841	1022216126;1033746916				Homo sapiens	9606.0	RNA-Seq	TRANSCRIPTOMIC	cDNA	PAIRED	SAMN39624311	PRJNA1069754
Tumor	no	no	no	no	unknown	unknown	SRR27747625	PRJNA1069754	SRP486182	SAMN39624313	SRS20268168	SRX23412846	SRA1792499	9606.0	Homo sapiens	ILLUMINA	Illumina HiSeq 2500	GSM8037806	RNA-Seq	TRANSCRIPTOMIC	cDNA	PAIRED	27586667	8276000100	2024-03-19	2024-03-19		Inflammatory pathways confer resistance to chemoradiotherapy in anal squamous cell carcinoma	Illumina HiSeq 2500 sequencing: GSM8037806: cCR.ASCC_19 Homo sapiens RNA-Seq	cCR.ASCC_19	cCR.ASCC_19	missing	ftp.sra.ebi.ac.uk/vol1/fastq/SRR277/025/SRR27747625/SRR27747625_1.fastq.gz;ftp.sra.ebi.ac.uk/vol1/fastq/SRR277/025/SRR27747625/SRR27747625_2.fastq.gz	c6c846bc258fae133519f0fad8f451fc;4c09689348d28411df8fcf56f464369b	1095154674;1124678221				Homo sapiens	9606.0	RNA-Seq	TRANSCRIPTOMIC	cDNA	PAIRED	SAMN39624313	PRJNA1069754
Tumor	no	no	no	no	unknown	unknown	SRR27747626	PRJNA1069754	SRP486182	SAMN39624314	SRS20268166	SRX23412845	SRA1792499	9606.0	Homo sapiens	ILLUMINA	Illumina HiSeq 2500	GSM8037805	RNA-Seq	TRANSCRIPTOMIC	cDNA	PAIRED	27625559	8287667700	2024-03-19	2024-03-19		Inflammatory pathways confer resistance to chemoradiotherapy in anal squamous cell carcinoma	Illumina HiSeq 2500 sequencing: GSM8037805: cCR.ASCC_18 Homo sapiens RNA-Seq	cCR.ASCC_18	cCR.ASCC_18	missing	ftp.sra.ebi.ac.uk/vol1/fastq/SRR277/026/SRR27747626/SRR27747626_1.fastq.gz;ftp.sra.ebi.ac.uk/vol1/fastq/SRR277/026/SRR27747626/SRR27747626_2.fastq.gz	b27e9ef5ee29379ed57c086e283abd5b;d6a387981fc18acdb6a479d9dd286b7e	1458146834;1471380891				Homo sapiens	9606.0	RNA-Seq	TRANSCRIPTOMIC	cDNA	PAIRED	SAMN39624314	PRJNA1069754
Tumor	no	no	no	no	unknown	unknown	SRR27747630	PRJNA1069754	SRP486182	SAMN39624318	SRS20268161	SRX23412841	SRA1792499	9606.0	Homo sapiens	ILLUMINA	Illumina HiSeq 2500	GSM8037801	RNA-Seq	TRANSCRIPTOMIC	cDNA	PAIRED	36388907	10916672100	2024-03-19	2024-03-19		Inflammatory pathways confer resistance to chemoradiotherapy in anal squamous cell carcinoma	Illumina HiSeq 2500 sequencing: GSM8037801: cCR.ASCC_14 Homo sapiens RNA-Seq	cCR.ASCC_14	cCR.ASCC_14	missing	ftp.sra.ebi.ac.uk/vol1/fastq/SRR277/030/SRR27747630/SRR27747630_1.fastq.gz;ftp.sra.ebi.ac.uk/vol1/fastq/SRR277/030/SRR27747630/SRR27747630_2.fastq.gz	581ce7cc45ce19012f69fe008012249e;300cdb04e59eea61f1af080d5fd4fa6b	1968217081;1986207502				Homo sapiens	9606.0	RNA-Seq	TRANSCRIPTOMIC	cDNA	PAIRED	SAMN39624318	PRJNA1069754
Tumor	no	no	no	no	unknown	unknown	SRR27747634	PRJNA1069754	SRP486182	SAMN39624322	SRS20268158	SRX23412837	SRA1792499	9606.0	Homo sapiens	ILLUMINA	Illumina HiSeq 2500	GSM8037797	RNA-Seq	TRANSCRIPTOMIC	cDNA	PAIRED	22527362	6758208600	2024-03-19	2024-03-19		Inflammatory pathways confer resistance to chemoradiotherapy in anal squamous cell carcinoma	Illumina HiSeq 2500 sequencing: GSM8037797: cCR.ASCC_105 Homo sapiens RNA-Seq	cCR.ASCC_105	cCR.ASCC_105	missing	ftp.sra.ebi.ac.uk/vol1/fastq/SRR277/034/SRR27747634/SRR27747634_1.fastq.gz;ftp.sra.ebi.ac.uk/vol1/fastq/SRR277/034/SRR27747634/SRR27747634_2.fastq.gz	544306d47deed027be43d1d68afdf3b3;98a2d8f68ce7ede57215250417f54c49	1129681524;1130940677				Homo sapiens	9606.0	RNA-Seq	TRANSCRIPTOMIC	cDNA	PAIRED	SAMN39624322	PRJNA1069754
Tumor	no	no	no	no	unknown	unknown	SRR27747635	PRJNA1069754	SRP486182	SAMN39624323	SRS20268157	SRX23412836	SRA1792499	9606.0	Homo sapiens	ILLUMINA	Illumina HiSeq 2500	GSM8037796	RNA-Seq	TRANSCRIPTOMIC	cDNA	PAIRED	22182949	6654884700	2024-03-19	2024-03-19		Inflammatory pathways confer resistance to chemoradiotherapy in anal squamous cell carcinoma	Illumina HiSeq 2500 sequencing: GSM8037796: cCR.ASCC_103 Homo sapiens RNA-Seq	cCR.ASCC_103	cCR.ASCC_103	missing	ftp.sra.ebi.ac.uk/vol1/fastq/SRR277/035/SRR27747635/SRR27747635_1.fastq.gz;ftp.sra.ebi.ac.uk/vol1/fastq/SRR277/035/SRR27747635/SRR27747635_2.fastq.gz	b5638752d77c2a58b501ac0f077083ce;cd20cf516a0b852e95b2c12af4c2bb7a	1069711195;1080162420				Homo sapiens	9606.0	RNA-Seq	TRANSCRIPTOMIC	cDNA	PAIRED	SAMN39624323	PRJNA1069754
Tumor	no	no	no	no	unknown	unknown	SRR27747543	PRJNA1069754	SRP486182	SAMN39624254	SRS20268249	SRX23412928	SRA1792499	9606.0	Homo sapiens	ILLUMINA	Illumina HiSeq 2500	GSM8037865	RNA-Seq	TRANSCRIPTOMIC	cDNA	PAIRED	23286989	6986096700	2024-03-19	2024-03-19		Inflammatory pathways confer resistance to chemoradiotherapy in anal squamous cell carcinoma	Illumina HiSeq 2500 sequencing: GSM8037865: cCR.ASCC_93 Homo sapiens RNA-Seq	cCR.ASCC_93	cCR.ASCC_93	missing	ftp.sra.ebi.ac.uk/vol1/fastq/SRR277/043/SRR27747543/SRR27747543_1.fastq.gz;ftp.sra.ebi.ac.uk/vol1/fastq/SRR277/043/SRR27747543/SRR27747543_2.fastq.gz	de7c306b344e730dd5dc565c5235a7c3;60f834f87af7ad1760d74dae0219d4cc	970010339;966562318				Homo sapiens	9606.0	RNA-Seq	TRANSCRIPTOMIC	cDNA	PAIRED	SAMN39624254	PRJNA1069754
Tumor	no	no	no	no	unknown	unknown	SRR27747544	PRJNA1069754	SRP486182	SAMN39624255	SRS20268248	SRX23412927	SRA1792499	9606.0	Homo sapiens	ILLUMINA	Illumina HiSeq 2500	GSM8037864	RNA-Seq	TRANSCRIPTOMIC	cDNA	PAIRED	20530299	6159089700	2024-03-19	2024-03-19		Inflammatory pathways confer resistance to chemoradiotherapy in anal squamous cell carcinoma	Illumina HiSeq 2500 sequencing: GSM8037864: cCR.ASCC_91 Homo sapiens RNA-Seq	cCR.ASCC_91	cCR.ASCC_91	missing	ftp.sra.ebi.ac.uk/vol1/fastq/SRR277/044/SRR27747544/SRR27747544_1.fastq.gz;ftp.sra.ebi.ac.uk/vol1/fastq/SRR277/044/SRR27747544/SRR27747544_2.fastq.gz	fc7f9f64129d6f96f18b3a62be307b90;37b6c51935471953a1bc741bb6935988	1024870477;1013011651				Homo sapiens	9606.0	RNA-Seq	TRANSCRIPTOMIC	cDNA	PAIRED	SAMN39624255	PRJNA1069754
Tumor	no	no	no	no	unknown	unknown	SRR27747547	PRJNA1069754	SRP486182	SAMN39624258	SRS20268244	SRX23412924	SRA1792499	9606.0	Homo sapiens	ILLUMINA	Illumina HiSeq 2500	GSM8037861	RNA-Seq	TRANSCRIPTOMIC	cDNA	PAIRED	22924221	6877266300	2024-03-19	2024-03-19		Inflammatory pathways confer resistance to chemoradiotherapy in anal squamous cell carcinoma	Illumina HiSeq 2500 sequencing: GSM8037861: cCR.ASCC_89 Homo sapiens RNA-Seq	cCR.ASCC_89	cCR.ASCC_89	missing	ftp.sra.ebi.ac.uk/vol1/fastq/SRR277/047/SRR27747547/SRR27747547_1.fastq.gz;ftp.sra.ebi.ac.uk/vol1/fastq/SRR277/047/SRR27747547/SRR27747547_2.fastq.gz	67e56810d122f9680013051c22920da5;c7c81575c0cb6e5897ac43a8682ff1fc	1163503326;1159418508				Homo sapiens	9606.0	RNA-Seq	TRANSCRIPTOMIC	cDNA	PAIRED	SAMN39624258	PRJNA1069754
Tumor	no	no	no	no	unknown	unknown	SRR27747549	PRJNA1069754	SRP486182	SAMN39624260	SRS20268242	SRX23412922	SRA1792499	9606.0	Homo sapiens	ILLUMINA	Illumina HiSeq 2500	GSM8037859	RNA-Seq	TRANSCRIPTOMIC	cDNA	PAIRED	20030873	6009261900	2024-03-19	2024-03-19		Inflammatory pathways confer resistance to chemoradiotherapy in anal squamous cell carcinoma	Illumina HiSeq 2500 sequencing: GSM8037859: cCR.ASCC_87 Homo sapiens RNA-Seq	cCR.ASCC_87	cCR.ASCC_87	missing	ftp.sra.ebi.ac.uk/vol1/fastq/SRR277/049/SRR27747549/SRR27747549_1.fastq.gz;ftp.sra.ebi.ac.uk/vol1/fastq/SRR277/049/SRR27747549/SRR27747549_2.fastq.gz	36c02b4e57eccfdae949348682356ddc;c5da92e69fe2fc8cbb997b81d07e637e	1004890970;996067762				Homo sapiens	9606.0	RNA-Seq	TRANSCRIPTOMIC	cDNA	PAIRED	SAMN39624260	PRJNA1069754
Tumor	no	no	no	no	unknown	unknown	SRR27747550	PRJNA1069754	SRP486182	SAMN39624261	SRS20268243	SRX23412921	SRA1792499	9606.0	Homo sapiens	ILLUMINA	Illumina HiSeq 2500	GSM8037858	RNA-Seq	TRANSCRIPTOMIC	cDNA	PAIRED	22279879	6683963700	2024-03-19	2024-03-19		Inflammatory pathways confer resistance to chemoradiotherapy in anal squamous cell carcinoma	Illumina HiSeq 2500 sequencing: GSM8037858: cCR.ASCC_86 Homo sapiens RNA-Seq	cCR.ASCC_86	cCR.ASCC_86	missing	ftp.sra.ebi.ac.uk/vol1/fastq/SRR277/050/SRR27747550/SRR27747550_1.fastq.gz;ftp.sra.ebi.ac.uk/vol1/fastq/SRR277/050/SRR27747550/SRR27747550_2.fastq.gz	b77b4c0108ec6a17f4b57c7dae1c04df;5b8cf9f55740bc75ddbcfd1a20f9938d	1105436370;1093976938				Homo sapiens	9606.0	RNA-Seq	TRANSCRIPTOMIC	cDNA	PAIRED	SAMN39624261	PRJNA1069754
Tumor	no	no	no	no	unknown	unknown	SRR27747552	PRJNA1069754	SRP486182	SAMN39624263	SRS20268238	SRX23412919	SRA1792499	9606.0	Homo sapiens	ILLUMINA	Illumina HiSeq 2500	GSM8037856	RNA-Seq	TRANSCRIPTOMIC	cDNA	PAIRED	20220682	6066204600	2024-03-19	2024-03-19		Inflammatory pathways confer resistance to chemoradiotherapy in anal squamous cell carcinoma	Illumina HiSeq 2500 sequencing: GSM8037856: cCR.ASCC_84 Homo sapiens RNA-Seq	cCR.ASCC_84	cCR.ASCC_84	missing	ftp.sra.ebi.ac.uk/vol1/fastq/SRR277/052/SRR27747552/SRR27747552_1.fastq.gz;ftp.sra.ebi.ac.uk/vol1/fastq/SRR277/052/SRR27747552/SRR27747552_2.fastq.gz	3b6922f9986a969ae4bcbee1a9a19951;39f010bbc98a0eb7bc9824d89fbdfbc9	1032733341;1028316428				Homo sapiens	9606.0	RNA-Seq	TRANSCRIPTOMIC	cDNA	PAIRED	SAMN39624263	PRJNA1069754
Tumor	no	no	no	no	unknown	unknown	SRR27747554	PRJNA1069754	SRP486182	SAMN39624265	SRS20268241	SRX23412917	SRA1792499	9606.0	Homo sapiens	ILLUMINA	Illumina HiSeq 2500	GSM8037854	RNA-Seq	TRANSCRIPTOMIC	cDNA	PAIRED	22804173	6841251900	2024-03-19	2024-03-19		Inflammatory pathways confer resistance to chemoradiotherapy in anal squamous cell carcinoma	Illumina HiSeq 2500 sequencing: GSM8037854: cCR.ASCC_8 Homo sapiens RNA-Seq	cCR.ASCC_8	cCR.ASCC_8	missing	ftp.sra.ebi.ac.uk/vol1/fastq/SRR277/054/SRR27747554/SRR27747554_1.fastq.gz;ftp.sra.ebi.ac.uk/vol1/fastq/SRR277/054/SRR27747554/SRR27747554_2.fastq.gz	66c7e03280d9dfd4bae0b60720a04642;1bf55404eddae5664ee0e82eca8e14ae	1144314910;1161641842				Homo sapiens	9606.0	RNA-Seq	TRANSCRIPTOMIC	cDNA	PAIRED	SAMN39624265	PRJNA1069754
Tumor	no	no	no	no	unknown	unknown	SRR27747559	PRJNA1069754	SRP486182	SAMN39624270	SRS20268230	SRX23412912	SRA1792499	9606.0	Homo sapiens	ILLUMINA	Illumina HiSeq 2500	GSM8037849	RNA-Seq	TRANSCRIPTOMIC	cDNA	PAIRED	22951604	6885481200	2024-03-19	2024-03-19		Inflammatory pathways confer resistance to chemoradiotherapy in anal squamous cell carcinoma	Illumina HiSeq 2500 sequencing: GSM8037849: cCR.ASCC_70 Homo sapiens RNA-Seq	cCR.ASCC_70	cCR.ASCC_70	missing	ftp.sra.ebi.ac.uk/vol1/fastq/SRR277/059/SRR27747559/SRR27747559_1.fastq.gz;ftp.sra.ebi.ac.uk/vol1/fastq/SRR277/059/SRR27747559/SRR27747559_2.fastq.gz	c1daacd9c3211627412bd2e91d852b87;79f2dd53cd1531b9762d5836dfc894e2	987328414;1000855578				Homo sapiens	9606.0	RNA-Seq	TRANSCRIPTOMIC	cDNA	PAIRED	SAMN39624270	PRJNA1069754
Tumor	no	no	no	no	unknown	unknown	SRR27747564	PRJNA1069754	SRP486182	SAMN39624275	SRS20268228	SRX23412907	SRA1792499	9606.0	Homo sapiens	ILLUMINA	Illumina HiSeq 2500	GSM8037844	RNA-Seq	TRANSCRIPTOMIC	cDNA	PAIRED	19947963	5984388900	2024-03-19	2024-03-19		Inflammatory pathways confer resistance to chemoradiotherapy in anal squamous cell carcinoma	Illumina HiSeq 2500 sequencing: GSM8037844: cCR.ASCC_66 Homo sapiens RNA-Seq	cCR.ASCC_66	cCR.ASCC_66	missing	ftp.sra.ebi.ac.uk/vol1/fastq/SRR277/064/SRR27747564/SRR27747564_1.fastq.gz;ftp.sra.ebi.ac.uk/vol1/fastq/SRR277/064/SRR27747564/SRR27747564_2.fastq.gz	54e932690132a34e15745aa235bff8e8;be70fe7af2f9efb5de400a48eaaea3c7	840933226;866694096											
Tumor	no	no	no	no	unknown	unknown	SRR27747567	PRJNA1069754	SRP486182	SAMN39624278	SRS20268224	SRX23412904	SRA1792499	9606.0	Homo sapiens	ILLUMINA	Illumina HiSeq 2500	GSM8037841	RNA-Seq	TRANSCRIPTOMIC	cDNA	PAIRED	19459027	5837708100	2024-03-19	2024-03-19		Inflammatory pathways confer resistance to chemoradiotherapy in anal squamous cell carcinoma	Illumina HiSeq 2500 sequencing: GSM8037841: cCR.ASCC_62 Homo sapiens RNA-Seq	cCR.ASCC_62	cCR.ASCC_62	missing	ftp.sra.ebi.ac.uk/vol1/fastq/SRR277/067/SRR27747567/SRR27747567_1.fastq.gz;ftp.sra.ebi.ac.uk/vol1/fastq/SRR277/067/SRR27747567/SRR27747567_2.fastq.gz	674ec0599b078dc3c290b3cd1b71d209;5a349e3fe8a2c199854753a9497398c2	867314680;878259173											
Tumor	no	no	no	no	unknown	unknown	SRR27747568	PRJNA1069754	SRP486182	SAMN39624279	SRS20268225	SRX23412903	SRA1792499	9606.0	Homo sapiens	ILLUMINA	Illumina HiSeq 2500	GSM8037840	RNA-Seq	TRANSCRIPTOMIC	cDNA	PAIRED	22876050	6862815000	2024-03-19	2024-03-19		Inflammatory pathways confer resistance to chemoradiotherapy in anal squamous cell carcinoma	Illumina HiSeq 2500 sequencing: GSM8037840: cCR.ASCC_61 Homo sapiens RNA-Seq	cCR.ASCC_61	cCR.ASCC_61	missing	ftp.sra.ebi.ac.uk/vol1/fastq/SRR277/068/SRR27747568/SRR27747568_1.fastq.gz;ftp.sra.ebi.ac.uk/vol1/fastq/SRR277/068/SRR27747568/SRR27747568_2.fastq.gz	579740725d51a1174f075a86e15345f3;a3e9f9101575fb8384c90447122dda72	1142588037;1163137257				Homo sapiens	9606.0	RNA-Seq	TRANSCRIPTOMIC	cDNA	PAIRED	SAMN39624279	PRJNA1069754
Tumor	no	no	no	no	unknown	unknown	SRR27747571	PRJNA1069754	SRP486182	SAMN39624282	SRS20268220	SRX23412900	SRA1792499	9606.0	Homo sapiens	ILLUMINA	Illumina HiSeq 2500	GSM8037837	RNA-Seq	TRANSCRIPTOMIC	cDNA	PAIRED	25163256	7548976800	2024-03-19	2024-03-19		Inflammatory pathways confer resistance to chemoradiotherapy in anal squamous cell carcinoma	Illumina HiSeq 2500 sequencing: GSM8037837: cCR.ASCC_59 Homo sapiens RNA-Seq	cCR.ASCC_59	cCR.ASCC_59	missing	ftp.sra.ebi.ac.uk/vol1/fastq/SRR277/071/SRR27747571/SRR27747571_1.fastq.gz;ftp.sra.ebi.ac.uk/vol1/fastq/SRR277/071/SRR27747571/SRR27747571_2.fastq.gz	17ed49718d1df39598b3d7f8dbc1d295;a7f98e126cdebc8e3d0251fbc8f78cde	1212867389;1240334344				Homo sapiens	9606.0	RNA-Seq	TRANSCRIPTOMIC	cDNA	PAIRED	SAMN39624282	PRJNA1069754
Tumor	no	no	no	no	unknown	unknown	SRR27747573	PRJNA1069754	SRP486182	SAMN39624284	SRS20268217	SRX23412898	SRA1792499	9606.0	Homo sapiens	ILLUMINA	Illumina HiSeq 2500	GSM8037835	RNA-Seq	TRANSCRIPTOMIC	cDNA	PAIRED	18419223	5525766900	2024-03-19	2024-03-19		Inflammatory pathways confer resistance to chemoradiotherapy in anal squamous cell carcinoma	Illumina HiSeq 2500 sequencing: GSM8037835: cCR.ASCC_55 Homo sapiens RNA-Seq	cCR.ASCC_55	cCR.ASCC_55	missing	ftp.sra.ebi.ac.uk/vol1/fastq/SRR277/073/SRR27747573/SRR27747573_1.fastq.gz;ftp.sra.ebi.ac.uk/vol1/fastq/SRR277/073/SRR27747573/SRR27747573_2.fastq.gz	4ded3b7e944e20fc2d133a0791aaee03;071d6ee1f6043ed7d59ce9ac454c9a57	896978292;891271950				Homo sapiens	9606.0	RNA-Seq	TRANSCRIPTOMIC	cDNA	PAIRED	SAMN39624284	PRJNA1069754
Tumor	no	no	no	no	unknown	unknown	SRR27747575	PRJNA1069754	SRP486182	SAMN39624286	SRS20268218	SRX23412896	SRA1792499	9606.0	Homo sapiens	ILLUMINA	Illumina HiSeq 2500	GSM8037833	RNA-Seq	TRANSCRIPTOMIC	cDNA	PAIRED	21543323	6462996900	2024-03-19	2024-03-19		Inflammatory pathways confer resistance to chemoradiotherapy in anal squamous cell carcinoma	Illumina HiSeq 2500 sequencing: GSM8037833: cCR.ASCC_53 Homo sapiens RNA-Seq	cCR.ASCC_53	cCR.ASCC_53	missing	ftp.sra.ebi.ac.uk/vol1/fastq/SRR277/075/SRR27747575/SRR27747575_1.fastq.gz;ftp.sra.ebi.ac.uk/vol1/fastq/SRR277/075/SRR27747575/SRR27747575_2.fastq.gz	3aa8ea61f0fab4eb1a8033ecb861a280;a9ab3666cb8dc9f96e9cf368b5b938b5	1098325379;1105311852				Homo sapiens	9606.0	RNA-Seq	TRANSCRIPTOMIC	cDNA	PAIRED	SAMN39624286	PRJNA1069754
Tumor	no	no	no	no	unknown	unknown	SRR27747576	PRJNA1069754	SRP486182	SAMN39624287	SRS20268214	SRX23412895	SRA1792499	9606.0	Homo sapiens	ILLUMINA	Illumina HiSeq 2500	GSM8037832	RNA-Seq	TRANSCRIPTOMIC	cDNA	PAIRED	19490738	5847221400	2024-03-19	2024-03-19		Inflammatory pathways confer resistance to chemoradiotherapy in anal squamous cell carcinoma	Illumina HiSeq 2500 sequencing: GSM8037832: cCR.ASCC_52 Homo sapiens RNA-Seq	cCR.ASCC_52	cCR.ASCC_52	missing	ftp.sra.ebi.ac.uk/vol1/fastq/SRR277/076/SRR27747576/SRR27747576_1.fastq.gz;ftp.sra.ebi.ac.uk/vol1/fastq/SRR277/076/SRR27747576/SRR27747576_2.fastq.gz	8422c5547f7353d46769a2dae38b146a;19c1077b950040fee5622733481dce11	862105873;856067564				Homo sapiens	9606.0	RNA-Seq	TRANSCRIPTOMIC	cDNA	PAIRED	SAMN39624287	PRJNA1069754
Tumor	no	no	no	no	unknown	unknown	SRR27747577	PRJNA1069754	SRP486182	SAMN39624288	SRS20268216	SRX23412894	SRA1792499	9606.0	Homo sapiens	ILLUMINA	Illumina HiSeq 2500	GSM8037831	RNA-Seq	TRANSCRIPTOMIC	cDNA	PAIRED	25324985	7597495500	2024-03-19	2024-03-19		Inflammatory pathways confer resistance to chemoradiotherapy in anal squamous cell carcinoma	Illumina HiSeq 2500 sequencing: GSM8037831: cCR.ASCC_50 Homo sapiens RNA-Seq	cCR.ASCC_50	cCR.ASCC_50	missing	ftp.sra.ebi.ac.uk/vol1/fastq/SRR277/077/SRR27747577/SRR27747577_1.fastq.gz;ftp.sra.ebi.ac.uk/vol1/fastq/SRR277/077/SRR27747577/SRR27747577_2.fastq.gz	a2d14d2f90f36305f969c6640a6060ef;68153d43f40df01f2a61601c9c7ecd96	1157610320;1182386735											
Tumor	no	no	no	no	unknown	unknown	SRR27747578	PRJNA1069754	SRP486182	SAMN39624289	SRS20268213	SRX23412893	SRA1792499	9606.0	Homo sapiens	ILLUMINA	Illumina HiSeq 2500	GSM8037830	RNA-Seq	TRANSCRIPTOMIC	cDNA	PAIRED	44695044	13408513200	2024-03-19	2024-03-19		Inflammatory pathways confer resistance to chemoradiotherapy in anal squamous cell carcinoma	Illumina HiSeq 2500 sequencing: GSM8037830: cCR.ASCC_5 Homo sapiens RNA-Seq	cCR.ASCC_5	cCR.ASCC_5	missing	ftp.sra.ebi.ac.uk/vol1/fastq/SRR277/078/SRR27747578/SRR27747578_1.fastq.gz;ftp.sra.ebi.ac.uk/vol1/fastq/SRR277/078/SRR27747578/SRR27747578_2.fastq.gz	ba9dfab3f88d0eee42589374b44d1e53;c85c20f8a0968eaf544d80c628b38dec	2238528701;2274701765											
Tumor	no	no	no	no	unknown	unknown	SRR27747580	PRJNA1069754	SRP486182	SAMN39624291	SRS20268212	SRX23412891	SRA1792499	9606.0	Homo sapiens	ILLUMINA	Illumina HiSeq 2500	GSM8037828	RNA-Seq	TRANSCRIPTOMIC	cDNA	PAIRED	26983988	8095196400	2024-03-19	2024-03-19		Inflammatory pathways confer resistance to chemoradiotherapy in anal squamous cell carcinoma	Illumina HiSeq 2500 sequencing: GSM8037828: cCR.ASCC_47 Homo sapiens RNA-Seq	cCR.ASCC_47	cCR.ASCC_47	missing	ftp.sra.ebi.ac.uk/vol1/fastq/SRR277/080/SRR27747580/SRR27747580_1.fastq.gz;ftp.sra.ebi.ac.uk/vol1/fastq/SRR277/080/SRR27747580/SRR27747580_2.fastq.gz	4f4085ee1994a97d0fc9630fb4391c77;dcdd021d72163cd576a6d0d2b261d670	1335890423;1342144973											
Tumor	no	no	no	no	unknown	unknown	SRR27747584	PRJNA1069754	SRP486182	SAMN39624295	SRS20268208	SRX23412887	SRA1792499	9606.0	Homo sapiens	ILLUMINA	Illumina HiSeq 2500	GSM8037824	RNA-Seq	TRANSCRIPTOMIC	cDNA	PAIRED	23054035	6916210500	2024-03-19	2024-03-19		Inflammatory pathways confer resistance to chemoradiotherapy in anal squamous cell carcinoma	Illumina HiSeq 2500 sequencing: GSM8037824: cCR.ASCC_4 Homo sapiens RNA-Seq	cCR.ASCC_4	cCR.ASCC_4	missing	ftp.sra.ebi.ac.uk/vol1/fastq/SRR277/084/SRR27747584/SRR27747584_1.fastq.gz;ftp.sra.ebi.ac.uk/vol1/fastq/SRR277/084/SRR27747584/SRR27747584_2.fastq.gz	108c644a11651319f436a7d4cc48a86a;242a328bdd0adb01a29cf8c7ab1f7ace	982428940;1007094513											
Tumor	no	no	no	no	unknown	unknown	SRR27747588	PRJNA1069754	SRP486182	SAMN39624299	SRS20268203	SRX23412883	SRA1792499	9606.0	Homo sapiens	ILLUMINA	Illumina HiSeq 2500	GSM8037820	RNA-Seq	TRANSCRIPTOMIC	cDNA	PAIRED	26847068	8054120400	2024-03-19	2024-03-19		Inflammatory pathways confer resistance to chemoradiotherapy in anal squamous cell carcinoma	Illumina HiSeq 2500 sequencing: GSM8037820: cCR.ASCC_34 Homo sapiens RNA-Seq	cCR.ASCC_34	cCR.ASCC_34	missing	ftp.sra.ebi.ac.uk/vol1/fastq/SRR277/088/SRR27747588/SRR27747588_1.fastq.gz;ftp.sra.ebi.ac.uk/vol1/fastq/SRR277/088/SRR27747588/SRR27747588_2.fastq.gz	45bb61f8030caf88102ae1e733ec59a3;99591d6d34a859f3d814b4a6be258856	1351479164;1367863929				Homo sapiens	9606.0	RNA-Seq	TRANSCRIPTOMIC	cDNA	PAIRED	SAMN39624299	PRJNA1069754
Tumor	no	no	no	no	unknown	unknown	SRR27747590	PRJNA1069754	SRP486182	SAMN39624301	SRS20268201	SRX23412881	SRA1792499	9606.0	Homo sapiens	ILLUMINA	Illumina HiSeq 2500	GSM8037818	RNA-Seq	TRANSCRIPTOMIC	cDNA	PAIRED	29435512	8830653600	2024-03-19	2024-03-19		Inflammatory pathways confer resistance to chemoradiotherapy in anal squamous cell carcinoma	Illumina HiSeq 2500 sequencing: GSM8037818: cCR.ASCC_30 Homo sapiens RNA-Seq	cCR.ASCC_30	cCR.ASCC_30	missing	ftp.sra.ebi.ac.uk/vol1/fastq/SRR277/090/SRR27747590/SRR27747590_1.fastq.gz;ftp.sra.ebi.ac.uk/vol1/fastq/SRR277/090/SRR27747590/SRR27747590_2.fastq.gz	7fb5743ca5be8db7b00ee220a51f1b46;f1b41852cd69a340f7089a6d85bc59cd	1515896633;1524355979											
Tumor	no	no	no	no	unknown	unknown	SRR27747593	PRJNA1069754	SRP486182	SAMN39624233	SRS20268199	SRX23412878	SRA1792499	9606.0	Homo sapiens	ILLUMINA	Illumina HiSeq 2500	GSM8037886	RNA-Seq	TRANSCRIPTOMIC	cDNA	PAIRED	33462364	10038709200	2024-03-19	2024-03-19		Inflammatory pathways confer resistance to chemoradiotherapy in anal squamous cell carcinoma	Illumina HiSeq 2500 sequencing: GSM8037886: PD.ASCC_5 Homo sapiens RNA-Seq	PD.ASCC_5	PD.ASCC_5	missing	ftp.sra.ebi.ac.uk/vol1/fastq/SRR277/093/SRR27747593/SRR27747593_1.fastq.gz;ftp.sra.ebi.ac.uk/vol1/fastq/SRR277/093/SRR27747593/SRR27747593_2.fastq.gz	c817d0f08a4402f84947e5165d45408b;29b6b0cf2d2f6dde10eaa3108d8235a8	1693308244;1711159018											
Tumor	no	no	no	no	unknown	unknown	SRR27747603	PRJNA1069754	SRP486182	SAMN39624243	SRS20268188	SRX23412868	SRA1792499	9606.0	Homo sapiens	ILLUMINA	Illumina HiSeq 2500	GSM8037876	RNA-Seq	TRANSCRIPTOMIC	cDNA	PAIRED	25967796	7790338800	2024-03-19	2024-03-19		Inflammatory pathways confer resistance to chemoradiotherapy in anal squamous cell carcinoma	Illumina HiSeq 2500 sequencing: GSM8037876: PD.ASCC_27 Homo sapiens RNA-Seq	PD.ASCC_27	PD.ASCC_27	missing	ftp.sra.ebi.ac.uk/vol1/fastq/SRR277/003/SRR27747603/SRR27747603_1.fastq.gz;ftp.sra.ebi.ac.uk/vol1/fastq/SRR277/003/SRR27747603/SRR27747603_2.fastq.gz	5fa071ed8a10f0d305354827e965f8b1;678a90f3c643fb5d6d1c0f6506e75efc	1198948042;1214202175				Homo sapiens	9606.0	RNA-Seq	TRANSCRIPTOMIC	cDNA	PAIRED	SAMN39624243	PRJNA1069754
Tumor	no	no	no	no	unknown	unknown	SRR27747605	PRJNA1069754	SRP486182	SAMN39624245	SRS20268187	SRX23412866	SRA1792499	9606.0	Homo sapiens	ILLUMINA	Illumina HiSeq 2500	GSM8037874	RNA-Seq	TRANSCRIPTOMIC	cDNA	PAIRED	27861925	8358577500	2024-03-19	2024-03-19		Inflammatory pathways confer resistance to chemoradiotherapy in anal squamous cell carcinoma	Illumina HiSeq 2500 sequencing: GSM8037874: PD.ASCC_24 Homo sapiens RNA-Seq	PD.ASCC_24	PD.ASCC_24	missing	ftp.sra.ebi.ac.uk/vol1/fastq/SRR277/005/SRR27747605/SRR27747605_1.fastq.gz;ftp.sra.ebi.ac.uk/vol1/fastq/SRR277/005/SRR27747605/SRR27747605_2.fastq.gz	e8af15c2a61d5a4ff6345f1072ae4e0f;3543575850233f7bb0c3f32e4c68526c	1229514200;1262812598				Homo sapiens	9606.0	RNA-Seq	TRANSCRIPTOMIC	cDNA	PAIRED	SAMN39624245	PRJNA1069754
Tumor	no	no	no	no	unknown	unknown	SRR27747606	PRJNA1069754	SRP486182	SAMN39624246	SRS20268185	SRX23412865	SRA1792499	9606.0	Homo sapiens	ILLUMINA	Illumina HiSeq 2500	GSM8037873	RNA-Seq	TRANSCRIPTOMIC	cDNA	PAIRED	26427391	7928217300	2024-03-19	2024-03-19		Inflammatory pathways confer resistance to chemoradiotherapy in anal squamous cell carcinoma	Illumina HiSeq 2500 sequencing: GSM8037873: PD.ASCC_22 Homo sapiens RNA-Seq	PD.ASCC_22	PD.ASCC_22	missing	ftp.sra.ebi.ac.uk/vol1/fastq/SRR277/006/SRR27747606/SRR27747606_1.fastq.gz;ftp.sra.ebi.ac.uk/vol1/fastq/SRR277/006/SRR27747606/SRR27747606_2.fastq.gz	54c1f5933f90873daf895620b2a7506c;c6c02bff10e8df5396844fa32b4b37b7	1253205158;1279241683				Homo sapiens	9606.0	RNA-Seq	TRANSCRIPTOMIC	cDNA	PAIRED	SAMN39624246	PRJNA1069754
Tumor	no	no	no	no	unknown	unknown	SRR27747611	PRJNA1069754	SRP486182	SAMN39624251	SRS20268183	SRX23412860	SRA1792499	9606.0	Homo sapiens	ILLUMINA	Illumina HiSeq 2500	GSM8037868	RNA-Seq	TRANSCRIPTOMIC	cDNA	PAIRED	17444220	5233266000	2024-03-19	2024-03-19		Inflammatory pathways confer resistance to chemoradiotherapy in anal squamous cell carcinoma	Illumina HiSeq 2500 sequencing: GSM8037868: cCR.ASCC_98 Homo sapiens RNA-Seq	cCR.ASCC_98	cCR.ASCC_98	missing	ftp.sra.ebi.ac.uk/vol1/fastq/SRR277/011/SRR27747611/SRR27747611_1.fastq.gz;ftp.sra.ebi.ac.uk/vol1/fastq/SRR277/011/SRR27747611/SRR27747611_2.fastq.gz	bee1e5160c96eede136e62275039bb21;ab04b64989c77be18491a36677d7bc33	760776652;758785274				Homo sapiens	9606.0	RNA-Seq	TRANSCRIPTOMIC	cDNA	PAIRED	SAMN39624251	PRJNA1069754
Tumor	no	no	no	no	unknown	unknown	SRR27747612	PRJNA1069754	SRP486182	SAMN39624252	SRS20268184	SRX23412859	SRA1792499	9606.0	Homo sapiens	ILLUMINA	Illumina HiSeq 2500	GSM8037867	RNA-Seq	TRANSCRIPTOMIC	cDNA	PAIRED	20408628	6122588400	2024-03-19	2024-03-19		Inflammatory pathways confer resistance to chemoradiotherapy in anal squamous cell carcinoma	Illumina HiSeq 2500 sequencing: GSM8037867: cCR.ASCC_96 Homo sapiens RNA-Seq	cCR.ASCC_96	cCR.ASCC_96	missing	ftp.sra.ebi.ac.uk/vol1/fastq/SRR277/012/SRR27747612/SRR27747612_1.fastq.gz;ftp.sra.ebi.ac.uk/vol1/fastq/SRR277/012/SRR27747612/SRR27747612_2.fastq.gz	576d26ea0e9d48d6f61ef010ed01c32b;4bad55fd3c2a12f0d87c2dbfe346ab7e	1061461871;1056579049				Homo sapiens	9606.0	RNA-Seq	TRANSCRIPTOMIC	cDNA	PAIRED	SAMN39624252	PRJNA1069754
Tumor	no	no	no	no	unknown	unknown	SRR27747613	PRJNA1069754	SRP486182	SAMN39624253	SRS20268179	SRX23412858	SRA1792499	9606.0	Homo sapiens	ILLUMINA	Illumina HiSeq 2500	GSM8037866	RNA-Seq	TRANSCRIPTOMIC	cDNA	PAIRED	20116179	6034853700	2024-03-19	2024-03-19		Inflammatory pathways confer resistance to chemoradiotherapy in anal squamous cell carcinoma	Illumina HiSeq 2500 sequencing: GSM8037866: cCR.ASCC_95 Homo sapiens RNA-Seq	cCR.ASCC_95	cCR.ASCC_95	missing	ftp.sra.ebi.ac.uk/vol1/fastq/SRR277/013/SRR27747613/SRR27747613_1.fastq.gz;ftp.sra.ebi.ac.uk/vol1/fastq/SRR277/013/SRR27747613/SRR27747613_2.fastq.gz	c35ee1e87fc2a5fc4c595739132a1ba3;1cc1a7db48860b0b78827cc3c4200fe7	813619234;816798542				Homo sapiens	9606.0	RNA-Seq	TRANSCRIPTOMIC	cDNA	PAIRED	SAMN39624253	PRJNA1069754
Tumor	no	no	no	no	unknown	unknown	SRR27747617	PRJNA1069754	SRP486182	SAMN39624305	SRS20268174	SRX23412854	SRA1792499	9606.0	Homo sapiens	ILLUMINA	Illumina HiSeq 2500	GSM8037814	RNA-Seq	TRANSCRIPTOMIC	cDNA	PAIRED	27006813	8102043900	2024-03-19	2024-03-19		Inflammatory pathways confer resistance to chemoradiotherapy in anal squamous cell carcinoma	Illumina HiSeq 2500 sequencing: GSM8037814: cCR.ASCC_26 Homo sapiens RNA-Seq	cCR.ASCC_26	cCR.ASCC_26	missing	ftp.sra.ebi.ac.uk/vol1/fastq/SRR277/017/SRR27747617/SRR27747617_1.fastq.gz;ftp.sra.ebi.ac.uk/vol1/fastq/SRR277/017/SRR27747617/SRR27747617_2.fastq.gz	8608e1103a0d10395d6f2b10648a3e5a;5c1d5999c2d45a028bf142d7d09ea403	1080766546;1107934938				Homo sapiens	9606.0	RNA-Seq	TRANSCRIPTOMIC	cDNA	PAIRED	SAMN39624305	PRJNA1069754
Tumor	no	no	no	no	unknown	unknown	SRR27747618	PRJNA1069754	SRP486182	SAMN39624306	SRS20268175	SRX23412853	SRA1792499	9606.0	Homo sapiens	ILLUMINA	Illumina HiSeq 2500	GSM8037813	RNA-Seq	TRANSCRIPTOMIC	cDNA	PAIRED	27746556	8323966800	2024-03-19	2024-03-19		Inflammatory pathways confer resistance to chemoradiotherapy in anal squamous cell carcinoma	Illumina HiSeq 2500 sequencing: GSM8037813: cCR.ASCC_25 Homo sapiens RNA-Seq	cCR.ASCC_25	cCR.ASCC_25	missing	ftp.sra.ebi.ac.uk/vol1/fastq/SRR277/018/SRR27747618/SRR27747618_1.fastq.gz;ftp.sra.ebi.ac.uk/vol1/fastq/SRR277/018/SRR27747618/SRR27747618_2.fastq.gz	c711d0fc0a363d99f87b61a5d6ffd310;45da76404c8353a5062f898905859a96	1442740071;1449911365				Homo sapiens	9606.0	RNA-Seq	TRANSCRIPTOMIC	cDNA	PAIRED	SAMN39624306	PRJNA1069754
Tumor	no	no	no	no	unknown	unknown	SRR27747620	PRJNA1069754	SRP486182	SAMN39624308	SRS20268172	SRX23412851	SRA1792499	9606.0	Homo sapiens	ILLUMINA	Illumina HiSeq 2500	GSM8037811	RNA-Seq	TRANSCRIPTOMIC	cDNA	PAIRED	30542890	9162867000	2024-03-19	2024-03-19		Inflammatory pathways confer resistance to chemoradiotherapy in anal squamous cell carcinoma	Illumina HiSeq 2500 sequencing: GSM8037811: cCR.ASCC_22 Homo sapiens RNA-Seq	cCR.ASCC_22	cCR.ASCC_22	missing	ftp.sra.ebi.ac.uk/vol1/fastq/SRR277/020/SRR27747620/SRR27747620_1.fastq.gz;ftp.sra.ebi.ac.uk/vol1/fastq/SRR277/020/SRR27747620/SRR27747620_2.fastq.gz	105a10b70b8b39edbe370845b31f7e4b;1e5c0843c178f01b38e76be1a89acd46	1581868489;1590481120				Homo sapiens	9606.0	RNA-Seq	TRANSCRIPTOMIC	cDNA	PAIRED	SAMN39624308	PRJNA1069754
Tumor	no	no	no	no	unknown	unknown	SRR27747622	PRJNA1069754	SRP486182	SAMN39624310	SRS20268170	SRX23412849	SRA1792499	9606.0	Homo sapiens	ILLUMINA	Illumina HiSeq 2500	GSM8037809	RNA-Seq	TRANSCRIPTOMIC	cDNA	PAIRED	34998078	10499423400	2024-03-19	2024-03-19		Inflammatory pathways confer resistance to chemoradiotherapy in anal squamous cell carcinoma	Illumina HiSeq 2500 sequencing: GSM8037809: cCR.ASCC_20 Homo sapiens RNA-Seq	cCR.ASCC_20	cCR.ASCC_20	missing	ftp.sra.ebi.ac.uk/vol1/fastq/SRR277/022/SRR27747622/SRR27747622_1.fastq.gz;ftp.sra.ebi.ac.uk/vol1/fastq/SRR277/022/SRR27747622/SRR27747622_2.fastq.gz	c0d59cbe084f59afd32aaf4550615f6d;a821fb7c59ef9834811a2228b8a2c35d	1870736182;1884588461				Homo sapiens	9606.0	RNA-Seq	TRANSCRIPTOMIC	cDNA	PAIRED	SAMN39624310	PRJNA1069754
Tumor	no	no	no	no	unknown	unknown	SRR27747624	PRJNA1069754	SRP486182	SAMN39624312	SRS20268167	SRX23412847	SRA1792499	9606.0	Homo sapiens	ILLUMINA	Illumina HiSeq 2500	GSM8037807	RNA-Seq	TRANSCRIPTOMIC	cDNA	PAIRED	22616894	6785068200	2024-03-19	2024-03-19		Inflammatory pathways confer resistance to chemoradiotherapy in anal squamous cell carcinoma	Illumina HiSeq 2500 sequencing: GSM8037807: PD.ASCC_38 Homo sapiens RNA-Seq	PD.ASCC_38	PD.ASCC_38	missing	ftp.sra.ebi.ac.uk/vol1/fastq/SRR277/024/SRR27747624/SRR27747624_1.fastq.gz;ftp.sra.ebi.ac.uk/vol1/fastq/SRR277/024/SRR27747624/SRR27747624_2.fastq.gz	1767fe3b45cd4bbcd55323845920fe0b;7b1c19fcce99987d4642225baaf81f83	982243860;999316965				Homo sapiens	9606.0	RNA-Seq	TRANSCRIPTOMIC	cDNA	PAIRED	SAMN39624312	PRJNA1069754
Tumor	no	no	no	no	unknown	unknown	SRR27747627	PRJNA1069754	SRP486182	SAMN39624315	SRS20268165	SRX23412844	SRA1792499	9606.0	Homo sapiens	ILLUMINA	Illumina HiSeq 2500	GSM8037804	RNA-Seq	TRANSCRIPTOMIC	cDNA	PAIRED	23102300	6930690000	2024-03-19	2024-03-19		Inflammatory pathways confer resistance to chemoradiotherapy in anal squamous cell carcinoma	Illumina HiSeq 2500 sequencing: GSM8037804: cCR.ASCC_17 Homo sapiens RNA-Seq	cCR.ASCC_17	cCR.ASCC_17	missing	ftp.sra.ebi.ac.uk/vol1/fastq/SRR277/027/SRR27747627/SRR27747627_1.fastq.gz;ftp.sra.ebi.ac.uk/vol1/fastq/SRR277/027/SRR27747627/SRR27747627_2.fastq.gz	f54bf4ba6182d4e47a42299acac14920;c9fc13ebf5e8e906e879b31a7cb6cfae	1184048200;1197422361				Homo sapiens	9606.0	RNA-Seq	TRANSCRIPTOMIC	cDNA	PAIRED	SAMN39624315	PRJNA1069754
Tumor	no	no	no	no	unknown	unknown	SRR27747628	PRJNA1069754	SRP486182	SAMN39624316	SRS20268163	SRX23412843	SRA1792499	9606.0	Homo sapiens	ILLUMINA	Illumina HiSeq 2500	GSM8037803	RNA-Seq	TRANSCRIPTOMIC	cDNA	PAIRED	39960844	11988253200	2024-03-19	2024-03-19		Inflammatory pathways confer resistance to chemoradiotherapy in anal squamous cell carcinoma	Illumina HiSeq 2500 sequencing: GSM8037803: cCR.ASCC_16 Homo sapiens RNA-Seq	cCR.ASCC_16	cCR.ASCC_16	missing	ftp.sra.ebi.ac.uk/vol1/fastq/SRR277/028/SRR27747628/SRR27747628_1.fastq.gz;ftp.sra.ebi.ac.uk/vol1/fastq/SRR277/028/SRR27747628/SRR27747628_2.fastq.gz	6ed3f3e82e9e8bea3d349aeb9cc8ea5a;c4129383938089f14f196427a6817b95	2149282744;2161951410				Homo sapiens	9606.0	RNA-Seq	TRANSCRIPTOMIC	cDNA	PAIRED	SAMN39624316	PRJNA1069754
Tumor	no	no	no	no	unknown	unknown	SRR27747629	PRJNA1069754	SRP486182	SAMN39624317	SRS20268162	SRX23412842	SRA1792499	9606.0	Homo sapiens	ILLUMINA	Illumina HiSeq 2500	GSM8037802	RNA-Seq	TRANSCRIPTOMIC	cDNA	PAIRED	41933022	12579906600	2024-03-19	2024-03-19		Inflammatory pathways confer resistance to chemoradiotherapy in anal squamous cell carcinoma	Illumina HiSeq 2500 sequencing: GSM8037802: cCR.ASCC_15 Homo sapiens RNA-Seq	cCR.ASCC_15	cCR.ASCC_15	missing	ftp.sra.ebi.ac.uk/vol1/fastq/SRR277/029/SRR27747629/SRR27747629_1.fastq.gz;ftp.sra.ebi.ac.uk/vol1/fastq/SRR277/029/SRR27747629/SRR27747629_2.fastq.gz	69cf3db60cd0c686718b22482b38979d;116b35e44209e0a72dcad0619a10f667	1614617085;1670430185				Homo sapiens	9606.0	RNA-Seq	TRANSCRIPTOMIC	cDNA	PAIRED	SAMN39624317	PRJNA1069754
Tumor	no	no	no	no	unknown	unknown	SRR27747632	PRJNA1069754	SRP486182	SAMN39624320	SRS20268160	SRX23412839	SRA1792499	9606.0	Homo sapiens	ILLUMINA	Illumina HiSeq 2500	GSM8037799	RNA-Seq	TRANSCRIPTOMIC	cDNA	PAIRED	21021703	6306510900	2024-03-19	2024-03-19		Inflammatory pathways confer resistance to chemoradiotherapy in anal squamous cell carcinoma	Illumina HiSeq 2500 sequencing: GSM8037799: cCR.ASCC_12 Homo sapiens RNA-Seq	cCR.ASCC_12	cCR.ASCC_12	missing	ftp.sra.ebi.ac.uk/vol1/fastq/SRR277/032/SRR27747632/SRR27747632_1.fastq.gz;ftp.sra.ebi.ac.uk/vol1/fastq/SRR277/032/SRR27747632/SRR27747632_2.fastq.gz	f5b1fa010ecf4fa3935e953710a5a617;1f5782f0dffd85835f40fa2344883726	1002844716;1018165620											
Tumor	no	no	no	no	unknown	unknown	SRR27747636	PRJNA1069754	SRP486182	SAMN39624324	SRS20268156	SRX23412835	SRA1792499	9606.0	Homo sapiens	ILLUMINA	Illumina HiSeq 2500	GSM8037795	RNA-Seq	TRANSCRIPTOMIC	cDNA	PAIRED	23133659	6940097700	2024-03-19	2024-03-19		Inflammatory pathways confer resistance to chemoradiotherapy in anal squamous cell carcinoma	Illumina HiSeq 2500 sequencing: GSM8037795: cCR.ASCC_102 Homo sapiens RNA-Seq	cCR.ASCC_102	cCR.ASCC_102	missing	ftp.sra.ebi.ac.uk/vol1/fastq/SRR277/036/SRR27747636/SRR27747636_1.fastq.gz;ftp.sra.ebi.ac.uk/vol1/fastq/SRR277/036/SRR27747636/SRR27747636_2.fastq.gz	19219f115b5b4a85a09e3c8cb8340503;eae7cae154a0b7bdc57b890a667636a5	1204795263;1204073000											
Tumor	no	no	no	no	unknown	unknown	SRR27747637	PRJNA1069754	SRP486182	SAMN39624325	SRS20268154	SRX23412834	SRA1792499	9606.0	Homo sapiens	ILLUMINA	Illumina HiSeq 2500	GSM8037794	RNA-Seq	TRANSCRIPTOMIC	cDNA	PAIRED	22808185	6842455500	2024-03-19	2024-03-19		Inflammatory pathways confer resistance to chemoradiotherapy in anal squamous cell carcinoma	Illumina HiSeq 2500 sequencing: GSM8037794: cCR.ASCC_101 Homo sapiens RNA-Seq	cCR.ASCC_101	cCR.ASCC_101	missing	ftp.sra.ebi.ac.uk/vol1/fastq/SRR277/037/SRR27747637/SRR27747637_1.fastq.gz;ftp.sra.ebi.ac.uk/vol1/fastq/SRR277/037/SRR27747637/SRR27747637_2.fastq.gz	1c3180e81b91b68ac755a2a440d6f729;818b0d794610ee9ec3c9a18b2a2240a0	1158972506;1162210823				Homo sapiens	9606.0	RNA-Seq	TRANSCRIPTOMIC	cDNA	PAIRED	SAMN39624325	PRJNA1069754
Tumor	no	no	no	no	unknown	unknown	SRR27747545	PRJNA1069754	SRP486182	SAMN39624256	SRS20268247	SRX23412926	SRA1792499	9606.0	Homo sapiens	ILLUMINA	Illumina HiSeq 2500	GSM8037863	RNA-Seq	TRANSCRIPTOMIC	cDNA	PAIRED	19810645	5943193500	2024-03-19	2024-03-19		Inflammatory pathways confer resistance to chemoradiotherapy in anal squamous cell carcinoma	Illumina HiSeq 2500 sequencing: GSM8037863: cCR.ASCC_90 Homo sapiens RNA-Seq	cCR.ASCC_90	cCR.ASCC_90	missing	ftp.sra.ebi.ac.uk/vol1/fastq/SRR277/045/SRR27747545/SRR27747545_1.fastq.gz;ftp.sra.ebi.ac.uk/vol1/fastq/SRR277/045/SRR27747545/SRR27747545_2.fastq.gz	c4867b8929f1f5cf73eb966b1147906c;34c7a503130293901731f413ca07dbac	889312078;875900830				Homo sapiens	9606.0	RNA-Seq	TRANSCRIPTOMIC	cDNA	PAIRED	SAMN39624256	PRJNA1069754
Tumor	no	no	no	no	unknown	unknown	SRR27747546	PRJNA1069754	SRP486182	SAMN39624257	SRS20268245	SRX23412925	SRA1792499	9606.0	Homo sapiens	ILLUMINA	Illumina HiSeq 2500	GSM8037862	RNA-Seq	TRANSCRIPTOMIC	cDNA	PAIRED	35452170	10635651000	2024-03-19	2024-03-19		Inflammatory pathways confer resistance to chemoradiotherapy in anal squamous cell carcinoma	Illumina HiSeq 2500 sequencing: GSM8037862: cCR.ASCC_9 Homo sapiens RNA-Seq	cCR.ASCC_9	cCR.ASCC_9	missing	ftp.sra.ebi.ac.uk/vol1/fastq/SRR277/046/SRR27747546/SRR27747546_1.fastq.gz;ftp.sra.ebi.ac.uk/vol1/fastq/SRR277/046/SRR27747546/SRR27747546_2.fastq.gz	7476d88f89c8de6997260cf2e7c945f1;b34a31710a1f3bc4ab2ec3997c67cca3	1874880604;1890492243				Homo sapiens	9606.0	RNA-Seq	TRANSCRIPTOMIC	cDNA	PAIRED	SAMN39624257	PRJNA1069754
Tumor	no	no	no	no	unknown	unknown	SRR27747548	PRJNA1069754	SRP486182	SAMN39624259	SRS20268246	SRX23412923	SRA1792499	9606.0	Homo sapiens	ILLUMINA	Illumina HiSeq 2500	GSM8037860	RNA-Seq	TRANSCRIPTOMIC	cDNA	PAIRED	18399529	5519858700	2024-03-19	2024-03-19		Inflammatory pathways confer resistance to chemoradiotherapy in anal squamous cell carcinoma	Illumina HiSeq 2500 sequencing: GSM8037860: cCR.ASCC_88 Homo sapiens RNA-Seq	cCR.ASCC_88	cCR.ASCC_88	missing	ftp.sra.ebi.ac.uk/vol1/fastq/SRR277/048/SRR27747548/SRR27747548_1.fastq.gz;ftp.sra.ebi.ac.uk/vol1/fastq/SRR277/048/SRR27747548/SRR27747548_2.fastq.gz	36701ca58590143be5d52acdb1f816f2;ee9a063ae990a19a5741e0448e2644f0	915573226;906000695											
Tumor	no	no	no	no	unknown	unknown	SRR27747555	PRJNA1069754	SRP486182	SAMN39624266	SRS20268237	SRX23412916	SRA1792499	9606.0	Homo sapiens	ILLUMINA	Illumina HiSeq 2500	GSM8037853	RNA-Seq	TRANSCRIPTOMIC	cDNA	PAIRED	21326074	6397822200	2024-03-19	2024-03-19		Inflammatory pathways confer resistance to chemoradiotherapy in anal squamous cell carcinoma	Illumina HiSeq 2500 sequencing: GSM8037853: cCR.ASCC_79 Homo sapiens RNA-Seq	cCR.ASCC_79	cCR.ASCC_79	missing	ftp.sra.ebi.ac.uk/vol1/fastq/SRR277/055/SRR27747555/SRR27747555_1.fastq.gz;ftp.sra.ebi.ac.uk/vol1/fastq/SRR277/055/SRR27747555/SRR27747555_2.fastq.gz	eafe41142bdf565eb7a796033e19e829;593732814c75cb4e983b3d8ce679fd4e	973106401;986231132											
Tumor	no	no	no	no	unknown	unknown	SRR27747557	PRJNA1069754	SRP486182	SAMN39624268	SRS20268234	SRX23412914	SRA1792499	9606.0	Homo sapiens	ILLUMINA	Illumina HiSeq 2500	GSM8037851	RNA-Seq	TRANSCRIPTOMIC	cDNA	PAIRED	20349487	6104846100	2024-03-19	2024-03-19		Inflammatory pathways confer resistance to chemoradiotherapy in anal squamous cell carcinoma	Illumina HiSeq 2500 sequencing: GSM8037851: cCR.ASCC_76 Homo sapiens RNA-Seq	cCR.ASCC_76	cCR.ASCC_76	missing	ftp.sra.ebi.ac.uk/vol1/fastq/SRR277/057/SRR27747557/SRR27747557_1.fastq.gz;ftp.sra.ebi.ac.uk/vol1/fastq/SRR277/057/SRR27747557/SRR27747557_2.fastq.gz	05e659765d088dad6616949a3c237b8a;57c805e3321ef8279145ee200d717f29	903969327;901463538				Homo sapiens	9606.0	RNA-Seq	TRANSCRIPTOMIC	cDNA	PAIRED	SAMN39624268	PRJNA1069754
Tumor	no	no	no	no	unknown	unknown	SRR27747558	PRJNA1069754	SRP486182	SAMN39624269	SRS20268232	SRX23412913	SRA1792499	9606.0	Homo sapiens	ILLUMINA	Illumina HiSeq 2500	GSM8037850	RNA-Seq	TRANSCRIPTOMIC	cDNA	PAIRED	23687959	7106387700	2024-03-19	2024-03-19		Inflammatory pathways confer resistance to chemoradiotherapy in anal squamous cell carcinoma	Illumina HiSeq 2500 sequencing: GSM8037850: cCR.ASCC_74 Homo sapiens RNA-Seq	cCR.ASCC_74	cCR.ASCC_74	missing	ftp.sra.ebi.ac.uk/vol1/fastq/SRR277/058/SRR27747558/SRR27747558_1.fastq.gz;ftp.sra.ebi.ac.uk/vol1/fastq/SRR277/058/SRR27747558/SRR27747558_2.fastq.gz	f8cec1342386de83702614cc1c8df7f6;5c0323b048514ed2ae02355f5d0f880d	1077727379;1076254285				Homo sapiens	9606.0	RNA-Seq	TRANSCRIPTOMIC	cDNA	PAIRED	SAMN39624269	PRJNA1069754
Tumor	no	no	no	no	unknown	unknown	SRR27747561	PRJNA1069754	SRP486182	SAMN39624272	SRS20268229	SRX23412910	SRA1792499	9606.0	Homo sapiens	ILLUMINA	Illumina HiSeq 2500	GSM8037847	RNA-Seq	TRANSCRIPTOMIC	cDNA	PAIRED	22925084	6877525200	2024-03-19	2024-03-19		Inflammatory pathways confer resistance to chemoradiotherapy in anal squamous cell carcinoma	Illumina HiSeq 2500 sequencing: GSM8037847: cCR.ASCC_69 Homo sapiens RNA-Seq	cCR.ASCC_69	cCR.ASCC_69	missing	ftp.sra.ebi.ac.uk/vol1/fastq/SRR277/061/SRR27747561/SRR27747561_1.fastq.gz;ftp.sra.ebi.ac.uk/vol1/fastq/SRR277/061/SRR27747561/SRR27747561_2.fastq.gz	36bc2c4b2404e02d20fd33a2642a3e0e;46d19119d54072ca277ec24a4cf00b1a	1123228679;1144867930				Homo sapiens	9606.0	RNA-Seq	TRANSCRIPTOMIC	cDNA	PAIRED	SAMN39624272	PRJNA1069754
Tumor	no	no	no	no	unknown	unknown	SRR27747569	PRJNA1069754	SRP486182	SAMN39624280	SRS20268222	SRX23412902	SRA1792499	9606.0	Homo sapiens	ILLUMINA	Illumina HiSeq 2500	GSM8037839	RNA-Seq	TRANSCRIPTOMIC	cDNA	PAIRED	28713730	8614119000	2024-03-19	2024-03-19		Inflammatory pathways confer resistance to chemoradiotherapy in anal squamous cell carcinoma	Illumina HiSeq 2500 sequencing: GSM8037839: cCR.ASCC_60 Homo sapiens RNA-Seq	cCR.ASCC_60	cCR.ASCC_60	missing	ftp.sra.ebi.ac.uk/vol1/fastq/SRR277/069/SRR27747569/SRR27747569_1.fastq.gz;ftp.sra.ebi.ac.uk/vol1/fastq/SRR277/069/SRR27747569/SRR27747569_2.fastq.gz	0585c53708b7c2fb94795031801422a6;91c07d64a6f741face2e116a183e908d	1425476409;1431655290				Homo sapiens	9606.0	RNA-Seq	TRANSCRIPTOMIC	cDNA	PAIRED	SAMN39624280	PRJNA1069754
Tumor	no	no	no	no	unknown	unknown	SRR27747570	PRJNA1069754	SRP486182	SAMN39624281	SRS20268223	SRX23412901	SRA1792499	9606.0	Homo sapiens	ILLUMINA	Illumina HiSeq 2500	GSM8037838	RNA-Seq	TRANSCRIPTOMIC	cDNA	PAIRED	34600678	10380203400	2024-03-19	2024-03-19		Inflammatory pathways confer resistance to chemoradiotherapy in anal squamous cell carcinoma	Illumina HiSeq 2500 sequencing: GSM8037838: cCR.ASCC_6 Homo sapiens RNA-Seq	cCR.ASCC_6	cCR.ASCC_6	missing	ftp.sra.ebi.ac.uk/vol1/fastq/SRR277/070/SRR27747570/SRR27747570_1.fastq.gz;ftp.sra.ebi.ac.uk/vol1/fastq/SRR277/070/SRR27747570/SRR27747570_2.fastq.gz	4c6c6140b8fe1bc4f4c7b4969e214725;1ebd4e497aef412b00dcdf332624c3a3	1851504693;1868007451				Homo sapiens	9606.0	RNA-Seq	TRANSCRIPTOMIC	cDNA	PAIRED	SAMN39624281	PRJNA1069754
Tumor	no	no	no	no	unknown	unknown	SRR27747574	PRJNA1069754	SRP486182	SAMN39624285	SRS20268219	SRX23412897	SRA1792499	9606.0	Homo sapiens	ILLUMINA	Illumina HiSeq 2500	GSM8037834	RNA-Seq	TRANSCRIPTOMIC	cDNA	PAIRED	26166005	7849801500	2024-03-19	2024-03-19		Inflammatory pathways confer resistance to chemoradiotherapy in anal squamous cell carcinoma	Illumina HiSeq 2500 sequencing: GSM8037834: cCR.ASCC_54 Homo sapiens RNA-Seq	cCR.ASCC_54	cCR.ASCC_54	missing	ftp.sra.ebi.ac.uk/vol1/fastq/SRR277/074/SRR27747574/SRR27747574_1.fastq.gz;ftp.sra.ebi.ac.uk/vol1/fastq/SRR277/074/SRR27747574/SRR27747574_2.fastq.gz	5b53208df1a8f882a6f1daf919931125;c6dbe54031dfababb6e12a9573d029a1	1165747937;1168581848				Homo sapiens	9606.0	RNA-Seq	TRANSCRIPTOMIC	cDNA	PAIRED	SAMN39624285	PRJNA1069754
Tumor	no	no	no	no	unknown	unknown	SRR27747581	PRJNA1069754	SRP486182	SAMN39624292	SRS20268210	SRX23412890	SRA1792499	9606.0	Homo sapiens	ILLUMINA	Illumina HiSeq 2500	GSM8037827	RNA-Seq	TRANSCRIPTOMIC	cDNA	PAIRED	21725917	6517775100	2024-03-19	2024-03-19		Inflammatory pathways confer resistance to chemoradiotherapy in anal squamous cell carcinoma	Illumina HiSeq 2500 sequencing: GSM8037827: cCR.ASCC_45 Homo sapiens RNA-Seq	cCR.ASCC_45	cCR.ASCC_45	missing	ftp.sra.ebi.ac.uk/vol1/fastq/SRR277/081/SRR27747581/SRR27747581_1.fastq.gz;ftp.sra.ebi.ac.uk/vol1/fastq/SRR277/081/SRR27747581/SRR27747581_2.fastq.gz	0e3e3abc7d0aee4dc439e262291d47ed;51185ff054f4321ec279afe4c17c93cb	1037240270;1058424677				Homo sapiens	9606.0	RNA-Seq	TRANSCRIPTOMIC	cDNA	PAIRED	SAMN39624292	PRJNA1069754
Tumor	no	no	no	no	unknown	unknown	SRR27747583	PRJNA1069754	SRP486182	SAMN39624294	SRS20268209	SRX23412888	SRA1792499	9606.0	Homo sapiens	ILLUMINA	Illumina HiSeq 2500	GSM8037825	RNA-Seq	TRANSCRIPTOMIC	cDNA	PAIRED	18123550	5437065000	2024-03-19	2024-03-19		Inflammatory pathways confer resistance to chemoradiotherapy in anal squamous cell carcinoma	Illumina HiSeq 2500 sequencing: GSM8037825: cCR.ASCC_40 Homo sapiens RNA-Seq	cCR.ASCC_40	cCR.ASCC_40	missing	ftp.sra.ebi.ac.uk/vol1/fastq/SRR277/083/SRR27747583/SRR27747583_1.fastq.gz;ftp.sra.ebi.ac.uk/vol1/fastq/SRR277/083/SRR27747583/SRR27747583_2.fastq.gz	26453cb8d82145ce5d708108f61cb2a8;d64136cc4147ddee24ba4d7356044250	854095337;866037937				Homo sapiens	9606.0	RNA-Seq	TRANSCRIPTOMIC	cDNA	PAIRED	SAMN39624294	PRJNA1069754
Tumor	no	no	no	no	unknown	unknown	SRR27747585	PRJNA1069754	SRP486182	SAMN39624296	SRS20268207	SRX23412886	SRA1792499	9606.0	Homo sapiens	ILLUMINA	Illumina HiSeq 2500	GSM8037823	RNA-Seq	TRANSCRIPTOMIC	cDNA	PAIRED	18715327	5614598100	2024-03-19	2024-03-19		Inflammatory pathways confer resistance to chemoradiotherapy in anal squamous cell carcinoma	Illumina HiSeq 2500 sequencing: GSM8037823: cCR.ASCC_38 Homo sapiens RNA-Seq	cCR.ASCC_38	cCR.ASCC_38	missing	ftp.sra.ebi.ac.uk/vol1/fastq/SRR277/085/SRR27747585/SRR27747585_1.fastq.gz;ftp.sra.ebi.ac.uk/vol1/fastq/SRR277/085/SRR27747585/SRR27747585_2.fastq.gz	97b763a22f3ba2b04c1f1b1db0e9f1c7;a448382a34bb87af039009759eba54a8	887330169;889782047				Homo sapiens	9606.0	RNA-Seq	TRANSCRIPTOMIC	cDNA	PAIRED	SAMN39624296	PRJNA1069754
Tumor	no	no	no	no	unknown	unknown	SRR27747587	PRJNA1069754	SRP486182	SAMN39624298	SRS20268204	SRX23412884	SRA1792499	9606.0	Homo sapiens	ILLUMINA	Illumina HiSeq 2500	GSM8037821	RNA-Seq	TRANSCRIPTOMIC	cDNA	PAIRED	27596853	8279055900	2024-03-19	2024-03-19		Inflammatory pathways confer resistance to chemoradiotherapy in anal squamous cell carcinoma	Illumina HiSeq 2500 sequencing: GSM8037821: cCR.ASCC_35 Homo sapiens RNA-Seq	cCR.ASCC_35	cCR.ASCC_35	missing	ftp.sra.ebi.ac.uk/vol1/fastq/SRR277/087/SRR27747587/SRR27747587_1.fastq.gz;ftp.sra.ebi.ac.uk/vol1/fastq/SRR277/087/SRR27747587/SRR27747587_2.fastq.gz	9dd50b78f00a191fee21a6f19067630e;a393f0d40b9bef825a8ba64a666e6294	1373256506;1387690945				Homo sapiens	9606.0	RNA-Seq	TRANSCRIPTOMIC	cDNA	PAIRED	SAMN39624298	PRJNA1069754
Tumor	no	no	no	no	unknown	unknown	SRR27747592	PRJNA1069754	SRP486182	SAMN39624232	SRS20268202	SRX23412879	SRA1792499	9606.0	Homo sapiens	ILLUMINA	Illumina HiSeq 2500	GSM8037887	RNA-Seq	TRANSCRIPTOMIC	cDNA	PAIRED	59215546	17764663800	2024-03-19	2024-03-19		Inflammatory pathways confer resistance to chemoradiotherapy in anal squamous cell carcinoma	Illumina HiSeq 2500 sequencing: GSM8037887: PD.ASCC_6 Homo sapiens RNA-Seq	PD.ASCC_6	PD.ASCC_6	missing	ftp.sra.ebi.ac.uk/vol1/fastq/SRR277/092/SRR27747592/SRR27747592_1.fastq.gz;ftp.sra.ebi.ac.uk/vol1/fastq/SRR277/092/SRR27747592/SRR27747592_2.fastq.gz	56f7354bc9df0f44f240f698249c1fff;c78753fa8a42d801b312e7243bce0282	1961496727;2007808371				Homo sapiens	9606.0	RNA-Seq	TRANSCRIPTOMIC	cDNA	PAIRED	SAMN39624232	PRJNA1069754
Tumor	no	no	no	no	unknown	unknown	SRR27747594	PRJNA1069754	SRP486182	SAMN39624234	SRS20268198	SRX23412877	SRA1792499	9606.0	Homo sapiens	ILLUMINA	Illumina HiSeq 2500	GSM8037885	RNA-Seq	TRANSCRIPTOMIC	cDNA	PAIRED	20551997	6165599100	2024-03-19	2024-03-19		Inflammatory pathways confer resistance to chemoradiotherapy in anal squamous cell carcinoma	Illumina HiSeq 2500 sequencing: GSM8037885: PD.ASCC_42 Homo sapiens RNA-Seq	PD.ASCC_42	PD.ASCC_42	missing	ftp.sra.ebi.ac.uk/vol1/fastq/SRR277/094/SRR27747594/SRR27747594_1.fastq.gz;ftp.sra.ebi.ac.uk/vol1/fastq/SRR277/094/SRR27747594/SRR27747594_2.fastq.gz	5e36ac3e90c48ac112aebd6c99fb28da;58ba3f3200782b73adfca8f35c713600	1044586516;1045395558											
Tumor	no	no	no	no	unknown	unknown	SRR27747595	PRJNA1069754	SRP486182	SAMN39624235	SRS20268197	SRX23412876	SRA1792499	9606.0	Homo sapiens	ILLUMINA	Illumina HiSeq 2500	GSM8037884	RNA-Seq	TRANSCRIPTOMIC	cDNA	PAIRED	20671025	6201307500	2024-03-19	2024-03-19		Inflammatory pathways confer resistance to chemoradiotherapy in anal squamous cell carcinoma	Illumina HiSeq 2500 sequencing: GSM8037884: PD.ASCC_41 Homo sapiens RNA-Seq	PD.ASCC_41	PD.ASCC_41	missing	ftp.sra.ebi.ac.uk/vol1/fastq/SRR277/095/SRR27747595/SRR27747595_1.fastq.gz;ftp.sra.ebi.ac.uk/vol1/fastq/SRR277/095/SRR27747595/SRR27747595_2.fastq.gz	afd6a4a3233078623194aece8f982de1;d96b2af97870a6c1a07d6cdaeb6e37c4	1049603980;1067603527											
Tumor	no	no	no	no	unknown	unknown	SRR27747599	PRJNA1069754	SRP486182	SAMN39624239	SRS20268193	SRX23412872	SRA1792499	9606.0	Homo sapiens	ILLUMINA	Illumina HiSeq 2500	GSM8037880	RNA-Seq	TRANSCRIPTOMIC	cDNA	PAIRED	21708288	6512486400	2024-03-19	2024-03-19		Inflammatory pathways confer resistance to chemoradiotherapy in anal squamous cell carcinoma	Illumina HiSeq 2500 sequencing: GSM8037880: PD.ASCC_31 Homo sapiens RNA-Seq	PD.ASCC_31	PD.ASCC_31	missing	ftp.sra.ebi.ac.uk/vol1/fastq/SRR277/099/SRR27747599/SRR27747599_1.fastq.gz;ftp.sra.ebi.ac.uk/vol1/fastq/SRR277/099/SRR27747599/SRR27747599_2.fastq.gz	83eef40af9fa8a2f80164df161905aa2;88c447dbcd0409798743363d35b5e258	990216125;1015225089				Homo sapiens	9606.0	RNA-Seq	TRANSCRIPTOMIC	cDNA	PAIRED	SAMN39624239	PRJNA1069754
Tumor	no	no	no	no	unknown	unknown	SRR27747601	PRJNA1069754	SRP486182	SAMN39624241	SRS20268191	SRX23412870	SRA1792499	9606.0	Homo sapiens	ILLUMINA	Illumina HiSeq 2500	GSM8037878	RNA-Seq	TRANSCRIPTOMIC	cDNA	PAIRED	20340508	6102152400	2024-03-19	2024-03-19		Inflammatory pathways confer resistance to chemoradiotherapy in anal squamous cell carcinoma	Illumina HiSeq 2500 sequencing: GSM8037878: PD.ASCC_29 Homo sapiens RNA-Seq	PD.ASCC_29	PD.ASCC_29	missing	ftp.sra.ebi.ac.uk/vol1/fastq/SRR277/001/SRR27747601/SRR27747601_1.fastq.gz;ftp.sra.ebi.ac.uk/vol1/fastq/SRR277/001/SRR27747601/SRR27747601_2.fastq.gz	01b75c70a4bf7ece321fc961e4e19b8f;3b859be85b10a6af0e532ea6648fa157	979698126;996577260				Homo sapiens	9606.0	RNA-Seq	TRANSCRIPTOMIC	cDNA	PAIRED	SAMN39624241	PRJNA1069754
Tumor	no	no	no	no	unknown	unknown	SRR27747604	PRJNA1069754	SRP486182	SAMN39624244	SRS20268189	SRX23412867	SRA1792499	9606.0	Homo sapiens	ILLUMINA	Illumina HiSeq 2500	GSM8037875	RNA-Seq	TRANSCRIPTOMIC	cDNA	PAIRED	20129823	6038946900	2024-03-19	2024-03-19		Inflammatory pathways confer resistance to chemoradiotherapy in anal squamous cell carcinoma	Illumina HiSeq 2500 sequencing: GSM8037875: PD.ASCC_25 Homo sapiens RNA-Seq	PD.ASCC_25	PD.ASCC_25	missing	ftp.sra.ebi.ac.uk/vol1/fastq/SRR277/004/SRR27747604/SRR27747604_1.fastq.gz;ftp.sra.ebi.ac.uk/vol1/fastq/SRR277/004/SRR27747604/SRR27747604_2.fastq.gz	9587a8d09d09587d29b2b907f52ac9a6;e9eed8286f4435fb1757b2c3322b2e46	972228925;999525839				Homo sapiens	9606.0	RNA-Seq	TRANSCRIPTOMIC	cDNA	PAIRED	SAMN39624244	PRJNA1069754
Tumor	no	no	no	no	unknown	unknown	SRR27747608	PRJNA1069754	SRP486182	SAMN39624248	SRS20268186	SRX23412863	SRA1792499	9606.0	Homo sapiens	ILLUMINA	Illumina HiSeq 2500	GSM8037871	RNA-Seq	TRANSCRIPTOMIC	cDNA	PAIRED	24737171	7421151300	2024-03-19	2024-03-19		Inflammatory pathways confer resistance to chemoradiotherapy in anal squamous cell carcinoma	Illumina HiSeq 2500 sequencing: GSM8037871: PD.ASCC_16 Homo sapiens RNA-Seq	PD.ASCC_16	PD.ASCC_16	missing	ftp.sra.ebi.ac.uk/vol1/fastq/SRR277/008/SRR27747608/SRR27747608_1.fastq.gz;ftp.sra.ebi.ac.uk/vol1/fastq/SRR277/008/SRR27747608/SRR27747608_2.fastq.gz	e125c81fc8c3c3d3fa15c3bf06fbfc81;fdfca28843d7ed5c3385d16b7ff5da16	1222497155;1239342427				Homo sapiens	9606.0	RNA-Seq	TRANSCRIPTOMIC	cDNA	PAIRED	SAMN39624248	PRJNA1069754
Tumor	no	no	no	no	unknown	unknown	SRR27747614	PRJNA1069754	SRP486182	SAMN39624302	SRS20268178	SRX23412857	SRA1792499	9606.0	Homo sapiens	ILLUMINA	Illumina HiSeq 2500	GSM8037817	RNA-Seq	TRANSCRIPTOMIC	cDNA	PAIRED	30427579	9128273700	2024-03-19	2024-03-19		Inflammatory pathways confer resistance to chemoradiotherapy in anal squamous cell carcinoma	Illumina HiSeq 2500 sequencing: GSM8037817: cCR.ASCC_3 Homo sapiens RNA-Seq	cCR.ASCC_3	cCR.ASCC_3	missing	ftp.sra.ebi.ac.uk/vol1/fastq/SRR277/014/SRR27747614/SRR27747614_1.fastq.gz;ftp.sra.ebi.ac.uk/vol1/fastq/SRR277/014/SRR27747614/SRR27747614_2.fastq.gz	86eb321fc76514ce4f7efd17f0fada1a;abb79232056af0c562c50df648d7c59a	1181028228;1199611855				Homo sapiens	9606.0	RNA-Seq	TRANSCRIPTOMIC	cDNA	PAIRED	SAMN39624302	PRJNA1069754
Tumor	no	no	no	no	unknown	unknown	SRR27747615	PRJNA1069754	SRP486182	SAMN39624303	SRS20268177	SRX23412856	SRA1792499	9606.0	Homo sapiens	ILLUMINA	Illumina HiSeq 2500	GSM8037816	RNA-Seq	TRANSCRIPTOMIC	cDNA	PAIRED	27377147	8213144100	2024-03-19	2024-03-19		Inflammatory pathways confer resistance to chemoradiotherapy in anal squamous cell carcinoma	Illumina HiSeq 2500 sequencing: GSM8037816: cCR.ASCC_28 Homo sapiens RNA-Seq	cCR.ASCC_28	cCR.ASCC_28	missing	ftp.sra.ebi.ac.uk/vol1/fastq/SRR277/015/SRR27747615/SRR27747615_1.fastq.gz;ftp.sra.ebi.ac.uk/vol1/fastq/SRR277/015/SRR27747615/SRR27747615_2.fastq.gz	1dd7ba7b05d1c77b368a88984164a2c4;126db4fc169e0b8b111c9f2b0f3e3d6f	1459035204;1470944976											
Tumor	no	no	no	no	unknown	unknown	SRR27747616	PRJNA1069754	SRP486182	SAMN39624304	SRS20268176	SRX23412855	SRA1792499	9606.0	Homo sapiens	ILLUMINA	Illumina HiSeq 2500	GSM8037815	RNA-Seq	TRANSCRIPTOMIC	cDNA	PAIRED	26782549	8034764700	2024-03-19	2024-03-19		Inflammatory pathways confer resistance to chemoradiotherapy in anal squamous cell carcinoma	Illumina HiSeq 2500 sequencing: GSM8037815: cCR.ASCC_27 Homo sapiens RNA-Seq	cCR.ASCC_27	cCR.ASCC_27	missing	ftp.sra.ebi.ac.uk/vol1/fastq/SRR277/016/SRR27747616/SRR27747616_1.fastq.gz;ftp.sra.ebi.ac.uk/vol1/fastq/SRR277/016/SRR27747616/SRR27747616_2.fastq.gz	1516148a1206dfa90ef7f9f0c2cf1eeb;2dbcacdd3cc36910134d739769e06aae	1396270762;1404535460											
Tumor	no	no	no	no	unknown	unknown	SRR27747619	PRJNA1069754	SRP486182	SAMN39624307	SRS20268173	SRX23412852	SRA1792499	9606.0	Homo sapiens	ILLUMINA	Illumina HiSeq 2500	GSM8037812	RNA-Seq	TRANSCRIPTOMIC	cDNA	PAIRED	24660214	7398064200	2024-03-19	2024-03-19		Inflammatory pathways confer resistance to chemoradiotherapy in anal squamous cell carcinoma	Illumina HiSeq 2500 sequencing: GSM8037812: cCR.ASCC_24 Homo sapiens RNA-Seq	cCR.ASCC_24	cCR.ASCC_24	missing	ftp.sra.ebi.ac.uk/vol1/fastq/SRR277/019/SRR27747619/SRR27747619_1.fastq.gz;ftp.sra.ebi.ac.uk/vol1/fastq/SRR277/019/SRR27747619/SRR27747619_2.fastq.gz	e0404b898b883c2dec8c0b8c2286a6f6;a07600cf38386111aa9bc58d17b4ba40	1224261974;1227112565				Homo sapiens	9606.0	RNA-Seq	TRANSCRIPTOMIC	cDNA	PAIRED	SAMN39624307	PRJNA1069754
Tumor	no	no	no	no	unknown	unknown	SRR27747631	PRJNA1069754	SRP486182	SAMN39624319	SRS20268164	SRX23412840	SRA1792499	9606.0	Homo sapiens	ILLUMINA	Illumina HiSeq 2500	GSM8037800	RNA-Seq	TRANSCRIPTOMIC	cDNA	PAIRED	40585688	12175706400	2024-03-19	2024-03-19		Inflammatory pathways confer resistance to chemoradiotherapy in anal squamous cell carcinoma	Illumina HiSeq 2500 sequencing: GSM8037800: cCR.ASCC_13 Homo sapiens RNA-Seq	cCR.ASCC_13	cCR.ASCC_13	missing	ftp.sra.ebi.ac.uk/vol1/fastq/SRR277/031/SRR27747631/SRR27747631_1.fastq.gz;ftp.sra.ebi.ac.uk/vol1/fastq/SRR277/031/SRR27747631/SRR27747631_2.fastq.gz	3d6266160e880800da310059c949c8b2;81cd0b21ff3fb9ddb9b3f9014ef2e16a	1926368374;1961067045				Homo sapiens	9606.0	RNA-Seq	TRANSCRIPTOMIC	cDNA	PAIRED	SAMN39624319	PRJNA1069754
Tumor	no	no	no	no	unknown	unknown	SRR27747633	PRJNA1069754	SRP486182	SAMN39624321	SRS20268159	SRX23412838	SRA1792499	9606.0	Homo sapiens	ILLUMINA	Illumina HiSeq 2500	GSM8037798	RNA-Seq	TRANSCRIPTOMIC	cDNA	PAIRED	15781125	4734337500	2024-03-19	2024-03-19		Inflammatory pathways confer resistance to chemoradiotherapy in anal squamous cell carcinoma	Illumina HiSeq 2500 sequencing: GSM8037798: cCR.ASCC_11 Homo sapiens RNA-Seq	cCR.ASCC_11	cCR.ASCC_11	missing	ftp.sra.ebi.ac.uk/vol1/fastq/SRR277/033/SRR27747633/SRR27747633_1.fastq.gz;ftp.sra.ebi.ac.uk/vol1/fastq/SRR277/033/SRR27747633/SRR27747633_2.fastq.gz	81e4dbc9ca03bbe7263a0b294c2b3784;c120a48a110cca11e07e4b320b464602	786821500;793995774				Homo sapiens	9606.0	RNA-Seq	TRANSCRIPTOMIC	cDNA	PAIRED	SAMN39624321	PRJNA1069754
Tumor	no	no	no	no	unknown	unknown	SRR27747638	PRJNA1069754	SRP486182	SAMN39624326	SRS20268153	SRX23412833	SRA1792499	9606.0	Homo sapiens	ILLUMINA	Illumina HiSeq 2500	GSM8037793	RNA-Seq	TRANSCRIPTOMIC	cDNA	PAIRED	23530796	7059238800	2024-03-19	2024-03-19		Inflammatory pathways confer resistance to chemoradiotherapy in anal squamous cell carcinoma	Illumina HiSeq 2500 sequencing: GSM8037793: cCR.ASCC_100 Homo sapiens RNA-Seq	cCR.ASCC_100	cCR.ASCC_100	missing	ftp.sra.ebi.ac.uk/vol1/fastq/SRR277/038/SRR27747638/SRR27747638_1.fastq.gz;ftp.sra.ebi.ac.uk/vol1/fastq/SRR277/038/SRR27747638/SRR27747638_2.fastq.gz	ee6137e09b91cf7b7b97ba588c4747ff;cc5d9320863217f8cff9a7839c4273cc	1162922691;1166471890				Homo sapiens	9606.0	RNA-Seq	TRANSCRIPTOMIC	cDNA	PAIRED	SAMN39624326	PRJNA1069754
Tumor	no	no	no	no	unknown	unknown	SRR27747639	PRJNA1069754	SRP486182	SAMN39624327	SRS20268149	SRX23412832	SRA1792499	9606.0	Homo sapiens	ILLUMINA	Illumina HiSeq 2500	GSM8037792	RNA-Seq	TRANSCRIPTOMIC	cDNA	PAIRED	39988611	11996583300	2024-03-19	2024-03-19		Inflammatory pathways confer resistance to chemoradiotherapy in anal squamous cell carcinoma	Illumina HiSeq 2500 sequencing: GSM8037792: cCR.ASCC_10 Homo sapiens RNA-Seq	cCR.ASCC_10	cCR.ASCC_10	missing	ftp.sra.ebi.ac.uk/vol1/fastq/SRR277/039/SRR27747639/SRR27747639_1.fastq.gz;ftp.sra.ebi.ac.uk/vol1/fastq/SRR277/039/SRR27747639/SRR27747639_2.fastq.gz	6e4e8f82d5e551d950f34a3b687b1ef7;e089ed40913f69e6da411b509a7e89f1	2167131975;2182276205				Homo sapiens	9606.0	RNA-Seq	TRANSCRIPTOMIC	cDNA	PAIRED	SAMN39624327	PRJNA1069754
Tumor	no	no	no	no	unknown	unknown	SRR27747640	PRJNA1069754	SRP486182	SAMN39624328	SRS20268147	SRX23412831	SRA1792499	9606.0	Homo sapiens	ILLUMINA	Illumina HiSeq 2500	GSM8037791	RNA-Seq	TRANSCRIPTOMIC	cDNA	PAIRED	39678717	11903615100	2024-03-19	2024-03-19		Inflammatory pathways confer resistance to chemoradiotherapy in anal squamous cell carcinoma	Illumina HiSeq 2500 sequencing: GSM8037791: cCR.ASCC_1 Homo sapiens RNA-Seq	cCR.ASCC_1	cCR.ASCC_1	missing	ftp.sra.ebi.ac.uk/vol1/fastq/SRR277/040/SRR27747640/SRR27747640_1.fastq.gz;ftp.sra.ebi.ac.uk/vol1/fastq/SRR277/040/SRR27747640/SRR27747640_2.fastq.gz	49bc41de96004ffc9a4936e6cf7a6b98;0b7d68fb8b572729ffce36043cc0c166	2139044901;2159134312				Homo sapiens	9606.0	RNA-Seq	TRANSCRIPTOMIC	cDNA	PAIRED	SAMN39624328	PRJNA1069754
Cell line	yes	no	no	no	unknown	unknown	SRR31931318	PRJNA1190521	SRP557572	SAMN46033665	SRS23731220	SRX27288568	SRA2047126	9606.0	Homo sapiens	ILLUMINA	Illumina NovaSeq 6000	Nimblegen_RNA_SeqCap_V3_Pt_165_baseline	RNA-Seq	TRANSCRIPTOMIC	RANDOM	PAIRED	0	0	2025-04-26	2025-04-26	NCI-phs003845	Atezolizumab and Bevacizumab in Treating Patients With Rare Solid Tumors	Illumina NovaSeq 6000 sequencing: Transcriptome Sequencing of Human Sample Pt_165_baseline	"Anal Cancer tumor DNA/RNA sample from Inguinal lymph node of a human female participant in the dbGaP study ""Atezolizumab and Bevacizumab in Treating Patients With Rare Solid Tumors"""	"Anal Cancer tumor DNA/RNA sample from Inguinal lymph node of a human female participant in the dbGaP study ""Atezolizumab and Bevacizumab in Treating Patients With Rare Solid Tumors"""					Protected file(s). Go to dbGap			Homo sapiens	9606.0	RNA-Seq	TRANSCRIPTOMIC	RANDOM	PAIRED	SAMN46033665	PRJNA1190521
Cell line	yes	no	no	no	unknown	unknown	SRR8798088	PRJNA529589	SRP189720	SAMN11270038	SRS4548241	SRX5586934	SRA867151	9606.0	Homo sapiens	ILLUMINA	HiSeq X Ten		RNA-Seq	TRANSCRIPTOMIC	cDNA	PAIRED	50258698	10051739600	2020-04-16	2020-04-16	GEO	Screening key lncRNAs for human rectal adenocarcinoma based on lncRNA-mRNA functional synergistic network	HiSeq X Ten sequencing: GSM3689286: 26PA Homo sapiens RNA-Seq	26PA	26PA		ftp.sra.ebi.ac.uk/vol1/fastq/SRR879/008/SRR8798088/SRR8798088_1.fastq.gz;ftp.sra.ebi.ac.uk/vol1/fastq/SRR879/008/SRR8798088/SRR8798088_2.fastq.gz	f08ef764600186d510d3f4cfe7b3b83e;e415c9f74906c2e0644a5e4c410bb5f3	2370136179;2569008278				Homo sapiens	9606.0	RNA-Seq	TRANSCRIPTOMIC	cDNA	PAIRED	SAMN11270038	PRJNA529589
Cell line	yes	no	no	no	unknown	unknown	SRR8798086	PRJNA529589	SRP189720	SAMN11270040	SRS4548239	SRX5586932	SRA867151	9606.0	Homo sapiens	ILLUMINA	HiSeq X Ten		RNA-Seq	TRANSCRIPTOMIC	cDNA	PAIRED	50626257	10125251400	2020-04-16	2020-04-16	GEO	Screening key lncRNAs for human rectal adenocarcinoma based on lncRNA-mRNA functional synergistic network	HiSeq X Ten sequencing: GSM3689284: 31CA Homo sapiens RNA-Seq	31CA	31CA		ftp.sra.ebi.ac.uk/vol1/fastq/SRR879/006/SRR8798086/SRR8798086_1.fastq.gz;ftp.sra.ebi.ac.uk/vol1/fastq/SRR879/006/SRR8798086/SRR8798086_2.fastq.gz	2e58fa404c522402fa4213d3dc3ed931;355c3f35b5ffae8bb55bd16c89e71a76	2506606866;2784697864				Homo sapiens	9606.0	RNA-Seq	TRANSCRIPTOMIC	cDNA	PAIRED	SAMN11270040	PRJNA529589
Cell line	yes	no	no	no	unknown	unknown	SRR8798085	PRJNA529589	SRP189720	SAMN11270041	SRS4548238	SRX5586931	SRA867151	9606.0	Homo sapiens	ILLUMINA	HiSeq X Ten		RNA-Seq	TRANSCRIPTOMIC	cDNA	PAIRED	50486873	10097374600	2020-04-16	2020-04-16	GEO	Screening key lncRNAs for human rectal adenocarcinoma based on lncRNA-mRNA functional synergistic network	HiSeq X Ten sequencing: GSM3689283: 26CA Homo sapiens RNA-Seq	26CA	26CA		ftp.sra.ebi.ac.uk/vol1/fastq/SRR879/005/SRR8798085/SRR8798085_1.fastq.gz;ftp.sra.ebi.ac.uk/vol1/fastq/SRR879/005/SRR8798085/SRR8798085_2.fastq.gz	2d4db6c829bbdb32c092a60cff7e8fc2;16bf7bd49b40726dedb6d39bcae360c1	2377483944;2580016139				Homo sapiens	9606.0	RNA-Seq	TRANSCRIPTOMIC	cDNA	PAIRED	SAMN11270041	PRJNA529589
Cell line	yes	no	no	no	unknown	unknown	SRR8798089	PRJNA529589	SRP189720	SAMN11270037	SRS4548242	SRX5586935	SRA867151	9606.0	Homo sapiens	ILLUMINA	HiSeq X Ten		RNA-Seq	TRANSCRIPTOMIC	cDNA	PAIRED	50528867	10105773400	2020-04-16	2020-04-16	GEO	Screening key lncRNAs for human rectal adenocarcinoma based on lncRNA-mRNA functional synergistic network	HiSeq X Ten sequencing: GSM3689287: 31PA Homo sapiens RNA-Seq	31PA	31PA		ftp.sra.ebi.ac.uk/vol1/fastq/SRR879/009/SRR8798089/SRR8798089_1.fastq.gz;ftp.sra.ebi.ac.uk/vol1/fastq/SRR879/009/SRR8798089/SRR8798089_2.fastq.gz	76086f603a6a563653ab58a6093329a2;56d8f8bf57a7afa4f4952d6d91d0482a	2394539724;2634392495				Homo sapiens	9606.0	RNA-Seq	TRANSCRIPTOMIC	cDNA	PAIRED	SAMN11270037	PRJNA529589
Cell line	yes	no	no	no	unknown	unknown	SRR8798084	PRJNA529589	SRP189720	SAMN11270042	SRS4548237	SRX5586930	SRA867151	9606.0	Homo sapiens	ILLUMINA	HiSeq X Ten		RNA-Seq	TRANSCRIPTOMIC	cDNA	PAIRED	50409820	10081964000	2020-04-16	2020-04-16	GEO	Screening key lncRNAs for human rectal adenocarcinoma based on lncRNA-mRNA functional synergistic network	HiSeq X Ten sequencing: GSM3689282: 23CA Homo sapiens RNA-Seq	23CA	23CA		ftp.sra.ebi.ac.uk/vol1/fastq/SRR879/004/SRR8798084/SRR8798084_1.fastq.gz;ftp.sra.ebi.ac.uk/vol1/fastq/SRR879/004/SRR8798084/SRR8798084_2.fastq.gz	b4ac4cb6647c759f95e32ef5849ae483;3234e61b44ed6b9a891d878d31a1266d	2342707365;2568092869				Homo sapiens	9606.0	RNA-Seq	TRANSCRIPTOMIC	cDNA	PAIRED	SAMN11270042	PRJNA529589
Cell line	yes	no	no	no	unknown	unknown	SRR8798087	PRJNA529589	SRP189720	SAMN11270039	SRS4548240	SRX5586933	SRA867151	9606.0	Homo sapiens	ILLUMINA	HiSeq X Ten		RNA-Seq	TRANSCRIPTOMIC	cDNA	PAIRED	50447171	10089434200	2020-04-16	2020-04-16	GEO	Screening key lncRNAs for human rectal adenocarcinoma based on lncRNA-mRNA functional synergistic network	HiSeq X Ten sequencing: GSM3689285: 23PA Homo sapiens RNA-Seq	23PA	23PA		ftp.sra.ebi.ac.uk/vol1/fastq/SRR879/007/SRR8798087/SRR8798087_1.fastq.gz;ftp.sra.ebi.ac.uk/vol1/fastq/SRR879/007/SRR8798087/SRR8798087_2.fastq.gz	489a087b260637dcf6c04ede48ae9a6f;a37d9abcd2ca26dd9c99a398b259b011	2280223958;2463699866				Homo sapiens	9606.0	RNA-Seq	TRANSCRIPTOMIC	cDNA	PAIRED	SAMN11270039	PRJNA529589
Tumor	no	no	no	no	unknown	unknown	SRR27533257	PRJNA1064054	SRP483458	SAMN39423034	SRS20127735	SRX23203401	SRA1784799	9606.0	Homo sapiens	ILLUMINA	Illumina HiSeq 2000	GSM8014151	RNA-Seq	TRANSCRIPTOMIC	cDNA	PAIRED	78194566	15387833641	2024-06-28	2024-06-28		Transcriptome analysis reveal novel gene fusions in early onset sporadic rectal cancers	Illumina HiSeq 2000 sequencing: GSM8014151: EOSRC, tumor, sample 8 Homo sapiens RNA-Seq	EOSRC, tumor, sample 8	EOSRC, tumor, sample 8	missing	ftp.sra.ebi.ac.uk/vol1/fastq/SRR275/057/SRR27533257/SRR27533257_1.fastq.gz;ftp.sra.ebi.ac.uk/vol1/fastq/SRR275/057/SRR27533257/SRR27533257_2.fastq.gz	4e88c4518d674af2c1ea95873d46905a;232ea11f07375d3aff1fa3da22879a58	3268865078;3262249701				Homo sapiens	9606.0	RNA-Seq	TRANSCRIPTOMIC	cDNA	PAIRED	SAMN39423034	PRJNA1064054
Tumor	no	no	no	no	unknown	unknown	SRR27533253	PRJNA1064054	SRP483458	SAMN39423033	SRS20127736	SRX23203402	SRA1784799	9606.0	Homo sapiens	ILLUMINA	Illumina HiSeq 2000	GSM8014152	RNA-Seq	TRANSCRIPTOMIC	cDNA	PAIRED	86606071	16776009536	2024-06-28	2024-06-28		Transcriptome analysis reveal novel gene fusions in early onset sporadic rectal cancers	Illumina HiSeq 2000 sequencing: GSM8014152: EOSRC, tumor, sample 9 Homo sapiens RNA-Seq	EOSRC, tumor, sample 9	EOSRC, tumor, sample 9	missing	ftp.sra.ebi.ac.uk/vol1/fastq/SRR275/053/SRR27533253/SRR27533253_1.fastq.gz;ftp.sra.ebi.ac.uk/vol1/fastq/SRR275/053/SRR27533253/SRR27533253_2.fastq.gz	8d108e1339826f1488c03a3498332847;fd39b60fe00822aac138f40ded2bdee0	4171897687;4175052964				Homo sapiens	9606.0	RNA-Seq	TRANSCRIPTOMIC	cDNA	PAIRED	SAMN39423033	PRJNA1064054
Tumor	no	no	no	no	unknown	unknown	SRR27533252	PRJNA1064054	SRP483458	SAMN39423032	SRS20127737	SRX23203403	SRA1784799	9606.0	Homo sapiens	ILLUMINA	Illumina HiSeq 2000	GSM8014153	RNA-Seq	TRANSCRIPTOMIC	cDNA	PAIRED	93487216	18391061451	2024-06-28	2024-06-28		Transcriptome analysis reveal novel gene fusions in early onset sporadic rectal cancers	Illumina HiSeq 2000 sequencing: GSM8014153: EOSRC, tumor, sample 10 Homo sapiens RNA-Seq	EOSRC, tumor, sample 10	EOSRC, tumor, sample 10	missing	ftp.sra.ebi.ac.uk/vol1/fastq/SRR275/052/SRR27533252/SRR27533252_1.fastq.gz;ftp.sra.ebi.ac.uk/vol1/fastq/SRR275/052/SRR27533252/SRR27533252_2.fastq.gz	6e34a07658bb41968ddaca68b040c418;cdf0bdb3fc7ab655077568d7c4c18dff	3869832864;3819159310				Homo sapiens	9606.0	RNA-Seq	TRANSCRIPTOMIC	cDNA	PAIRED	SAMN39423032	PRJNA1064054
Tumor	no	no	no	no	unknown	unknown	SRR27533251	PRJNA1064054	SRP483458	SAMN39423031	SRS20127738	SRX23203404	SRA1784799	9606.0	Homo sapiens	ILLUMINA	Illumina HiSeq 2000	GSM8014154	RNA-Seq	TRANSCRIPTOMIC	cDNA	PAIRED	78578783	15466409030	2024-06-28	2024-06-28		Transcriptome analysis reveal novel gene fusions in early onset sporadic rectal cancers	Illumina HiSeq 2000 sequencing: GSM8014154: EOSRC, tumor, sample 11 Homo sapiens RNA-Seq	EOSRC, tumor, sample 11	EOSRC, tumor, sample 11	missing	ftp.sra.ebi.ac.uk/vol1/fastq/SRR275/051/SRR27533251/SRR27533251_1.fastq.gz;ftp.sra.ebi.ac.uk/vol1/fastq/SRR275/051/SRR27533251/SRR27533251_2.fastq.gz	e1837c29f42061840d7e0677b9fd0395;510ed4901a1c728e5e43e69fa84b9a93	3310341999;3278171822				Homo sapiens	9606.0	RNA-Seq	TRANSCRIPTOMIC	cDNA	PAIRED	SAMN39423031	PRJNA1064054
Tumor	no	no	no	no	unknown	unknown	SRR27533250	PRJNA1064054	SRP483458	SAMN39423030	SRS20127739	SRX23203405	SRA1784799	9606.0	Homo sapiens	ILLUMINA	Illumina HiSeq 2000	GSM8014155	RNA-Seq	TRANSCRIPTOMIC	cDNA	PAIRED	90068527	17714864056	2024-06-28	2024-06-28		Transcriptome analysis reveal novel gene fusions in early onset sporadic rectal cancers	Illumina HiSeq 2000 sequencing: GSM8014155: EOSRC, tumor, sample 12 Homo sapiens RNA-Seq	EOSRC, tumor, sample 12	EOSRC, tumor, sample 12	missing	ftp.sra.ebi.ac.uk/vol1/fastq/SRR275/050/SRR27533250/SRR27533250_1.fastq.gz;ftp.sra.ebi.ac.uk/vol1/fastq/SRR275/050/SRR27533250/SRR27533250_2.fastq.gz	d73bafbf7db02571a1c65ced984f8324;8633b49f2e8fe53aa6d120bb3f4fe4e3	2954987930;3135421875				Homo sapiens	9606.0	RNA-Seq	TRANSCRIPTOMIC	cDNA	PAIRED	SAMN39423030	PRJNA1064054
Tumor	no	no	no	no	unknown	unknown	SRR27533248	PRJNA1064054	SRP483458	SAMN39423029	SRS20127740	SRX23203406	SRA1784799	9606.0	Homo sapiens	ILLUMINA	Illumina HiSeq 2000	GSM8014156	RNA-Seq	TRANSCRIPTOMIC	cDNA	PAIRED	108521324	21125221303	2024-06-28	2024-06-28		Transcriptome analysis reveal novel gene fusions in early onset sporadic rectal cancers	Illumina HiSeq 2000 sequencing: GSM8014156: EOSRC, tumor, sample 13 Homo sapiens RNA-Seq	EOSRC, tumor, sample 13	EOSRC, tumor, sample 13	missing	ftp.sra.ebi.ac.uk/vol1/fastq/SRR275/048/SRR27533248/SRR27533248_1.fastq.gz;ftp.sra.ebi.ac.uk/vol1/fastq/SRR275/048/SRR27533248/SRR27533248_2.fastq.gz	732ab799d04b718ce0cb2fd80089666d;42d23915669994903ed4c065526e819a	4099646555;4047485501				Homo sapiens	9606.0	RNA-Seq	TRANSCRIPTOMIC	cDNA	PAIRED	SAMN39423029	PRJNA1064054
Tumor	no	no	no	no	unknown	unknown	SRR27533247	PRJNA1064054	SRP483458	SAMN39423028	SRS20127741	SRX23203407	SRA1784799	9606.0	Homo sapiens	ILLUMINA	Illumina HiSeq 2000	GSM8014157	RNA-Seq	TRANSCRIPTOMIC	cDNA	PAIRED	167656157	32924097667	2024-06-28	2024-06-28		Transcriptome analysis reveal novel gene fusions in early onset sporadic rectal cancers	Illumina HiSeq 2000 sequencing: GSM8014157: EOSRC, tumor, sample 14 Homo sapiens RNA-Seq	EOSRC, tumor, sample 14	EOSRC, tumor, sample 14	missing	ftp.sra.ebi.ac.uk/vol1/fastq/SRR275/047/SRR27533247/SRR27533247_1.fastq.gz;ftp.sra.ebi.ac.uk/vol1/fastq/SRR275/047/SRR27533247/SRR27533247_2.fastq.gz	61adcd066ae1b3535f67d5b16ec2b0ab;265a15e6984c1c0dfeb63a47ce2c51dc	5420549752;5871044859											
Tumor	no	no	no	no	unknown	unknown	SRR27533246	PRJNA1064054	SRP483458	SAMN39423027	SRS20127742	SRX23203408	SRA1784799	9606.0	Homo sapiens	ILLUMINA	Illumina HiSeq 2000	GSM8014158	RNA-Seq	TRANSCRIPTOMIC	cDNA	PAIRED	75751820	14674772301	2024-06-28	2024-06-28		Transcriptome analysis reveal novel gene fusions in early onset sporadic rectal cancers	Illumina HiSeq 2000 sequencing: GSM8014158: EOSRC, tumor, sample 15 Homo sapiens RNA-Seq	EOSRC, tumor, sample 15	EOSRC, tumor, sample 15	missing	ftp.sra.ebi.ac.uk/vol1/fastq/SRR275/046/SRR27533246/SRR27533246_1.fastq.gz;ftp.sra.ebi.ac.uk/vol1/fastq/SRR275/046/SRR27533246/SRR27533246_2.fastq.gz	95b647aaaccc602a731a82c69d7c9c5b;f79674649339a74769b307d7e3edd186	3609580072;3696895552				Homo sapiens	9606.0	RNA-Seq	TRANSCRIPTOMIC	cDNA	PAIRED	SAMN39423027	PRJNA1064054
Tumor	no	no	no	no	unknown	unknown	SRR27533249	PRJNA1064054	SRP483458	SAMN39423026	SRS20127743	SRX23203409	SRA1784799	9606.0	Homo sapiens	ILLUMINA	Illumina HiSeq 2000	GSM8014159	RNA-Seq	TRANSCRIPTOMIC	cDNA	PAIRED	77579151	15160665791	2024-06-28	2024-06-28		Transcriptome analysis reveal novel gene fusions in early onset sporadic rectal cancers	Illumina HiSeq 2000 sequencing: GSM8014159: EOSRC, tumor, sample 16 Homo sapiens RNA-Seq	EOSRC, tumor, sample 16	EOSRC, tumor, sample 16	missing	ftp.sra.ebi.ac.uk/vol1/fastq/SRR275/049/SRR27533249/SRR27533249_1.fastq.gz;ftp.sra.ebi.ac.uk/vol1/fastq/SRR275/049/SRR27533249/SRR27533249_2.fastq.gz	825254119f3d25b171f91fce3e645193;d1ecf81d6ac186f5b26eff223a64bc4e	2879673853;3129084274				Homo sapiens	9606.0	RNA-Seq	TRANSCRIPTOMIC	cDNA	PAIRED	SAMN39423026	PRJNA1064054
Tumor	no	no	no	no	unknown	unknown	SRR27533245	PRJNA1064054	SRP483458	SAMN39423025	SRS20127744	SRX23203410	SRA1784799	9606.0	Homo sapiens	ILLUMINA	Illumina HiSeq 2000	GSM8014160	RNA-Seq	TRANSCRIPTOMIC	cDNA	PAIRED	58021217	11125216557	2024-06-28	2024-06-28		Transcriptome analysis reveal novel gene fusions in early onset sporadic rectal cancers	Illumina HiSeq 2000 sequencing: GSM8014160: EOSRC, tumor, sample 17 Homo sapiens RNA-Seq	EOSRC, tumor, sample 17	EOSRC, tumor, sample 17	missing	ftp.sra.ebi.ac.uk/vol1/fastq/SRR275/045/SRR27533245/SRR27533245_1.fastq.gz;ftp.sra.ebi.ac.uk/vol1/fastq/SRR275/045/SRR27533245/SRR27533245_2.fastq.gz	d059f56d99651ff43eb983503b858f77;0887d7c488aebc63d496efd3404ae241	2431483954;2735333187				Homo sapiens	9606.0	RNA-Seq	TRANSCRIPTOMIC	cDNA	PAIRED	SAMN39423025	PRJNA1064054
Tumor	no	no	no	no	unknown	unknown	SRR27533244	PRJNA1064054	SRP483458	SAMN39423024	SRS20127745	SRX23203411	SRA1784799	9606.0	Homo sapiens	ILLUMINA	Illumina HiSeq 2000	GSM8014161	RNA-Seq	TRANSCRIPTOMIC	cDNA	PAIRED	78143325	15306435327	2024-06-28	2024-06-28		Transcriptome analysis reveal novel gene fusions in early onset sporadic rectal cancers	Illumina HiSeq 2000 sequencing: GSM8014161: EOSRC, tumor, sample 18 Homo sapiens RNA-Seq	EOSRC, tumor, sample 18	EOSRC, tumor, sample 18	missing	ftp.sra.ebi.ac.uk/vol1/fastq/SRR275/044/SRR27533244/SRR27533244_1.fastq.gz;ftp.sra.ebi.ac.uk/vol1/fastq/SRR275/044/SRR27533244/SRR27533244_2.fastq.gz	4655e4626dd9d4268114003a6219cffe;dd37960c8a762741c4247ee6723a9876	2734553153;2948728102				Homo sapiens	9606.0	RNA-Seq	TRANSCRIPTOMIC	cDNA	PAIRED	SAMN39423024	PRJNA1064054
Tumor	no	no	no	no	unknown	unknown	SRR27533243	PRJNA1064054	SRP483458	SAMN39423023	SRS20127746	SRX23203412	SRA1784799	9606.0	Homo sapiens	ILLUMINA	Illumina HiSeq 2000	GSM8014162	RNA-Seq	TRANSCRIPTOMIC	cDNA	PAIRED	60791578	11787069494	2024-06-28	2024-06-28		Transcriptome analysis reveal novel gene fusions in early onset sporadic rectal cancers	Illumina HiSeq 2000 sequencing: GSM8014162: EOSRC, tumor, sample 19 Homo sapiens RNA-Seq	EOSRC, tumor, sample 19	EOSRC, tumor, sample 19	missing	ftp.sra.ebi.ac.uk/vol1/fastq/SRR275/043/SRR27533243/SRR27533243_1.fastq.gz;ftp.sra.ebi.ac.uk/vol1/fastq/SRR275/043/SRR27533243/SRR27533243_2.fastq.gz	e4cd1f1534460ff3338380308b6cb5fa;8487f5df259cf5bbcfbceb342161e379	2394616097;2604326008				Homo sapiens	9606.0	RNA-Seq	TRANSCRIPTOMIC	cDNA	PAIRED	SAMN39423023	PRJNA1064054
Tumor	no	no	no	no	unknown	unknown	SRR27533242	PRJNA1064054	SRP483458	SAMN39423022	SRS20127747	SRX23203413	SRA1784799	9606.0	Homo sapiens	ILLUMINA	Illumina HiSeq 2000	GSM8014163	RNA-Seq	TRANSCRIPTOMIC	cDNA	PAIRED	81424329	15946973748	2024-06-28	2024-06-28		Transcriptome analysis reveal novel gene fusions in early onset sporadic rectal cancers	Illumina HiSeq 2000 sequencing: GSM8014163: EOSRC, tumor, sample 20 Homo sapiens RNA-Seq	EOSRC, tumor, sample 20	EOSRC, tumor, sample 20	missing	ftp.sra.ebi.ac.uk/vol1/fastq/SRR275/042/SRR27533242/SRR27533242_1.fastq.gz;ftp.sra.ebi.ac.uk/vol1/fastq/SRR275/042/SRR27533242/SRR27533242_2.fastq.gz	01eba4d48e3498ab4ef9ef0cc1e37116;4eee1df954f0f715e309e4b8386f6460	2968259606;3155223267				Homo sapiens	9606.0	RNA-Seq	TRANSCRIPTOMIC	cDNA	PAIRED	SAMN39423022	PRJNA1064054
Tumor	no	no	no	no	unknown	unknown	SRR27533240	PRJNA1064054	SRP483458	SAMN39423021	SRS20127748	SRX23203414	SRA1784799	9606.0	Homo sapiens	ILLUMINA	Illumina HiSeq 2000	GSM8014164	RNA-Seq	TRANSCRIPTOMIC	cDNA	PAIRED	65545363	12727293850	2024-06-28	2024-06-28		Transcriptome analysis reveal novel gene fusions in early onset sporadic rectal cancers	Illumina HiSeq 2000 sequencing: GSM8014164: EOSRC, tumor, sample 21 Homo sapiens RNA-Seq	EOSRC, tumor, sample 21	EOSRC, tumor, sample 21	missing	ftp.sra.ebi.ac.uk/vol1/fastq/SRR275/040/SRR27533240/SRR27533240_1.fastq.gz;ftp.sra.ebi.ac.uk/vol1/fastq/SRR275/040/SRR27533240/SRR27533240_2.fastq.gz	28ab3af32f9768c34173677be4b700a6;44f48f47b824550112a4b225b1dbbc47	3025582459;3089143420				Homo sapiens	9606.0	RNA-Seq	TRANSCRIPTOMIC	cDNA	PAIRED	SAMN39423021	PRJNA1064054
Tumor	no	no	no	no	unknown	unknown	SRR27533239	PRJNA1064054	SRP483458	SAMN39423020	SRS20127749	SRX23203415	SRA1784799	9606.0	Homo sapiens	ILLUMINA	Illumina HiSeq 2000	GSM8014165	RNA-Seq	TRANSCRIPTOMIC	cDNA	PAIRED	65285617	12631468751	2024-06-28	2024-06-28		Transcriptome analysis reveal novel gene fusions in early onset sporadic rectal cancers	Illumina HiSeq 2000 sequencing: GSM8014165: EOSRC, tumor, sample 22 Homo sapiens RNA-Seq	EOSRC, tumor, sample 22	EOSRC, tumor, sample 22	missing	ftp.sra.ebi.ac.uk/vol1/fastq/SRR275/039/SRR27533239/SRR27533239_1.fastq.gz;ftp.sra.ebi.ac.uk/vol1/fastq/SRR275/039/SRR27533239/SRR27533239_2.fastq.gz	4a5c81852b7ec991a6ab9af38db7ce4c;81f3ccc5693ae9c1ab0c949484f39b5b	3019855638;3083798566											
Tumor	no	no	no	no	unknown	unknown	SRR27533238	PRJNA1064054	SRP483458	SAMN39423019	SRS20127750	SRX23203416	SRA1784799	9606.0	Homo sapiens	ILLUMINA	Illumina HiSeq 2000	GSM8014166	RNA-Seq	TRANSCRIPTOMIC	cDNA	PAIRED	93119170	18084498789	2024-06-28	2024-06-28		Transcriptome analysis reveal novel gene fusions in early onset sporadic rectal cancers	Illumina HiSeq 2000 sequencing: GSM8014166: EOSRC, tumor, sample 23 Homo sapiens RNA-Seq	EOSRC, tumor, sample 23	EOSRC, tumor, sample 23	missing	ftp.sra.ebi.ac.uk/vol1/fastq/SRR275/038/SRR27533238/SRR27533238_1.fastq.gz;ftp.sra.ebi.ac.uk/vol1/fastq/SRR275/038/SRR27533238/SRR27533238_2.fastq.gz	0be4afce9f6e18044a6810f917de9526;15a148ac5d308ed35786df33a83855d1	4152631983;4292377929											
Tumor	no	no	no	no	unknown	unknown	SRR27533241	PRJNA1064054	SRP483458	SAMN39423018	SRS20127751	SRX23203417	SRA1784799	9606.0	Homo sapiens	ILLUMINA	Illumina HiSeq 2000	GSM8014167	RNA-Seq	TRANSCRIPTOMIC	cDNA	PAIRED	99123186	19241624691	2024-06-28	2024-06-28		Transcriptome analysis reveal novel gene fusions in early onset sporadic rectal cancers	Illumina HiSeq 2000 sequencing: GSM8014167: EOSRC, tumor, sample 24 Homo sapiens RNA-Seq	EOSRC, tumor, sample 24	EOSRC, tumor, sample 24	missing	ftp.sra.ebi.ac.uk/vol1/fastq/SRR275/041/SRR27533241/SRR27533241_1.fastq.gz;ftp.sra.ebi.ac.uk/vol1/fastq/SRR275/041/SRR27533241/SRR27533241_2.fastq.gz	db0e43c19cd1d51714c0645d722ef987;aef943eff5948879b8f1785f3390af12	4506759453;4546020105				Homo sapiens	9606.0	RNA-Seq	TRANSCRIPTOMIC	cDNA	PAIRED	SAMN39423018	PRJNA1064054
Tumor	no	no	no	no	unknown	unknown	SRR27533237	PRJNA1064054	SRP483458	SAMN39423017	SRS20127752	SRX23203418	SRA1784799	9606.0	Homo sapiens	ILLUMINA	Illumina HiSeq 2000	GSM8014168	RNA-Seq	TRANSCRIPTOMIC	cDNA	PAIRED	99230798	19270340216	2024-06-28	2024-06-28		Transcriptome analysis reveal novel gene fusions in early onset sporadic rectal cancers	Illumina HiSeq 2000 sequencing: GSM8014168: EOSRC, tumor, sample 25 Homo sapiens RNA-Seq	EOSRC, tumor, sample 25	EOSRC, tumor, sample 25	missing	ftp.sra.ebi.ac.uk/vol1/fastq/SRR275/037/SRR27533237/SRR27533237_1.fastq.gz;ftp.sra.ebi.ac.uk/vol1/fastq/SRR275/037/SRR27533237/SRR27533237_2.fastq.gz	1dfba3015037ee40922fa161206271fa;918933103977e5c6e29bf91f541d7885	4651521237;4654052935				Homo sapiens	9606.0	RNA-Seq	TRANSCRIPTOMIC	cDNA	PAIRED	SAMN39423017	PRJNA1064054
Tumor	no	no	no	no	unknown	unknown	SRR27533236	PRJNA1064054	SRP483458	SAMN39423016	SRS20127753	SRX23203419	SRA1784799	9606.0	Homo sapiens	ILLUMINA	Illumina HiSeq 2000	GSM8014169	RNA-Seq	TRANSCRIPTOMIC	cDNA	PAIRED	69952797	13516569113	2024-06-28	2024-06-28		Transcriptome analysis reveal novel gene fusions in early onset sporadic rectal cancers	Illumina HiSeq 2000 sequencing: GSM8014169: EOSRC, tumor, sample 26 Homo sapiens RNA-Seq	EOSRC, tumor, sample 26	EOSRC, tumor, sample 26	missing	ftp.sra.ebi.ac.uk/vol1/fastq/SRR275/036/SRR27533236/SRR27533236_1.fastq.gz;ftp.sra.ebi.ac.uk/vol1/fastq/SRR275/036/SRR27533236/SRR27533236_2.fastq.gz	620c100b1eec7cf113573b1006187707;8047771a2f89b77ff0b0a0ae7fe74a95	3352204802;3445842008				Homo sapiens	9606.0	RNA-Seq	TRANSCRIPTOMIC	cDNA	PAIRED	SAMN39423016	PRJNA1064054
Tumor	no	no	no	no	unknown	unknown	SRR27533235	PRJNA1064054	SRP483458	SAMN39423015	SRS20127754	SRX23203420	SRA1784799	9606.0	Homo sapiens	ILLUMINA	Illumina HiSeq 2000	GSM8014170	RNA-Seq	TRANSCRIPTOMIC	cDNA	PAIRED	66695717	13136021206	2024-06-28	2024-06-28		Transcriptome analysis reveal novel gene fusions in early onset sporadic rectal cancers	Illumina HiSeq 2000 sequencing: GSM8014170: EOSRC, tumor, sample 27 Homo sapiens RNA-Seq	EOSRC, tumor, sample 27	EOSRC, tumor, sample 27	missing	ftp.sra.ebi.ac.uk/vol1/fastq/SRR275/035/SRR27533235/SRR27533235_1.fastq.gz;ftp.sra.ebi.ac.uk/vol1/fastq/SRR275/035/SRR27533235/SRR27533235_2.fastq.gz	4905c0d2998b36da50e4a6964f3d4479;ab28f403986b2ea49e2ef5ad39dd616d	2792111620;2787057305											
Tumor	no	no	no	no	unknown	unknown	SRR27533234	PRJNA1064054	SRP483458	SAMN39423014	SRS20127755	SRX23203421	SRA1784799	9606.0	Homo sapiens	ILLUMINA	Illumina HiSeq 2000	GSM8014171	RNA-Seq	TRANSCRIPTOMIC	cDNA	PAIRED	86306689	16759510984	2024-06-28	2024-06-28		Transcriptome analysis reveal novel gene fusions in early onset sporadic rectal cancers	Illumina HiSeq 2000 sequencing: GSM8014171: EOSRC, tumor, sample 28 Homo sapiens RNA-Seq	EOSRC, tumor, sample 28	EOSRC, tumor, sample 28	missing	ftp.sra.ebi.ac.uk/vol1/fastq/SRR275/034/SRR27533234/SRR27533234_1.fastq.gz;ftp.sra.ebi.ac.uk/vol1/fastq/SRR275/034/SRR27533234/SRR27533234_2.fastq.gz	1b7294d6c86eb6641051ef005d1b96b9;e15a99bb52f08803d310b2f243d31db2	3689360767;3758550015				Homo sapiens	9606.0	RNA-Seq	TRANSCRIPTOMIC	cDNA	PAIRED	SAMN39423014	PRJNA1064054
Tumor	no	no	no	no	unknown	unknown	SRR27533233	PRJNA1064054	SRP483458	SAMN39423013	SRS20127757	SRX23203422	SRA1784799	9606.0	Homo sapiens	ILLUMINA	Illumina HiSeq 2000	GSM8014172	RNA-Seq	TRANSCRIPTOMIC	cDNA	PAIRED	87498031	16991012056	2024-06-28	2024-06-28		Transcriptome analysis reveal novel gene fusions in early onset sporadic rectal cancers	Illumina HiSeq 2000 sequencing: GSM8014172: EOSRC, tumor, sample 29 Homo sapiens RNA-Seq	EOSRC, tumor, sample 29	EOSRC, tumor, sample 29	missing	ftp.sra.ebi.ac.uk/vol1/fastq/SRR275/033/SRR27533233/SRR27533233_1.fastq.gz;ftp.sra.ebi.ac.uk/vol1/fastq/SRR275/033/SRR27533233/SRR27533233_2.fastq.gz	334eae6e82e9999d305873fc4770a9a8;22166021c0a68e858c3a7a18002927ff	3858213936;3919452894				Homo sapiens	9606.0	RNA-Seq	TRANSCRIPTOMIC	cDNA	PAIRED	SAMN39423013	PRJNA1064054
Tumor	no	no	no	no	unknown	unknown	SRR27533232	PRJNA1064054	SRP483458	SAMN39423012	SRS20127756	SRX23203423	SRA1784799	9606.0	Homo sapiens	ILLUMINA	Illumina HiSeq 2000	GSM8014173	RNA-Seq	TRANSCRIPTOMIC	cDNA	PAIRED	85218364	16599889447	2024-06-28	2024-06-28		Transcriptome analysis reveal novel gene fusions in early onset sporadic rectal cancers	Illumina HiSeq 2000 sequencing: GSM8014173: EOSRC, tumor, sample 30 Homo sapiens RNA-Seq	EOSRC, tumor, sample 30	EOSRC, tumor, sample 30	missing	ftp.sra.ebi.ac.uk/vol1/fastq/SRR275/032/SRR27533232/SRR27533232_1.fastq.gz;ftp.sra.ebi.ac.uk/vol1/fastq/SRR275/032/SRR27533232/SRR27533232_2.fastq.gz	9338188913baca614c56e9456946fcf1;d55a7c60d82d119bab354e621211e394	3330121280;3439820372				Homo sapiens	9606.0	RNA-Seq	TRANSCRIPTOMIC	cDNA	PAIRED	SAMN39423012	PRJNA1064054
Tumor	no	no	no	no	unknown	unknown	SRR27533231	PRJNA1064054	SRP483458	SAMN39423011	SRS20127764	SRX23203424	SRA1784799	9606.0	Homo sapiens	ILLUMINA	Illumina HiSeq 2000	GSM8014174	RNA-Seq	TRANSCRIPTOMIC	cDNA	PAIRED	70577093	13745352485	2024-06-28	2024-06-28		Transcriptome analysis reveal novel gene fusions in early onset sporadic rectal cancers	Illumina HiSeq 2000 sequencing: GSM8014174: EOSRC, tumor, sample 31 Homo sapiens RNA-Seq	EOSRC, tumor, sample 31	EOSRC, tumor, sample 31	missing	ftp.sra.ebi.ac.uk/vol1/fastq/SRR275/031/SRR27533231/SRR27533231_1.fastq.gz;ftp.sra.ebi.ac.uk/vol1/fastq/SRR275/031/SRR27533231/SRR27533231_2.fastq.gz	b54b04cdfc4f54beda6383f5bd0d9909;ff96d91803db43387e0da880c084b1ab	3036638281;3034809959											
Tumor	no	no	no	no	unknown	unknown	SRR27533230	PRJNA1064054	SRP483458	SAMN39423010	SRS20127758	SRX23203425	SRA1784799	9606.0	Homo sapiens	ILLUMINA	Illumina HiSeq 2000	GSM8014175	RNA-Seq	TRANSCRIPTOMIC	cDNA	PAIRED	72418348	14038347074	2024-06-28	2024-06-28		Transcriptome analysis reveal novel gene fusions in early onset sporadic rectal cancers	Illumina HiSeq 2000 sequencing: GSM8014175: EOSRC, tumor, sample 32 Homo sapiens RNA-Seq	EOSRC, tumor, sample 32	EOSRC, tumor, sample 32	missing	ftp.sra.ebi.ac.uk/vol1/fastq/SRR275/030/SRR27533230/SRR27533230_1.fastq.gz;ftp.sra.ebi.ac.uk/vol1/fastq/SRR275/030/SRR27533230/SRR27533230_2.fastq.gz	9363e0b45eec5aa36e97e095cc8108c2;c8b61dbaa0aaf45f2e3aa401d120dc12	3488183782;3449784334				Homo sapiens	9606.0	RNA-Seq	TRANSCRIPTOMIC	cDNA	PAIRED	SAMN39423010	PRJNA1064054
Tumor	no	no	no	no	unknown	unknown	SRR27533229	PRJNA1064054	SRP483458	SAMN39423009	SRS20127766	SRX23203426	SRA1784799	9606.0	Homo sapiens	ILLUMINA	Illumina HiSeq 2000	GSM8014176	RNA-Seq	TRANSCRIPTOMIC	cDNA	PAIRED	109085424	21133667064	2024-06-28	2024-06-28		Transcriptome analysis reveal novel gene fusions in early onset sporadic rectal cancers	Illumina HiSeq 2000 sequencing: GSM8014176: EOSRC, tumor, sample 33 Homo sapiens RNA-Seq	EOSRC, tumor, sample 33	EOSRC, tumor, sample 33	missing	ftp.sra.ebi.ac.uk/vol1/fastq/SRR275/029/SRR27533229/SRR27533229_1.fastq.gz;ftp.sra.ebi.ac.uk/vol1/fastq/SRR275/029/SRR27533229/SRR27533229_2.fastq.gz	027494eb55835879f4fa42c28fa0d2c2;47a4e0e81da6d1d0490c2f7ca43f9e13	5190345277;5217770810				Homo sapiens	9606.0	RNA-Seq	TRANSCRIPTOMIC	cDNA	PAIRED	SAMN39423009	PRJNA1064054
Tumor	no	no	no	no	unknown	unknown	SRR27533228	PRJNA1064054	SRP483458	SAMN39423008	SRS20127767	SRX23203427	SRA1784799	9606.0	Homo sapiens	ILLUMINA	Illumina HiSeq 2000	GSM8014177	RNA-Seq	TRANSCRIPTOMIC	cDNA	PAIRED	102286346	20148770568	2024-06-28	2024-06-28		Transcriptome analysis reveal novel gene fusions in early onset sporadic rectal cancers	Illumina HiSeq 2000 sequencing: GSM8014177: EOSRC, tumor, sample 34 Homo sapiens RNA-Seq	EOSRC, tumor, sample 34	EOSRC, tumor, sample 34	missing	ftp.sra.ebi.ac.uk/vol1/fastq/SRR275/028/SRR27533228/SRR27533228_1.fastq.gz;ftp.sra.ebi.ac.uk/vol1/fastq/SRR275/028/SRR27533228/SRR27533228_2.fastq.gz	a3a17c4b290a3dd3f756ba4ae554181b;ed65f443cc4254798a08b4c556bb2431	4181027023;4177342204				Homo sapiens	9606.0	RNA-Seq	TRANSCRIPTOMIC	cDNA	PAIRED	SAMN39423008	PRJNA1064054
Tumor	no	no	no	no	unknown	unknown	SRR27533227	PRJNA1064054	SRP483458	SAMN39423007	SRS20127763	SRX23203428	SRA1784799	9606.0	Homo sapiens	ILLUMINA	Illumina HiSeq 2000	GSM8014178	RNA-Seq	TRANSCRIPTOMIC	cDNA	PAIRED	116328233	22913130460	2024-06-28	2024-06-28		Transcriptome analysis reveal novel gene fusions in early onset sporadic rectal cancers	Illumina HiSeq 2000 sequencing: GSM8014178: EOSRC, tumor, sample 35 Homo sapiens RNA-Seq	EOSRC, tumor, sample 35	EOSRC, tumor, sample 35	missing	ftp.sra.ebi.ac.uk/vol1/fastq/SRR275/027/SRR27533227/SRR27533227_1.fastq.gz;ftp.sra.ebi.ac.uk/vol1/fastq/SRR275/027/SRR27533227/SRR27533227_2.fastq.gz	4a885bf3181a127f9d887d3028dadb8c;23045bfc2b7428c9ad1556dfbf817b24	4424398935;4349355374				Homo sapiens	9606.0	RNA-Seq	TRANSCRIPTOMIC	cDNA	PAIRED	SAMN39423007	PRJNA1064054
Tumor	no	no	no	no	unknown	unknown	SRR27533226	PRJNA1064054	SRP483458	SAMN39423006	SRS20127765	SRX23203429	SRA1784799	9606.0	Homo sapiens	ILLUMINA	Illumina HiSeq 2000	GSM8014179	RNA-Seq	TRANSCRIPTOMIC	cDNA	PAIRED	84526625	16561788666	2024-06-28	2024-06-28		Transcriptome analysis reveal novel gene fusions in early onset sporadic rectal cancers	Illumina HiSeq 2000 sequencing: GSM8014179: EOSRC, tumor, sample 36 Homo sapiens RNA-Seq	EOSRC, tumor, sample 36	EOSRC, tumor, sample 36	missing	ftp.sra.ebi.ac.uk/vol1/fastq/SRR275/026/SRR27533226/SRR27533226_1.fastq.gz;ftp.sra.ebi.ac.uk/vol1/fastq/SRR275/026/SRR27533226/SRR27533226_2.fastq.gz	fde8e261d9773cc2ee0026ae51649479;c98ac7a6a9c20f06ab07e8137646173d	2983416007;3120056090				Homo sapiens	9606.0	RNA-Seq	TRANSCRIPTOMIC	cDNA	PAIRED	SAMN39423006	PRJNA1064054
Tumor	no	no	no	no	unknown	unknown	SRR27533225	PRJNA1064054	SRP483458	SAMN39423005	SRS20127759	SRX23203430	SRA1784799	9606.0	Homo sapiens	ILLUMINA	Illumina HiSeq 2000	GSM8014180	RNA-Seq	TRANSCRIPTOMIC	cDNA	PAIRED	51381232	10152940102	2024-06-28	2024-06-28		Transcriptome analysis reveal novel gene fusions in early onset sporadic rectal cancers	Illumina HiSeq 2000 sequencing: GSM8014180: EOSRC, tumor, sample 37 Homo sapiens RNA-Seq	EOSRC, tumor, sample 37	EOSRC, tumor, sample 37	missing	ftp.sra.ebi.ac.uk/vol1/fastq/SRR275/025/SRR27533225/SRR27533225_1.fastq.gz;ftp.sra.ebi.ac.uk/vol1/fastq/SRR275/025/SRR27533225/SRR27533225_2.fastq.gz	320379627f948a5bc783b2f747e82ff1;fc989a6505563336e1e7ec8fdf2e4521	1636018784;1733331682				Homo sapiens	9606.0	RNA-Seq	TRANSCRIPTOMIC	cDNA	PAIRED	SAMN39423005	PRJNA1064054
Tumor	no	no	no	no	unknown	unknown	SRR31724709	PRJNA1198626	SRP551608	SAMN45847077	SRS23546073	SRX27087055	SRA2034573			ILLUMINA	NextSeq 2000	AND6236-16	RNA-Seq	TRANSCRIPTOMIC	PolyA	SINGLE	24963589	1250530497	2024-12-17	2024-12-17	SUB14916098	RNA sequencing data of radioresistant and radiosensitive organoids at day 0 and 24h following 10Gy irradiation	NextSeq 2000 sequencing: RNA-Seq of Homo sapiens Rectal cancer derived organoids, 24h after 10Gy irradiation.				ftp.sra.ebi.ac.uk/vol1/fastq/SRR317/009/SRR31724709/SRR31724709.fastq.gz	52907a63eba6aaa4ff728f4a80d74fb6	328139717				Homo sapiens	9606.0	RNA-Seq	TRANSCRIPTOMIC	PolyA	SINGLE	SAMN45847077	PRJNA1198626
Tumor	no	no	no	no	unknown	unknown	SRR31724708	PRJNA1198626	SRP551608	SAMN45847078	SRS23546074	SRX27087056	SRA2034573			ILLUMINA	NextSeq 2000	AND6236-17	RNA-Seq	TRANSCRIPTOMIC	PolyA	SINGLE	25984649	1295705762	2024-12-17	2024-12-17	SUB14916098	RNA sequencing data of radioresistant and radiosensitive organoids at day 0 and 24h following 10Gy irradiation	NextSeq 2000 sequencing: RNA-Seq of Homo sapiens Rectal cancer derived organoids, 24h after 10Gy irradiation.				ftp.sra.ebi.ac.uk/vol1/fastq/SRR317/008/SRR31724708/SRR31724708.fastq.gz	ae9a2e4ea644e5ad2f024c6192db1c2d	334312219				Homo sapiens	9606.0	RNA-Seq	TRANSCRIPTOMIC	PolyA	SINGLE	SAMN45847078	PRJNA1198626
Tumor	no	no	no	no	unknown	unknown	SRR31724707	PRJNA1198626	SRP551608	SAMN45847079	SRS23546075	SRX27087057	SRA2034573			ILLUMINA	NextSeq 2000	AND6236-18	RNA-Seq	TRANSCRIPTOMIC	PolyA	SINGLE	25405394	1272445559	2024-12-17	2024-12-17	SUB14916098	RNA sequencing data of radioresistant and radiosensitive organoids at day 0 and 24h following 10Gy irradiation	NextSeq 2000 sequencing: RNA-Seq of Homo sapiens Rectal cancer derived organoids, 24h after 10Gy irradiation.				ftp.sra.ebi.ac.uk/vol1/fastq/SRR317/007/SRR31724707/SRR31724707.fastq.gz	076a294d0945a5ac4b63d599d86fb3e9	331760579				Homo sapiens	9606.0	RNA-Seq	TRANSCRIPTOMIC	PolyA	SINGLE	SAMN45847079	PRJNA1198626
Tumor	no	no	no	no	unknown	unknown	SRR31724699	PRJNA1198626	SRP551608	SAMN45847065	SRS23546083	SRX27087065	SRA2034573			ILLUMINA	NextSeq 2000	AND6236-4	RNA-Seq	TRANSCRIPTOMIC	PolyA	SINGLE	24716732	1238344669	2024-12-17	2024-12-17	SUB14916098	RNA sequencing data of radioresistant and radiosensitive organoids at day 0 and 24h following 10Gy irradiation	NextSeq 2000 sequencing: RNA-Seq of Homo sapiens Rectal cancer derived organoids, unirradiated.				ftp.sra.ebi.ac.uk/vol1/fastq/SRR317/099/SRR31724699/SRR31724699.fastq.gz	392f5c43d37fa1d62509341ce38c9df8	327043368				Homo sapiens	9606.0	RNA-Seq	TRANSCRIPTOMIC	PolyA	SINGLE	SAMN45847065	PRJNA1198626
Tumor	no	no	no	no	unknown	unknown	SRR31724698	PRJNA1198626	SRP551608	SAMN45847066	SRS23546084	SRX27087066	SRA2034573			ILLUMINA	NextSeq 2000	AND6236-5	RNA-Seq	TRANSCRIPTOMIC	PolyA	SINGLE	27428241	1380346953	2024-12-17	2024-12-17	SUB14916098	RNA sequencing data of radioresistant and radiosensitive organoids at day 0 and 24h following 10Gy irradiation	NextSeq 2000 sequencing: RNA-Seq of Homo sapiens Rectal cancer derived organoids, unirradiated.				ftp.sra.ebi.ac.uk/vol1/fastq/SRR317/098/SRR31724698/SRR31724698.fastq.gz	58e999a29d3d12dd35509489d7ace678	354845028				Homo sapiens	9606.0	RNA-Seq	TRANSCRIPTOMIC	PolyA	SINGLE	SAMN45847066	PRJNA1198626
Tumor	no	no	no	no	unknown	unknown	SRR31724697	PRJNA1198626	SRP551608	SAMN45847067	SRS23546085	SRX27087067	SRA2034573			ILLUMINA	NextSeq 2000	AND6236-6	RNA-Seq	TRANSCRIPTOMIC	PolyA	SINGLE	23105547	1156893410	2024-12-17	2024-12-17	SUB14916098	RNA sequencing data of radioresistant and radiosensitive organoids at day 0 and 24h following 10Gy irradiation	NextSeq 2000 sequencing: RNA-Seq of Homo sapiens Rectal cancer derived organoids, unirradiated.				ftp.sra.ebi.ac.uk/vol1/fastq/SRR317/097/SRR31724697/SRR31724697.fastq.gz	c4b80c27803ae6835d4e9b527ef000aa	309391179				Homo sapiens	9606.0	RNA-Seq	TRANSCRIPTOMIC	PolyA	SINGLE	SAMN45847067	PRJNA1198626
Tumor	no	no	no	no	unknown	unknown	SRR31724702	PRJNA1198626	SRP551608	SAMN45847083	SRS23546080	SRX27087062	SRA2034573			ILLUMINA	NextSeq 2000	AND6236-22	RNA-Seq	TRANSCRIPTOMIC	PolyA	SINGLE	28606275	1432235310	2024-12-17	2024-12-17	SUB14916098	RNA sequencing data of radioresistant and radiosensitive organoids at day 0 and 24h following 10Gy irradiation	NextSeq 2000 sequencing: RNA-Seq of Homo sapiens Rectal cancer derived organoids, 24h after 10Gy irradiation.				ftp.sra.ebi.ac.uk/vol1/fastq/SRR317/002/SRR31724702/SRR31724702.fastq.gz	6daffb21df118a67992e60bbac038d28	371568633				Homo sapiens	9606.0	RNA-Seq	TRANSCRIPTOMIC	PolyA	SINGLE	SAMN45847083	PRJNA1198626
Tumor	no	no	no	no	unknown	unknown	SRR31724701	PRJNA1198626	SRP551608	SAMN45847084	SRS23546081	SRX27087063	SRA2034573			ILLUMINA	NextSeq 2000	AND6236-23	RNA-Seq	TRANSCRIPTOMIC	PolyA	SINGLE	24296251	1210146929	2024-12-17	2024-12-17	SUB14916098	RNA sequencing data of radioresistant and radiosensitive organoids at day 0 and 24h following 10Gy irradiation	NextSeq 2000 sequencing: RNA-Seq of Homo sapiens Rectal cancer derived organoids, 24h after 10Gy irradiation.				ftp.sra.ebi.ac.uk/vol1/fastq/SRR317/001/SRR31724701/SRR31724701.fastq.gz	6f55a742ce38da8460f7e29423f994c6	313818129				Homo sapiens	9606.0	RNA-Seq	TRANSCRIPTOMIC	PolyA	SINGLE	SAMN45847084	PRJNA1198626
Tumor	no	no	no	no	unknown	unknown	SRR31724700	PRJNA1198626	SRP551608	SAMN45847085	SRS23546082	SRX27087064	SRA2034573			ILLUMINA	NextSeq 2000	AND6236-24	RNA-Seq	TRANSCRIPTOMIC	PolyA	SINGLE	22252143	1109382161	2024-12-17	2024-12-17	SUB14916098	RNA sequencing data of radioresistant and radiosensitive organoids at day 0 and 24h following 10Gy irradiation	NextSeq 2000 sequencing: RNA-Seq of Homo sapiens Rectal cancer derived organoids, 24h after 10Gy irradiation.				ftp.sra.ebi.ac.uk/vol1/fastq/SRR317/000/SRR31724700/SRR31724700.fastq.gz	74786fe15f99de8a1f6efe5f5c71944e	291739927				Homo sapiens	9606.0	RNA-Seq	TRANSCRIPTOMIC	PolyA	SINGLE	SAMN45847085	PRJNA1198626
Tumor	no	no	no	no	unknown	unknown	SRR31724693	PRJNA1198626	SRP551608	SAMN45847071	SRS23546089	SRX27087071	SRA2034573			ILLUMINA	NextSeq 2000	AND6236-10	RNA-Seq	TRANSCRIPTOMIC	PolyA	SINGLE	22421989	1122260544	2024-12-17	2024-12-17	SUB14916098	RNA sequencing data of radioresistant and radiosensitive organoids at day 0 and 24h following 10Gy irradiation	NextSeq 2000 sequencing: RNA-Seq of Homo sapiens Rectal cancer derived organoids, unirradiated.				ftp.sra.ebi.ac.uk/vol1/fastq/SRR317/093/SRR31724693/SRR31724693.fastq.gz	d77b7263ed86a74023cbc9c3782e5ff4	291077055				Homo sapiens	9606.0	RNA-Seq	TRANSCRIPTOMIC	PolyA	SINGLE	SAMN45847071	PRJNA1198626
Tumor	no	no	no	no	unknown	unknown	SRR31724713	PRJNA1198626	SRP551608	SAMN45847073	SRS23546069	SRX27087051	SRA2034573			ILLUMINA	NextSeq 2000	AND6236-12	RNA-Seq	TRANSCRIPTOMIC	PolyA	SINGLE	21478953	1080644282	2024-12-17	2024-12-17	SUB14916098	RNA sequencing data of radioresistant and radiosensitive organoids at day 0 and 24h following 10Gy irradiation	NextSeq 2000 sequencing: RNA-Seq of Homo sapiens Rectal cancer derived organoids, unirradiated.				ftp.sra.ebi.ac.uk/vol1/fastq/SRR317/013/SRR31724713/SRR31724713.fastq.gz	7ba533b6ccb8d3847f402d253c3f7c37	273186848				Homo sapiens	9606.0	RNA-Seq	TRANSCRIPTOMIC	PolyA	SINGLE	SAMN45847073	PRJNA1198626
Tumor	no	no	no	no	unknown	unknown	SRR31724706	PRJNA1198626	SRP551608	SAMN45847080	SRS23546076	SRX27087058	SRA2034573			ILLUMINA	NextSeq 2000	AND6236-19	RNA-Seq	TRANSCRIPTOMIC	PolyA	SINGLE	24946584	1243124431	2024-12-17	2024-12-17	SUB14916098	RNA sequencing data of radioresistant and radiosensitive organoids at day 0 and 24h following 10Gy irradiation	NextSeq 2000 sequencing: RNA-Seq of Homo sapiens Rectal cancer derived organoids, 24h after 10Gy irradiation.				ftp.sra.ebi.ac.uk/vol1/fastq/SRR317/006/SRR31724706/SRR31724706.fastq.gz	1947fb179c72e064c7d83f5ef513925d	327272392				Homo sapiens	9606.0	RNA-Seq	TRANSCRIPTOMIC	PolyA	SINGLE	SAMN45847080	PRJNA1198626
Tumor	no	no	no	no	unknown	unknown	SRR31724696	PRJNA1198626	SRP551608	SAMN45847068	SRS23546086	SRX27087068	SRA2034573			ILLUMINA	NextSeq 2000	AND6236-7	RNA-Seq	TRANSCRIPTOMIC	PolyA	SINGLE	23239203	1169224176	2024-12-17	2024-12-17	SUB14916098	RNA sequencing data of radioresistant and radiosensitive organoids at day 0 and 24h following 10Gy irradiation	NextSeq 2000 sequencing: RNA-Seq of Homo sapiens Rectal cancer derived organoids, unirradiated.				ftp.sra.ebi.ac.uk/vol1/fastq/SRR317/096/SRR31724696/SRR31724696.fastq.gz	6ce39742a8b2e34846d6e8dfce05ad64	300633558				Homo sapiens	9606.0	RNA-Seq	TRANSCRIPTOMIC	PolyA	SINGLE	SAMN45847068	PRJNA1198626
Tumor	no	no	no	no	unknown	unknown	SRR31724695	PRJNA1198626	SRP551608	SAMN45847069	SRS23546087	SRX27087069	SRA2034573			ILLUMINA	NextSeq 2000	AND6236-8	RNA-Seq	TRANSCRIPTOMIC	PolyA	SINGLE	27526465	1384868628	2024-12-17	2024-12-17	SUB14916098	RNA sequencing data of radioresistant and radiosensitive organoids at day 0 and 24h following 10Gy irradiation	NextSeq 2000 sequencing: RNA-Seq of Homo sapiens Rectal cancer derived organoids, unirradiated.				ftp.sra.ebi.ac.uk/vol1/fastq/SRR317/095/SRR31724695/SRR31724695.fastq.gz	ac3ecc117486f4cf59db70c29d5d6ddc	351656722				Homo sapiens	9606.0	RNA-Seq	TRANSCRIPTOMIC	PolyA	SINGLE	SAMN45847069	PRJNA1198626
Tumor	no	no	no	no	unknown	unknown	SRR31724694	PRJNA1198626	SRP551608	SAMN45847070	SRS23546088	SRX27087070	SRA2034573			ILLUMINA	NextSeq 2000	AND6236-9	RNA-Seq	TRANSCRIPTOMIC	PolyA	SINGLE	23011117	1152115614	2024-12-17	2024-12-17	SUB14916098	RNA sequencing data of radioresistant and radiosensitive organoids at day 0 and 24h following 10Gy irradiation	NextSeq 2000 sequencing: RNA-Seq of Homo sapiens Rectal cancer derived organoids, unirradiated.				ftp.sra.ebi.ac.uk/vol1/fastq/SRR317/094/SRR31724694/SRR31724694.fastq.gz	8a4016682c3fb0e9b24329b05c585dbc	301292973				Homo sapiens	9606.0	RNA-Seq	TRANSCRIPTOMIC	PolyA	SINGLE	SAMN45847070	PRJNA1198626
Tumor	no	no	no	no	unknown	unknown	SRR31724712	PRJNA1198626	SRP551608	SAMN45847074	SRS23546070	SRX27087052	SRA2034573			ILLUMINA	NextSeq 2000	AND6236-13	RNA-Seq	TRANSCRIPTOMIC	PolyA	SINGLE	26697540	1336958919	2024-12-17	2024-12-17	SUB14916098	RNA sequencing data of radioresistant and radiosensitive organoids at day 0 and 24h following 10Gy irradiation	NextSeq 2000 sequencing: RNA-Seq of Homo sapiens Rectal cancer derived organoids, 24h after 10Gy irradiation.				ftp.sra.ebi.ac.uk/vol1/fastq/SRR317/012/SRR31724712/SRR31724712.fastq.gz	acbbb5e431cab87cdf80d5e7cc8a5717	341299062				Homo sapiens	9606.0	RNA-Seq	TRANSCRIPTOMIC	PolyA	SINGLE	SAMN45847074	PRJNA1198626
Tumor	no	no	no	no	unknown	unknown	SRR31724711	PRJNA1198626	SRP551608	SAMN45847075	SRS23546071	SRX27087053	SRA2034573			ILLUMINA	NextSeq 2000	AND6236-14	RNA-Seq	TRANSCRIPTOMIC	PolyA	SINGLE	22929846	1142652631	2024-12-17	2024-12-17	SUB14916098	RNA sequencing data of radioresistant and radiosensitive organoids at day 0 and 24h following 10Gy irradiation	NextSeq 2000 sequencing: RNA-Seq of Homo sapiens Rectal cancer derived organoids, 24h after 10Gy irradiation.				ftp.sra.ebi.ac.uk/vol1/fastq/SRR317/011/SRR31724711/SRR31724711.fastq.gz	43993e41df71704cc6cdbfe2a642fcf7	302453456				Homo sapiens	9606.0	RNA-Seq	TRANSCRIPTOMIC	PolyA	SINGLE	SAMN45847075	PRJNA1198626
Tumor	no	no	no	no	unknown	unknown	SRR31724710	PRJNA1198626	SRP551608	SAMN45847076	SRS23546072	SRX27087054	SRA2034573			ILLUMINA	NextSeq 2000	AND6236-15	RNA-Seq	TRANSCRIPTOMIC	PolyA	SINGLE	20099852	1002188830	2024-12-17	2024-12-17	SUB14916098	RNA sequencing data of radioresistant and radiosensitive organoids at day 0 and 24h following 10Gy irradiation	NextSeq 2000 sequencing: RNA-Seq of Homo sapiens Rectal cancer derived organoids, 24h after 10Gy irradiation.				ftp.sra.ebi.ac.uk/vol1/fastq/SRR317/010/SRR31724710/SRR31724710.fastq.gz	cf29e4760807a23a593adf8b1a176968	259061636				Homo sapiens	9606.0	RNA-Seq	TRANSCRIPTOMIC	PolyA	SINGLE	SAMN45847076	PRJNA1198626
Tumor	no	no	no	no	unknown	unknown	SRR31724716	PRJNA1198626	SRP551608	SAMN45847062	SRS23546066	SRX27087048	SRA2034573			ILLUMINA	NextSeq 2000	AND6236-1	RNA-Seq	TRANSCRIPTOMIC	PolyA	SINGLE	23118865	1152138393	2024-12-17	2024-12-17	SUB14916098	RNA sequencing data of radioresistant and radiosensitive organoids at day 0 and 24h following 10Gy irradiation	NextSeq 2000 sequencing: RNA-Seq of Homo sapiens Rectal cancer derived organoids, unirradiated.				ftp.sra.ebi.ac.uk/vol1/fastq/SRR317/016/SRR31724716/SRR31724716.fastq.gz	4db1e48e98079029af3d9a0f5b3e8e47	312478299				Homo sapiens	9606.0	RNA-Seq	TRANSCRIPTOMIC	PolyA	SINGLE	SAMN45847062	PRJNA1198626
Tumor	no	no	no	no	unknown	unknown	SRR31724715	PRJNA1198626	SRP551608	SAMN45847063	SRS23546067	SRX27087049	SRA2034573			ILLUMINA	NextSeq 2000	AND6236-2	RNA-Seq	TRANSCRIPTOMIC	PolyA	SINGLE	22547780	1128622479	2024-12-17	2024-12-17	SUB14916098	RNA sequencing data of radioresistant and radiosensitive organoids at day 0 and 24h following 10Gy irradiation	NextSeq 2000 sequencing: RNA-Seq of Homo sapiens Rectal cancer derived organoids, unirradiated.				ftp.sra.ebi.ac.uk/vol1/fastq/SRR317/015/SRR31724715/SRR31724715.fastq.gz	1664d646bd615435914f37f8cbe287d0	293727650				Homo sapiens	9606.0	RNA-Seq	TRANSCRIPTOMIC	PolyA	SINGLE	SAMN45847063	PRJNA1198626
Tumor	no	no	no	no	unknown	unknown	SRR31724704	PRJNA1198626	SRP551608	SAMN45847064	SRS23546078	SRX27087060	SRA2034573			ILLUMINA	NextSeq 2000	AND6236-3	RNA-Seq	TRANSCRIPTOMIC	PolyA	SINGLE	24204532	1206240651	2024-12-17	2024-12-17	SUB14916098	RNA sequencing data of radioresistant and radiosensitive organoids at day 0 and 24h following 10Gy irradiation	NextSeq 2000 sequencing: RNA-Seq of Homo sapiens Rectal cancer derived organoids, unirradiated.				ftp.sra.ebi.ac.uk/vol1/fastq/SRR317/004/SRR31724704/SRR31724704.fastq.gz	cf2f0cbdf3ba739619f8c9524839eb1b	318431876				Homo sapiens	9606.0	RNA-Seq	TRANSCRIPTOMIC	PolyA	SINGLE	SAMN45847064	PRJNA1198626
Tumor	no	no	no	no	unknown	lung	SRR24339313	PRJNA954514	SRP435050	SAMN34368087	SRS17460713	SRX20132147	SRA1629229	9606.0	Homo sapiens	ILLUMINA	NextSeq 500	15704	RNA-Seq	TRANSCRIPTOMIC	RANDOM	PAIRED	0	0	2023-06-21	2023-06-21	NCI-phs003257	Investigating the role of neddylation in the repair of topoisomerase I-mediated DNA damage in colorectal cancer	NextSeq 500 sequencing: RNA-seq of colorectal cancer patient-derived organoids	Tumor RNA sample from Lung of a human male participant in the dbGaP study Investigating the Role of Neddylation in the Repair of Topoisomerase I-Mediated DNA Damage in Colorectal Cancer	Tumor RNA sample from Lung of a human male participant in the dbGaP study Investigating the Role of Neddylation in the Repair of Topoisomerase I-Mediated DNA Damage in Colorectal Cancer					Protected file(s). Go to dbGap			Homo sapiens	9606.0	RNA-Seq	TRANSCRIPTOMIC	RANDOM	PAIRED	SAMN34368087	PRJNA954514
Cell line	yes	no	no	no	unknown	unknown	SRR19436507	PRJNA843319	SRP377509	SAMN28725506	SRS13204832	SRX15489703	SRA1428568	9606.0	Homo sapiens	ILLUMINA	Illumina HiSeq 2500	GSM6204405	RNA-Seq	TRANSCRIPTOMIC	cDNA	PAIRED	61731540	18519462000	2024-02-27	2024-02-27		Targeting CDK4/6 epigenetically impairs DNA damage repair to overcome the resistance to neoadjuvant chemotherapy in locally advanced rectal cancer	Illumina HiSeq 2500 sequencing: GSM6204405: Ctrl_1 [DLD-1] Homo sapiens RNA-Seq	Ctrl_1 [DLD-1]	Ctrl_1 [DLD-1]	missing	ftp.sra.ebi.ac.uk/vol1/fastq/SRR194/007/SRR19436507/SRR19436507_1.fastq.gz;ftp.sra.ebi.ac.uk/vol1/fastq/SRR194/007/SRR19436507/SRR19436507_2.fastq.gz	4775b90ccec70c8917f601e463f687f3;1c61d6d628dee2ed52b6bbb5f8d3d9b1	3449482415;3457086298				Homo sapiens	9606.0	RNA-Seq	TRANSCRIPTOMIC	cDNA	PAIRED	SAMN28725506	PRJNA843319
Cell line	yes	no	no	no	unknown	unknown	SRR19436506	PRJNA843319	SRP377509	SAMN28725505	SRS13204833	SRX15489704	SRA1428568	9606.0	Homo sapiens	ILLUMINA	Illumina HiSeq 2500	GSM6204406	RNA-Seq	TRANSCRIPTOMIC	cDNA	PAIRED	60825866	18247759800	2024-02-27	2024-02-27		Targeting CDK4/6 epigenetically impairs DNA damage repair to overcome the resistance to neoadjuvant chemotherapy in locally advanced rectal cancer	Illumina HiSeq 2500 sequencing: GSM6204406: Ctrl_2 [DLD-1] Homo sapiens RNA-Seq	Ctrl_2 [DLD-1]	Ctrl_2 [DLD-1]	missing	ftp.sra.ebi.ac.uk/vol1/fastq/SRR194/006/SRR19436506/SRR19436506_1.fastq.gz;ftp.sra.ebi.ac.uk/vol1/fastq/SRR194/006/SRR19436506/SRR19436506_2.fastq.gz	731651f526fe20b82ff0f573aefd22cc;5cddde24a9234613c0da51fd58f3b6f7	3444242995;3451758074				Homo sapiens	9606.0	RNA-Seq	TRANSCRIPTOMIC	cDNA	PAIRED	SAMN28725505	PRJNA843319
Cell line	yes	no	no	no	unknown	unknown	SRR19436505	PRJNA843319	SRP377509	SAMN28725504	SRS13204834	SRX15489705	SRA1428568	9606.0	Homo sapiens	ILLUMINA	Illumina HiSeq 2500	GSM6204407	RNA-Seq	TRANSCRIPTOMIC	cDNA	PAIRED	42284334	12685300200	2024-02-27	2024-02-27		Targeting CDK4/6 epigenetically impairs DNA damage repair to overcome the resistance to neoadjuvant chemotherapy in locally advanced rectal cancer	Illumina HiSeq 2500 sequencing: GSM6204407: Oxa_1 [DLD-1] Homo sapiens RNA-Seq	Oxa_1 [DLD-1]	Oxa_1 [DLD-1]	missing	ftp.sra.ebi.ac.uk/vol1/fastq/SRR194/005/SRR19436505/SRR19436505_1.fastq.gz;ftp.sra.ebi.ac.uk/vol1/fastq/SRR194/005/SRR19436505/SRR19436505_2.fastq.gz	7c69be8acbada31b9a82f239dd0daf7c;0ffe91e916364710cadcfe7261ceaf4f	2407286603;2408552267				Homo sapiens	9606.0	RNA-Seq	TRANSCRIPTOMIC	cDNA	PAIRED	SAMN28725504	PRJNA843319
Cell line	yes	no	no	no	unknown	unknown	SRR19436504	PRJNA843319	SRP377509	SAMN28725503	SRS13204835	SRX15489706	SRA1428568	9606.0	Homo sapiens	ILLUMINA	Illumina HiSeq 2500	GSM6204408	RNA-Seq	TRANSCRIPTOMIC	cDNA	PAIRED	83240786	24972235800	2024-02-27	2024-02-27		Targeting CDK4/6 epigenetically impairs DNA damage repair to overcome the resistance to neoadjuvant chemotherapy in locally advanced rectal cancer	Illumina HiSeq 2500 sequencing: GSM6204408: Oxa_2 [DLD-1] Homo sapiens RNA-Seq	Oxa_2 [DLD-1]	Oxa_2 [DLD-1]	missing	ftp.sra.ebi.ac.uk/vol1/fastq/SRR194/004/SRR19436504/SRR19436504_1.fastq.gz;ftp.sra.ebi.ac.uk/vol1/fastq/SRR194/004/SRR19436504/SRR19436504_2.fastq.gz	605d5241e29e4ee993e2b858554783de;ba7e0d5b1f31e5533b12dc5e762198df	4691298919;4698838617				Homo sapiens	9606.0	RNA-Seq	TRANSCRIPTOMIC	cDNA	PAIRED	SAMN28725503	PRJNA843319
Cell line	yes	no	no	no	unknown	unknown	SRR19436503	PRJNA843319	SRP377509	SAMN28725502	SRS13204836	SRX15489707	SRA1428568	9606.0	Homo sapiens	ILLUMINA	Illumina HiSeq 2500	GSM6204409	RNA-Seq	TRANSCRIPTOMIC	cDNA	PAIRED	66659230	19997769000	2024-02-27	2024-02-27		Targeting CDK4/6 epigenetically impairs DNA damage repair to overcome the resistance to neoadjuvant chemotherapy in locally advanced rectal cancer	Illumina HiSeq 2500 sequencing: GSM6204409: Palb_1 [DLD-1] Homo sapiens RNA-Seq	Palb_1 [DLD-1]	Palb_1 [DLD-1]	missing	ftp.sra.ebi.ac.uk/vol1/fastq/SRR194/003/SRR19436503/SRR19436503_1.fastq.gz;ftp.sra.ebi.ac.uk/vol1/fastq/SRR194/003/SRR19436503/SRR19436503_2.fastq.gz	63f498977692bdc1d02d55e6d8caa137;f7d05dad9aa5b7cb34b6f16694d3dde4	3675576514;3680887372				Homo sapiens	9606.0	RNA-Seq	TRANSCRIPTOMIC	cDNA	PAIRED	SAMN28725502	PRJNA843319
Cell line	yes	no	no	no	unknown	unknown	SRR19436502	PRJNA843319	SRP377509	SAMN28725501	SRS13204837	SRX15489708	SRA1428568	9606.0	Homo sapiens	ILLUMINA	Illumina HiSeq 2500	GSM6204410	RNA-Seq	TRANSCRIPTOMIC	cDNA	PAIRED	60067475	18020242500	2024-02-27	2024-02-27		Targeting CDK4/6 epigenetically impairs DNA damage repair to overcome the resistance to neoadjuvant chemotherapy in locally advanced rectal cancer	Illumina HiSeq 2500 sequencing: GSM6204410: Palb_2 [DLD-1] Homo sapiens RNA-Seq	Palb_2 [DLD-1]	Palb_2 [DLD-1]	missing	ftp.sra.ebi.ac.uk/vol1/fastq/SRR194/002/SRR19436502/SRR19436502_1.fastq.gz;ftp.sra.ebi.ac.uk/vol1/fastq/SRR194/002/SRR19436502/SRR19436502_2.fastq.gz	1f9877d2b15581f767eebd6112ed3a7f;dd1eab2402888623d753c41ff8849170	3363882551;3367983510				Homo sapiens	9606.0	RNA-Seq	TRANSCRIPTOMIC	cDNA	PAIRED	SAMN28725501	PRJNA843319
Cell line	yes	no	no	no	unknown	unknown	SRR19436501	PRJNA843319	SRP377509	SAMN28725500	SRS13204838	SRX15489709	SRA1428568	9606.0	Homo sapiens	ILLUMINA	Illumina HiSeq 2500	GSM6204411	RNA-Seq	TRANSCRIPTOMIC	cDNA	PAIRED	67068582	20120574600	2024-02-27	2024-02-27		Targeting CDK4/6 epigenetically impairs DNA damage repair to overcome the resistance to neoadjuvant chemotherapy in locally advanced rectal cancer	Illumina HiSeq 2500 sequencing: GSM6204411: Palb_Oxa_1 [DLD-1] Homo sapiens RNA-Seq	Palb_Oxa_1 [DLD-1]	Palb_Oxa_1 [DLD-1]	missing	ftp.sra.ebi.ac.uk/vol1/fastq/SRR194/001/SRR19436501/SRR19436501_1.fastq.gz;ftp.sra.ebi.ac.uk/vol1/fastq/SRR194/001/SRR19436501/SRR19436501_2.fastq.gz	a2e72042fdac4aca6b43ba710985da50;fcfa8423e659d0b9d35c773319be216e	3736443928;3737606921				Homo sapiens	9606.0	RNA-Seq	TRANSCRIPTOMIC	cDNA	PAIRED	SAMN28725500	PRJNA843319
Cell line	yes	no	no	no	unknown	unknown	SRR19436500	PRJNA843319	SRP377509	SAMN28725499	SRS13204839	SRX15489710	SRA1428568	9606.0	Homo sapiens	ILLUMINA	Illumina HiSeq 2500	GSM6204412	RNA-Seq	TRANSCRIPTOMIC	cDNA	PAIRED	48222821	14466846300	2024-02-27	2024-02-27		Targeting CDK4/6 epigenetically impairs DNA damage repair to overcome the resistance to neoadjuvant chemotherapy in locally advanced rectal cancer	Illumina HiSeq 2500 sequencing: GSM6204412: Palb_Oxa_2 [DLD-1] Homo sapiens RNA-Seq	Palb_Oxa_2 [DLD-1]	Palb_Oxa_2 [DLD-1]	missing	ftp.sra.ebi.ac.uk/vol1/fastq/SRR194/000/SRR19436500/SRR19436500_1.fastq.gz;ftp.sra.ebi.ac.uk/vol1/fastq/SRR194/000/SRR19436500/SRR19436500_2.fastq.gz	21ba1e727fa324df2eeb39e7c74c20bd;2663826007a6e7de76dc48b8993d941a	2715958600;2718068350				Homo sapiens	9606.0	RNA-Seq	TRANSCRIPTOMIC	cDNA	PAIRED	SAMN28725499	PRJNA843319
Tumor	no	no	no	no	unknown	unknown	SRR27533261	PRJNA1064054	SRP483458	SAMN39423041	SRS20127728	SRX23203394	SRA1784799	9606.0	Homo sapiens	ILLUMINA	Illumina HiSeq 2000	GSM8014144	RNA-Seq	TRANSCRIPTOMIC	cDNA	PAIRED	119264220	23342372352	2024-06-28	2024-06-28		Transcriptome analysis reveal novel gene fusions in early onset sporadic rectal cancers	Illumina HiSeq 2000 sequencing: GSM8014144: EOSRC, tumor, sample 1 Homo sapiens RNA-Seq	EOSRC, tumor, sample 1	EOSRC, tumor, sample 1	missing	ftp.sra.ebi.ac.uk/vol1/fastq/SRR275/061/SRR27533261/SRR27533261_1.fastq.gz;ftp.sra.ebi.ac.uk/vol1/fastq/SRR275/061/SRR27533261/SRR27533261_2.fastq.gz	f17ffc7b487997d70db57a1f7edc35bd;ec51a7ab6c49a817a3bd3f2f5126a6aa	3844538987;4077069843				Homo sapiens	9606.0	RNA-Seq	TRANSCRIPTOMIC	cDNA	PAIRED	SAMN39423041	PRJNA1064054
Tumor	no	no	no	no	unknown	unknown	SRR27533260	PRJNA1064054	SRP483458	SAMN39423040	SRS20127729	SRX23203395	SRA1784799	9606.0	Homo sapiens	ILLUMINA	Illumina HiSeq 2000	GSM8014145	RNA-Seq	TRANSCRIPTOMIC	cDNA	PAIRED	89311741	17333377401	2024-06-28	2024-06-28		Transcriptome analysis reveal novel gene fusions in early onset sporadic rectal cancers	Illumina HiSeq 2000 sequencing: GSM8014145: EOSRC, tumor, sample 2 Homo sapiens RNA-Seq	EOSRC, tumor, sample 2	EOSRC, tumor, sample 2	missing	ftp.sra.ebi.ac.uk/vol1/fastq/SRR275/060/SRR27533260/SRR27533260_1.fastq.gz;ftp.sra.ebi.ac.uk/vol1/fastq/SRR275/060/SRR27533260/SRR27533260_2.fastq.gz	3d47a2bf2684b8e563ed51efdb987ddc;f508a446712ed48ba4a7cd5708498509	3971545451;4075270854				Homo sapiens	9606.0	RNA-Seq	TRANSCRIPTOMIC	cDNA	PAIRED	SAMN39423040	PRJNA1064054
Tumor	no	no	no	no	unknown	unknown	SRR27533259	PRJNA1064054	SRP483458	SAMN39423039	SRS20127731	SRX23203396	SRA1784799	9606.0	Homo sapiens	ILLUMINA	Illumina HiSeq 2000	GSM8014146	RNA-Seq	TRANSCRIPTOMIC	cDNA	PAIRED	66163692	12829391440	2024-06-28	2024-06-28		Transcriptome analysis reveal novel gene fusions in early onset sporadic rectal cancers	Illumina HiSeq 2000 sequencing: GSM8014146: EOSRC, tumor, sample 3 Homo sapiens RNA-Seq	EOSRC, tumor, sample 3	EOSRC, tumor, sample 3	missing	ftp.sra.ebi.ac.uk/vol1/fastq/SRR275/059/SRR27533259/SRR27533259_1.fastq.gz;ftp.sra.ebi.ac.uk/vol1/fastq/SRR275/059/SRR27533259/SRR27533259_2.fastq.gz	8bf1a9dfbf953e466827972b60674e29;db36af5885871b56a7aa5db40c646742	2993392324;3096740658				Homo sapiens	9606.0	RNA-Seq	TRANSCRIPTOMIC	cDNA	PAIRED	SAMN39423039	PRJNA1064054
Tumor	no	no	no	no	unknown	unknown	SRR27533258	PRJNA1064054	SRP483458	SAMN39423038	SRS20127730	SRX23203397	SRA1784799	9606.0	Homo sapiens	ILLUMINA	Illumina HiSeq 2000	GSM8014147	RNA-Seq	TRANSCRIPTOMIC	cDNA	PAIRED	79197964	15340429415	2024-06-28	2024-06-28		Transcriptome analysis reveal novel gene fusions in early onset sporadic rectal cancers	Illumina HiSeq 2000 sequencing: GSM8014147: EOSRC, tumor, sample 4 Homo sapiens RNA-Seq	EOSRC, tumor, sample 4	EOSRC, tumor, sample 4	missing	ftp.sra.ebi.ac.uk/vol1/fastq/SRR275/058/SRR27533258/SRR27533258_1.fastq.gz;ftp.sra.ebi.ac.uk/vol1/fastq/SRR275/058/SRR27533258/SRR27533258_2.fastq.gz	b62e3efd9faea517e6a97dd230afbc2e;625803bb627baccf756796fc7a1d7071	3580169572;3669084956											
Tumor	no	no	no	no	unknown	unknown	SRR27533256	PRJNA1064054	SRP483458	SAMN39423037	SRS20127732	SRX23203398	SRA1784799	9606.0	Homo sapiens	ILLUMINA	Illumina HiSeq 2000	GSM8014148	RNA-Seq	TRANSCRIPTOMIC	cDNA	PAIRED	73199706	14167141812	2024-06-28	2024-06-28		Transcriptome analysis reveal novel gene fusions in early onset sporadic rectal cancers	Illumina HiSeq 2000 sequencing: GSM8014148: EOSRC, tumor, sample 5 Homo sapiens RNA-Seq	EOSRC, tumor, sample 5	EOSRC, tumor, sample 5	missing	ftp.sra.ebi.ac.uk/vol1/fastq/SRR275/056/SRR27533256/SRR27533256_1.fastq.gz;ftp.sra.ebi.ac.uk/vol1/fastq/SRR275/056/SRR27533256/SRR27533256_2.fastq.gz	e3018131ee7be5bb7412bf2aa34ca7ea;d12f26fe9d7bd5411e58870678e3d7a5	3489573220;3607439468											
Tumor	no	no	no	no	unknown	unknown	SRR27533255	PRJNA1064054	SRP483458	SAMN39423036	SRS20127733	SRX23203399	SRA1784799	9606.0	Homo sapiens	ILLUMINA	Illumina HiSeq 2000	GSM8014149	RNA-Seq	TRANSCRIPTOMIC	cDNA	PAIRED	78618143	15255530749	2024-06-28	2024-06-28		Transcriptome analysis reveal novel gene fusions in early onset sporadic rectal cancers	Illumina HiSeq 2000 sequencing: GSM8014149: EOSRC, tumor, sample 6 Homo sapiens RNA-Seq	EOSRC, tumor, sample 6	EOSRC, tumor, sample 6	missing	ftp.sra.ebi.ac.uk/vol1/fastq/SRR275/055/SRR27533255/SRR27533255_1.fastq.gz;ftp.sra.ebi.ac.uk/vol1/fastq/SRR275/055/SRR27533255/SRR27533255_2.fastq.gz	842ed2f181f72a7f052e7046457893d2;5761404343166691e9e5574c7bff8b3e	3010830414;3259108646				Homo sapiens	9606.0	RNA-Seq	TRANSCRIPTOMIC	cDNA	PAIRED	SAMN39423036	PRJNA1064054
Tumor	no	no	no	no	unknown	unknown	SRR27533254	PRJNA1064054	SRP483458	SAMN39423035	SRS20127734	SRX23203400	SRA1784799	9606.0	Homo sapiens	ILLUMINA	Illumina HiSeq 2000	GSM8014150	RNA-Seq	TRANSCRIPTOMIC	cDNA	PAIRED	78090801	15368942428	2024-06-28	2024-06-28		Transcriptome analysis reveal novel gene fusions in early onset sporadic rectal cancers	Illumina HiSeq 2000 sequencing: GSM8014150: EOSRC, tumor, sample 7 Homo sapiens RNA-Seq	EOSRC, tumor, sample 7	EOSRC, tumor, sample 7	missing	ftp.sra.ebi.ac.uk/vol1/fastq/SRR275/054/SRR27533254/SRR27533254_1.fastq.gz;ftp.sra.ebi.ac.uk/vol1/fastq/SRR275/054/SRR27533254/SRR27533254_2.fastq.gz	51a5162f0f2f49469997aba5fa8d0699;5c98caa8ffc0589f4aa21f3f1178721a	3292210529;3265558989											
Cell line	yes	yes	no	no	unknown	unknown	SRR33664702	PRJNA1266483	SRP586994	SAMN48678733	SRS25117353	SRX28891353	SRA2134509	9606.0	Homo sapiens	ILLUMINA	Illumina NovaSeq 6000	tum_burn0214_lib	RNA-Seq	TRANSCRIPTOMIC	PolyA	PAIRED	37403907	7555589214	2025-05-23	2025-05-23	SUB15331787	Transcriptome profiling of a spontaneous EBV-positive B cell line	Illumina NovaSeq 6000 sequencing: RNA-Seq of rectal cancer tumor tissue	RNA from rectal cancer tumor tissue	RNA from rectal cancer tumor tissue	2021-10-14	ftp.sra.ebi.ac.uk/vol1/fastq/SRR336/002/SRR33664702/SRR33664702_1.fastq.gz;ftp.sra.ebi.ac.uk/vol1/fastq/SRR336/002/SRR33664702/SRR33664702_2.fastq.gz	6141ab3a385f1a509052b474575e900b;aca79e6c9d044d348f77bc6f5729fc53	1982538916;2036367158											
Normal	no	no	yes	yes	unknown	unknown	SRR18319466	PRJNA815861	SRP363888	SAMN26646191	SRS12262254	SRX14456797	SRA1384449	9606.0	Homo sapiens	ILLUMINA	Illumina NovaSeq 6000	RectalCa_35	RNA-Seq	TRANSCRIPTOMIC	other	PAIRED	48239994	14471998200	2022-03-18	2022-03-18	SUB11180237	Rectal Cancer Biopsies and Adjacent Normal Tissue from Australia and New Zealand	Illumina NovaSeq 6000 sequencing: RNA-seq of Homo sapiens: Rectal Cancer Tissue	Human sample from Homo sapiens	Human sample from Homo sapiens		ftp.sra.ebi.ac.uk/vol1/fastq/SRR183/066/SRR18319466/SRR18319466_1.fastq.gz;ftp.sra.ebi.ac.uk/vol1/fastq/SRR183/066/SRR18319466/SRR18319466_2.fastq.gz	5786f174b2d1354b835a0798fc5471c5;aa02075167257315ec94d594bdd2eea3	3177302219;3237141469				Homo sapiens	9606.0	RNA-Seq	TRANSCRIPTOMIC	other	PAIRED	SAMN26646191	PRJNA815861
Normal	no	no	yes	yes	unknown	unknown	SRR18319474	PRJNA815861	SRP363888	SAMN26646183	SRS12262246	SRX14456789	SRA1384449	9606.0	Homo sapiens	ILLUMINA	Illumina NovaSeq 6000	RectalCa_31	RNA-Seq	TRANSCRIPTOMIC	other	PAIRED	55604978	16681493400	2022-03-18	2022-03-19	SUB11180237	Rectal Cancer Biopsies and Adjacent Normal Tissue from Australia and New Zealand	Illumina NovaSeq 6000 sequencing: RNA-seq of Homo sapiens: Rectal Cancer Tissue	Human sample from Homo sapiens	Human sample from Homo sapiens		ftp.sra.ebi.ac.uk/vol1/fastq/SRR183/074/SRR18319474/SRR18319474_1.fastq.gz;ftp.sra.ebi.ac.uk/vol1/fastq/SRR183/074/SRR18319474/SRR18319474_2.fastq.gz	e690041faeb1c31baf5faf14517b82cb;b9b38f23fcd35179b309128a7eb3ca6c	2741244718;2573156690				Homo sapiens	9606.0	RNA-Seq	TRANSCRIPTOMIC	other	PAIRED	SAMN26646183	PRJNA815861
Normal	no	no	yes	yes	unknown	unknown	SRR18319477	PRJNA815861	SRP363888	SAMN26646181	SRS12262243	SRX14456786	SRA1384449	9606.0	Homo sapiens	ILLUMINA	Illumina NovaSeq 6000	RectalCa_30	RNA-Seq	TRANSCRIPTOMIC	other	PAIRED	47754332	14326299600	2022-03-18	2022-03-18	SUB11180237	Rectal Cancer Biopsies and Adjacent Normal Tissue from Australia and New Zealand	Illumina NovaSeq 6000 sequencing: RNA-seq of Homo sapiens: Rectal Cancer Tissue	Human sample from Homo sapiens	Human sample from Homo sapiens		ftp.sra.ebi.ac.uk/vol1/fastq/SRR183/077/SRR18319477/SRR18319477_1.fastq.gz;ftp.sra.ebi.ac.uk/vol1/fastq/SRR183/077/SRR18319477/SRR18319477_2.fastq.gz	2b6a2541097460123abd4555aff6e743;6294be12f79778a3cde14aa5016c98c5	2472388846;2378865965				Homo sapiens	9606.0	RNA-Seq	TRANSCRIPTOMIC	other	PAIRED	SAMN26646181	PRJNA815861
Normal	no	no	yes	yes	unknown	unknown	SRR18319488	PRJNA815861	SRP363888	SAMN26646171	SRS12262232	SRX14456775	SRA1384449	9606.0	Homo sapiens	ILLUMINA	Illumina NovaSeq 6000	RectalCa_25	RNA-Seq	TRANSCRIPTOMIC	other	PAIRED	48498819	14549645700	2022-03-18	2022-03-18	SUB11180237	Rectal Cancer Biopsies and Adjacent Normal Tissue from Australia and New Zealand	Illumina NovaSeq 6000 sequencing: RNA-seq of Homo sapiens: Rectal Cancer Tissue	Human sample from Homo sapiens	Human sample from Homo sapiens		ftp.sra.ebi.ac.uk/vol1/fastq/SRR183/088/SRR18319488/SRR18319488_1.fastq.gz;ftp.sra.ebi.ac.uk/vol1/fastq/SRR183/088/SRR18319488/SRR18319488_2.fastq.gz	0cdd944a85e8f85ab2676ccace60d86c;e58c8dc00581234f7815daf3a0764add	2931214688;2911836906				Homo sapiens	9606.0	RNA-Seq	TRANSCRIPTOMIC	other	PAIRED	SAMN26646171	PRJNA815861
Normal	no	no	yes	yes	unknown	unknown	SRR18319490	PRJNA815861	SRP363888	SAMN26646169	SRS12262230	SRX14456773	SRA1384449	9606.0	Homo sapiens	ILLUMINA	Illumina NovaSeq 6000	RectalCa_24	RNA-Seq	TRANSCRIPTOMIC	other	PAIRED	49086025	14725807500	2022-03-18	2022-03-18	SUB11180237	Rectal Cancer Biopsies and Adjacent Normal Tissue from Australia and New Zealand	Illumina NovaSeq 6000 sequencing: RNA-seq of Homo sapiens: Rectal Cancer Tissue	Human sample from Homo sapiens	Human sample from Homo sapiens		ftp.sra.ebi.ac.uk/vol1/fastq/SRR183/090/SRR18319490/SRR18319490_1.fastq.gz;ftp.sra.ebi.ac.uk/vol1/fastq/SRR183/090/SRR18319490/SRR18319490_2.fastq.gz	6df2522b2a7cbaca93ac49866d4f9c3c;cc020428018419bb8c820c687357fab5	2351038081;2230046117				Homo sapiens	9606.0	RNA-Seq	TRANSCRIPTOMIC	other	PAIRED	SAMN26646169	PRJNA815861
Normal	no	no	yes	yes	unknown	unknown	SRR18319492	PRJNA815861	SRP363888	SAMN26646167	SRS12262228	SRX14456771	SRA1384449	9606.0	Homo sapiens	ILLUMINA	Illumina NovaSeq 6000	RectalCa_23	RNA-Seq	TRANSCRIPTOMIC	other	PAIRED	44515301	13354590300	2022-03-18	2022-03-18	SUB11180237	Rectal Cancer Biopsies and Adjacent Normal Tissue from Australia and New Zealand	Illumina NovaSeq 6000 sequencing: RNA-seq of Homo sapiens: Rectal Cancer Tissue	Human sample from Homo sapiens	Human sample from Homo sapiens		ftp.sra.ebi.ac.uk/vol1/fastq/SRR183/092/SRR18319492/SRR18319492_1.fastq.gz;ftp.sra.ebi.ac.uk/vol1/fastq/SRR183/092/SRR18319492/SRR18319492_2.fastq.gz	0201f4ea407f04b50e618efd2c638ad3;27d7016996fd0cf7090caa11693dde9a	2483564215;2475874903				Homo sapiens	9606.0	RNA-Seq	TRANSCRIPTOMIC	other	PAIRED	SAMN26646167	PRJNA815861
Normal	no	no	yes	yes	unknown	unknown	SRR18319497	PRJNA815861	SRP363888	SAMN26646127	SRS12262223	SRX14456766	SRA1384449	9606.0	Homo sapiens	ILLUMINA	Illumina NovaSeq 6000	RectalCa_3	RNA-Seq	TRANSCRIPTOMIC	other	PAIRED	68019961	20405988300	2022-03-18	2022-03-18	SUB11180237	Rectal Cancer Biopsies and Adjacent Normal Tissue from Australia and New Zealand	Illumina NovaSeq 6000 sequencing: RNA-seq of Homo sapiens: Rectal Cancer Tissue	Human sample from Homo sapiens	Human sample from Homo sapiens		ftp.sra.ebi.ac.uk/vol1/fastq/SRR183/097/SRR18319497/SRR18319497_1.fastq.gz;ftp.sra.ebi.ac.uk/vol1/fastq/SRR183/097/SRR18319497/SRR18319497_2.fastq.gz	411352ed7c54b348930f5c2d1455a9cf;d705f6b022be26b29818bd98766696da	4057977014;4051266356				Homo sapiens	9606.0	RNA-Seq	TRANSCRIPTOMIC	other	PAIRED	SAMN26646127	PRJNA815861
Normal	no	no	yes	yes	unknown	unknown	SRR18319499	PRJNA815861	SRP363888	SAMN26646161	SRS12262221	SRX14456764	SRA1384449	9606.0	Homo sapiens	ILLUMINA	Illumina NovaSeq 6000	RectalCa_20	RNA-Seq	TRANSCRIPTOMIC	other	PAIRED	65272435	19581730500	2022-03-18	2022-03-18	SUB11180237	Rectal Cancer Biopsies and Adjacent Normal Tissue from Australia and New Zealand	Illumina NovaSeq 6000 sequencing: RNA-seq of Homo sapiens: Rectal Cancer Tissue	Human sample from Homo sapiens	Human sample from Homo sapiens		ftp.sra.ebi.ac.uk/vol1/fastq/SRR183/099/SRR18319499/SRR18319499_1.fastq.gz;ftp.sra.ebi.ac.uk/vol1/fastq/SRR183/099/SRR18319499/SRR18319499_2.fastq.gz	12e5d20b392b03fe0224702efd312267;270065e47f27cbf033e74dca685c4489	3735783690;3840753613				Homo sapiens	9606.0	RNA-Seq	TRANSCRIPTOMIC	other	PAIRED	SAMN26646161	PRJNA815861
Normal	no	no	yes	yes	unknown	unknown	SRR18319510	PRJNA815861	SRP363888	SAMN26646151	SRS12262210	SRX14456753	SRA1384449	9606.0	Homo sapiens	ILLUMINA	Illumina NovaSeq 6000	RectalCa_15	RNA-Seq	TRANSCRIPTOMIC	other	PAIRED	45461331	13638399300	2022-03-18	2022-03-18	SUB11180237	Rectal Cancer Biopsies and Adjacent Normal Tissue from Australia and New Zealand	Illumina NovaSeq 6000 sequencing: RNA-seq of Homo sapiens: Rectal Cancer Tissue	Human sample from Homo sapiens	Human sample from Homo sapiens		ftp.sra.ebi.ac.uk/vol1/fastq/SRR183/010/SRR18319510/SRR18319510_1.fastq.gz;ftp.sra.ebi.ac.uk/vol1/fastq/SRR183/010/SRR18319510/SRR18319510_2.fastq.gz	c787f6f2098fcafee5f095b79b842807;85411e939c6d2527d1bf5cbefb401c56	2504563217;2498367019											
Normal	no	no	yes	yes	unknown	unknown	SRR18319516	PRJNA815861	SRP363888	SAMN26646145	SRS12262204	SRX14456747	SRA1384449	9606.0	Homo sapiens	ILLUMINA	Illumina NovaSeq 6000	RectalCa_12	RNA-Seq	TRANSCRIPTOMIC	other	PAIRED	51619614	15485884200	2022-03-18	2022-03-18	SUB11180237	Rectal Cancer Biopsies and Adjacent Normal Tissue from Australia and New Zealand	Illumina NovaSeq 6000 sequencing: RNA-seq of Homo sapiens: Rectal Cancer Tissue	Human sample from Homo sapiens	Human sample from Homo sapiens		ftp.sra.ebi.ac.uk/vol1/fastq/SRR183/016/SRR18319516/SRR18319516_1.fastq.gz;ftp.sra.ebi.ac.uk/vol1/fastq/SRR183/016/SRR18319516/SRR18319516_2.fastq.gz	9342080a230b715849b8d790ab410575;2406afe9d4325048b8a5bd1f6ff92875	3203684017;3319369173				Homo sapiens	9606.0	RNA-Seq	TRANSCRIPTOMIC	other	PAIRED	SAMN26646145	PRJNA815861
Normal	no	no	yes	yes	unknown	unknown	SRR18319521	PRJNA815861	SRP363888	SAMN26646141	SRS12262199	SRX14456742	SRA1384449	9606.0	Homo sapiens	ILLUMINA	Illumina NovaSeq 6000	RectalCa_10	RNA-Seq	TRANSCRIPTOMIC	other	PAIRED	55048172	16514451600	2022-03-18	2022-03-18	SUB11180237	Rectal Cancer Biopsies and Adjacent Normal Tissue from Australia and New Zealand	Illumina NovaSeq 6000 sequencing: RNA-seq of Homo sapiens: Rectal Cancer Tissue	Human sample from Homo sapiens	Human sample from Homo sapiens		ftp.sra.ebi.ac.uk/vol1/fastq/SRR183/021/SRR18319521/SRR18319521_1.fastq.gz;ftp.sra.ebi.ac.uk/vol1/fastq/SRR183/021/SRR18319521/SRR18319521_2.fastq.gz	c74542701cff731f3d3e647dbaaaa072;a9b3285aaab5c0aedf45c6ecdc065464	3066926573;3084110623											
Normal	no	no	yes	yes	unknown	unknown	SRR18319533	PRJNA815861	SRP363888	SAMN26646199	SRS12262187	SRX14456730	SRA1384449	9606.0	Homo sapiens	ILLUMINA	Illumina NovaSeq 6000	RectalCa_39	RNA-Seq	TRANSCRIPTOMIC	other	PAIRED	51604997	15481499100	2022-03-18	2022-03-18	SUB11180237	Rectal Cancer Biopsies and Adjacent Normal Tissue from Australia and New Zealand	Illumina NovaSeq 6000 sequencing: RNA-seq of Homo sapiens: Rectal Cancer Tissue	Human sample from Homo sapiens	Human sample from Homo sapiens		ftp.sra.ebi.ac.uk/vol1/fastq/SRR183/033/SRR18319533/SRR18319533_1.fastq.gz;ftp.sra.ebi.ac.uk/vol1/fastq/SRR183/033/SRR18319533/SRR18319533_2.fastq.gz	3760cf942ab581aa48ec70d90b2ec1e2;e6d8c73c96b0b4ea7cdf3b3c3a1b2170	3258727942;3266416157				Homo sapiens	9606.0	RNA-Seq	TRANSCRIPTOMIC	other	PAIRED	SAMN26646199	PRJNA815861
Normal	no	no	yes	yes	unknown	unknown	SRR18319537	PRJNA815861	SRP363888	SAMN26646195	SRS12262183	SRX14456726	SRA1384449	9606.0	Homo sapiens	ILLUMINA	Illumina NovaSeq 6000	RectalCa_37	RNA-Seq	TRANSCRIPTOMIC	other	PAIRED	51277757	15383327100	2022-03-18	2022-03-18	SUB11180237	Rectal Cancer Biopsies and Adjacent Normal Tissue from Australia and New Zealand	Illumina NovaSeq 6000 sequencing: RNA-seq of Homo sapiens: Rectal Cancer Tissue	Human sample from Homo sapiens	Human sample from Homo sapiens		ftp.sra.ebi.ac.uk/vol1/fastq/SRR183/037/SRR18319537/SRR18319537_1.fastq.gz;ftp.sra.ebi.ac.uk/vol1/fastq/SRR183/037/SRR18319537/SRR18319537_2.fastq.gz	513513d2543446f27f8565a2e0d29e19;3c1e942d96522e9a7bc2be35b04410c6	2739732972;2678878688				Homo sapiens	9606.0	RNA-Seq	TRANSCRIPTOMIC	other	PAIRED	SAMN26646195	PRJNA815861
Normal	no	no	yes	yes	unknown	unknown	SRR18319479	PRJNA815861	SRP363888	SAMN26646179	SRS12262241	SRX14456784	SRA1384449	9606.0	Homo sapiens	ILLUMINA	Illumina NovaSeq 6000	RectalCa_29	RNA-Seq	TRANSCRIPTOMIC	other	PAIRED	46644418	13993325400	2022-03-18	2022-03-18	SUB11180237	Rectal Cancer Biopsies and Adjacent Normal Tissue from Australia and New Zealand	Illumina NovaSeq 6000 sequencing: RNA-seq of Homo sapiens: Rectal Cancer Tissue	Human sample from Homo sapiens	Human sample from Homo sapiens		ftp.sra.ebi.ac.uk/vol1/fastq/SRR183/079/SRR18319479/SRR18319479_1.fastq.gz;ftp.sra.ebi.ac.uk/vol1/fastq/SRR183/079/SRR18319479/SRR18319479_2.fastq.gz	1b64ab78b91fd0ea35cc1714dd2845c6;a18937b55cbc96257e138f224fd3b6f4	2582798904;2531373103				Homo sapiens	9606.0	RNA-Seq	TRANSCRIPTOMIC	other	PAIRED	SAMN26646179	PRJNA815861
Normal	no	no	yes	yes	unknown	unknown	SRR18319481	PRJNA815861	SRP363888	SAMN26646177	SRS12262239	SRX14456782	SRA1384449	9606.0	Homo sapiens	ILLUMINA	Illumina NovaSeq 6000	RectalCa_28	RNA-Seq	TRANSCRIPTOMIC	other	PAIRED	51801726	15540517800	2022-03-18	2022-03-18	SUB11180237	Rectal Cancer Biopsies and Adjacent Normal Tissue from Australia and New Zealand	Illumina NovaSeq 6000 sequencing: RNA-seq of Homo sapiens: Rectal Cancer Tissue	Human sample from Homo sapiens	Human sample from Homo sapiens		ftp.sra.ebi.ac.uk/vol1/fastq/SRR183/081/SRR18319481/SRR18319481_1.fastq.gz;ftp.sra.ebi.ac.uk/vol1/fastq/SRR183/081/SRR18319481/SRR18319481_2.fastq.gz	c8551936d2758850c14aa5272f352d9c;7a051b15727f61e0fb551885d86174e3	3107325986;3122298781				Homo sapiens	9606.0	RNA-Seq	TRANSCRIPTOMIC	other	PAIRED	SAMN26646177	PRJNA815861
Normal	no	no	yes	yes	unknown	unknown	SRR18319483	PRJNA815861	SRP363888	SAMN26646175	SRS12262237	SRX14456780	SRA1384449	9606.0	Homo sapiens	ILLUMINA	Illumina NovaSeq 6000	RectalCa_27	RNA-Seq	TRANSCRIPTOMIC	other	PAIRED	50234378	15070313400	2022-03-18	2022-03-18	SUB11180237	Rectal Cancer Biopsies and Adjacent Normal Tissue from Australia and New Zealand	Illumina NovaSeq 6000 sequencing: RNA-seq of Homo sapiens: Rectal Cancer Tissue	Human sample from Homo sapiens	Human sample from Homo sapiens		ftp.sra.ebi.ac.uk/vol1/fastq/SRR183/083/SRR18319483/SRR18319483_1.fastq.gz;ftp.sra.ebi.ac.uk/vol1/fastq/SRR183/083/SRR18319483/SRR18319483_2.fastq.gz	6d98a69b029d050123448e9e40cf3547;6a4d087023209bbcecb779a982936921	2876008674;2878769070											
Normal	no	no	yes	yes	unknown	unknown	SRR18319494	PRJNA815861	SRP363888	SAMN26646165	SRS12262226	SRX14456769	SRA1384449	9606.0	Homo sapiens	ILLUMINA	Illumina NovaSeq 6000	RectalCa_22	RNA-Seq	TRANSCRIPTOMIC	other	PAIRED	50250695	15075208500	2022-03-18	2022-03-18	SUB11180237	Rectal Cancer Biopsies and Adjacent Normal Tissue from Australia and New Zealand	Illumina NovaSeq 6000 sequencing: RNA-seq of Homo sapiens: Rectal Cancer Tissue	Human sample from Homo sapiens	Human sample from Homo sapiens		ftp.sra.ebi.ac.uk/vol1/fastq/SRR183/094/SRR18319494/SRR18319494_1.fastq.gz;ftp.sra.ebi.ac.uk/vol1/fastq/SRR183/094/SRR18319494/SRR18319494_2.fastq.gz	6471d47b875a01ed05049a8322d95832;fd7605182a8c3e9b187aca2da823ca20	2913079391;2907368242											
Normal	no	no	yes	yes	unknown	unknown	SRR18319496	PRJNA815861	SRP363888	SAMN26646163	SRS12262224	SRX14456767	SRA1384449	9606.0	Homo sapiens	ILLUMINA	Illumina NovaSeq 6000	RectalCa_21	RNA-Seq	TRANSCRIPTOMIC	other	PAIRED	47990141	14397042300	2022-03-18	2022-03-18	SUB11180237	Rectal Cancer Biopsies and Adjacent Normal Tissue from Australia and New Zealand	Illumina NovaSeq 6000 sequencing: RNA-seq of Homo sapiens: Rectal Cancer Tissue	Human sample from Homo sapiens	Human sample from Homo sapiens		ftp.sra.ebi.ac.uk/vol1/fastq/SRR183/096/SRR18319496/SRR18319496_1.fastq.gz;ftp.sra.ebi.ac.uk/vol1/fastq/SRR183/096/SRR18319496/SRR18319496_2.fastq.gz	b97e8deed9a4fa4ffad0d0553d01fb1f;2d40ae0b4f77479379f8b3b467043fff	2886480148;2914458929											
Normal	no	no	yes	yes	unknown	unknown	SRR18319501	PRJNA815861	SRP363888	SAMN26646159	SRS12262219	SRX14456762	SRA1384449	9606.0	Homo sapiens	ILLUMINA	Illumina NovaSeq 6000	RectalCa_19	RNA-Seq	TRANSCRIPTOMIC	other	PAIRED	68820033	20646009900	2022-03-18	2022-10-28	SUB11180237	Rectal Cancer Biopsies and Adjacent Normal Tissue from Australia and New Zealand	Illumina NovaSeq 6000 sequencing: RNA-seq of Homo sapiens: Rectal Cancer Tissue	Human sample from Homo sapiens	Human sample from Homo sapiens		ftp.sra.ebi.ac.uk/vol1/fastq/SRR183/001/SRR18319501/SRR18319501_1.fastq.gz;ftp.sra.ebi.ac.uk/vol1/fastq/SRR183/001/SRR18319501/SRR18319501_2.fastq.gz	94f57d858a956dd7c7609da3b4f34da5;527c1fcd42bc1ce0f8c16758bda87df5	4370917027;4473425076											
Normal	no	no	yes	yes	unknown	unknown	SRR18319503	PRJNA815861	SRP363888	SAMN26646157	SRS12262217	SRX14456760	SRA1384449	9606.0	Homo sapiens	ILLUMINA	Illumina NovaSeq 6000	RectalCa_18	RNA-Seq	TRANSCRIPTOMIC	other	PAIRED	52601165	15780349500	2022-03-18	2022-03-18	SUB11180237	Rectal Cancer Biopsies and Adjacent Normal Tissue from Australia and New Zealand	Illumina NovaSeq 6000 sequencing: RNA-seq of Homo sapiens: Rectal Cancer Tissue	Human sample from Homo sapiens	Human sample from Homo sapiens		ftp.sra.ebi.ac.uk/vol1/fastq/SRR183/003/SRR18319503/SRR18319503_1.fastq.gz;ftp.sra.ebi.ac.uk/vol1/fastq/SRR183/003/SRR18319503/SRR18319503_2.fastq.gz	134f82860b2396ea2d42100c67abba18;534458ef2e9197eab243ca061ee5b7f1	3271132500;3418848243				Homo sapiens	9606.0	RNA-Seq	TRANSCRIPTOMIC	other	PAIRED	SAMN26646157	PRJNA815861
Normal	no	no	yes	yes	unknown	unknown	SRR18319518	PRJNA815861	SRP363888	SAMN26646143	SRS12262202	SRX14456745	SRA1384449	9606.0	Homo sapiens	ILLUMINA	Illumina NovaSeq 6000	RectalCa_11	RNA-Seq	TRANSCRIPTOMIC	other	PAIRED	51185511	15355653300	2022-03-18	2022-10-27	SUB11180237	Rectal Cancer Biopsies and Adjacent Normal Tissue from Australia and New Zealand	Illumina NovaSeq 6000 sequencing: RNA-seq of Homo sapiens: Rectal Cancer Tissue	Human sample from Homo sapiens	Human sample from Homo sapiens		ftp.sra.ebi.ac.uk/vol1/fastq/SRR183/018/SRR18319518/SRR18319518_1.fastq.gz;ftp.sra.ebi.ac.uk/vol1/fastq/SRR183/018/SRR18319518/SRR18319518_2.fastq.gz	525367f4c573e256fa11d7568b637603;6bf8f7a159fad72c46690ad40b8645c6	3047517804;3061388260				Homo sapiens	9606.0	RNA-Seq	TRANSCRIPTOMIC	other	PAIRED	SAMN26646143	PRJNA815861
Normal	no	no	yes	yes	unknown	unknown	SRR18319519	PRJNA815861	SRP363888	SAMN26646125	SRS12262201	SRX14456744	SRA1384449	9606.0	Homo sapiens	ILLUMINA	Illumina NovaSeq 6000	RectalCa_2	RNA-Seq	TRANSCRIPTOMIC	other	PAIRED	67848414	20354524200	2022-03-18	2022-03-18	SUB11180237	Rectal Cancer Biopsies and Adjacent Normal Tissue from Australia and New Zealand	Illumina NovaSeq 6000 sequencing: RNA-seq of Homo sapiens: Rectal Cancer Tissue	Human sample from Homo sapiens	Human sample from Homo sapiens		ftp.sra.ebi.ac.uk/vol1/fastq/SRR183/019/SRR18319519/SRR18319519_1.fastq.gz;ftp.sra.ebi.ac.uk/vol1/fastq/SRR183/019/SRR18319519/SRR18319519_2.fastq.gz	7919742ac6ea84be4aebaf059f901fd9;cb5fd2330d286e74aac9d569ecf28839	4307866423;4320567368											
Normal	no	no	yes	yes	unknown	unknown	SRR18319527	PRJNA815861	SRP363888	SAMN26646135	SRS12262193	SRX14456736	SRA1384449	9606.0	Homo sapiens	ILLUMINA	Illumina NovaSeq 6000	RectalCa_7	RNA-Seq	TRANSCRIPTOMIC	other	PAIRED	75592926	22677877800	2022-03-18	2022-03-18	SUB11180237	Rectal Cancer Biopsies and Adjacent Normal Tissue from Australia and New Zealand	Illumina NovaSeq 6000 sequencing: RNA-seq of Homo sapiens: Rectal Cancer Tissue	Human sample from Homo sapiens	Human sample from Homo sapiens		ftp.sra.ebi.ac.uk/vol1/fastq/SRR183/027/SRR18319527/SRR18319527_1.fastq.gz;ftp.sra.ebi.ac.uk/vol1/fastq/SRR183/027/SRR18319527/SRR18319527_2.fastq.gz	b20ea1e440507301cbb5b1a14734ae37;400e0e85e47eda49b4edc3192a0cbdcb	4586683891;4753480846				Homo sapiens	9606.0	RNA-Seq	TRANSCRIPTOMIC	other	PAIRED	SAMN26646135	PRJNA815861
Normal	no	no	yes	yes	unknown	unknown	SRR18319535	PRJNA815861	SRP363888	SAMN26646197	SRS12262185	SRX14456728	SRA1384449	9606.0	Homo sapiens	ILLUMINA	Illumina NovaSeq 6000	RectalCa_38	RNA-Seq	TRANSCRIPTOMIC	other	PAIRED	56349984	16904995200	2022-03-18	2022-03-18	SUB11180237	Rectal Cancer Biopsies and Adjacent Normal Tissue from Australia and New Zealand	Illumina NovaSeq 6000 sequencing: RNA-seq of Homo sapiens: Rectal Cancer Tissue	Human sample from Homo sapiens	Human sample from Homo sapiens		ftp.sra.ebi.ac.uk/vol1/fastq/SRR183/035/SRR18319535/SRR18319535_1.fastq.gz;ftp.sra.ebi.ac.uk/vol1/fastq/SRR183/035/SRR18319535/SRR18319535_2.fastq.gz	fa7f47eec0c475d53521a5104fe289b9;dc270abff2c588a2fcbfc6726ef59b71	3780838731;3796292575				Homo sapiens	9606.0	RNA-Seq	TRANSCRIPTOMIC	other	PAIRED	SAMN26646197	PRJNA815861
Normal	no	no	yes	yes	unknown	unknown	SRR18319541	PRJNA815861	SRP363888	SAMN26646133	SRS12262179	SRX14456722	SRA1384449	9606.0	Homo sapiens	ILLUMINA	Illumina NovaSeq 6000	RectalCa_6	RNA-Seq	TRANSCRIPTOMIC	other	PAIRED	64679678	19403903400	2022-03-18	2022-03-18	SUB11180237	Rectal Cancer Biopsies and Adjacent Normal Tissue from Australia and New Zealand	Illumina NovaSeq 6000 sequencing: RNA-seq of Homo sapiens: Rectal Cancer Tissue	Human sample from Homo sapiens	Human sample from Homo sapiens		ftp.sra.ebi.ac.uk/vol1/fastq/SRR183/041/SRR18319541/SRR18319541_1.fastq.gz;ftp.sra.ebi.ac.uk/vol1/fastq/SRR183/041/SRR18319541/SRR18319541_2.fastq.gz	93b16ca767a1198cef02ecc4c1881787;2fae5ba52f68e3681889d4484831fa96	4118989808;4168248370				Homo sapiens	9606.0	RNA-Seq	TRANSCRIPTOMIC	other	PAIRED	SAMN26646133	PRJNA815861
Normal	no	no	yes	yes	unknown	unknown	SRR18319543	PRJNA815861	SRP363888	SAMN26646123	SRS12262177	SRX14456720	SRA1384449	9606.0	Homo sapiens	ILLUMINA	Illumina NovaSeq 6000	RectalCa_1	RNA-Seq	TRANSCRIPTOMIC	other	PAIRED	50629572	15188871600	2022-03-18	2022-03-18	SUB11180237	Rectal Cancer Biopsies and Adjacent Normal Tissue from Australia and New Zealand	Illumina NovaSeq 6000 sequencing: RNA-seq of Homo sapiens: Rectal Cancer Tissue	Human sample from Homo sapiens	Human sample from Homo sapiens		ftp.sra.ebi.ac.uk/vol1/fastq/SRR183/043/SRR18319543/SRR18319543_1.fastq.gz;ftp.sra.ebi.ac.uk/vol1/fastq/SRR183/043/SRR18319543/SRR18319543_2.fastq.gz	4f0c7699f19bf6f123b66b360ef75f93;9eeaefc3442da4d12c67293c4f42ef2b	3178090913;3170823303											
Normal	no	no	yes	yes	unknown	unknown	SRR18319468	PRJNA815861	SRP363888	SAMN26646189	SRS12262252	SRX14456795	SRA1384449	9606.0	Homo sapiens	ILLUMINA	Illumina NovaSeq 6000	RectalCa_34	RNA-Seq	TRANSCRIPTOMIC	other	PAIRED	62805018	18841505400	2022-03-18	2022-03-18	SUB11180237	Rectal Cancer Biopsies and Adjacent Normal Tissue from Australia and New Zealand	Illumina NovaSeq 6000 sequencing: RNA-seq of Homo sapiens: Rectal Cancer Tissue	Human sample from Homo sapiens	Human sample from Homo sapiens		ftp.sra.ebi.ac.uk/vol1/fastq/SRR183/068/SRR18319468/SRR18319468_1.fastq.gz;ftp.sra.ebi.ac.uk/vol1/fastq/SRR183/068/SRR18319468/SRR18319468_2.fastq.gz	bef8f7c1ba22b7096d365663e97c1783;b91f0e7c4b0e27f0b7c46b9f417d927d	3629192254;3558113560				Homo sapiens	9606.0	RNA-Seq	TRANSCRIPTOMIC	other	PAIRED	SAMN26646189	PRJNA815861
Normal	no	no	yes	yes	unknown	unknown	SRR18319470	PRJNA815861	SRP363888	SAMN26646187	SRS12262250	SRX14456793	SRA1384449	9606.0	Homo sapiens	ILLUMINA	Illumina NovaSeq 6000	RectalCa_33	RNA-Seq	TRANSCRIPTOMIC	other	PAIRED	53409805	16022941500	2022-03-18	2022-03-18	SUB11180237	Rectal Cancer Biopsies and Adjacent Normal Tissue from Australia and New Zealand	Illumina NovaSeq 6000 sequencing: RNA-seq of Homo sapiens: Rectal Cancer Tissue	Human sample from Homo sapiens	Human sample from Homo sapiens		ftp.sra.ebi.ac.uk/vol1/fastq/SRR183/070/SRR18319470/SRR18319470_1.fastq.gz;ftp.sra.ebi.ac.uk/vol1/fastq/SRR183/070/SRR18319470/SRR18319470_2.fastq.gz	5971dd130f6a80b98b6f74d5d10b2cde;3e344c6a003dab7bcbd802b2cd3c7ed2	3454734261;3515570952				Homo sapiens	9606.0	RNA-Seq	TRANSCRIPTOMIC	other	PAIRED	SAMN26646187	PRJNA815861
Normal	no	no	yes	yes	unknown	unknown	SRR18319472	PRJNA815861	SRP363888	SAMN26646185	SRS12262248	SRX14456791	SRA1384449	9606.0	Homo sapiens	ILLUMINA	Illumina NovaSeq 6000	RectalCa_32	RNA-Seq	TRANSCRIPTOMIC	other	PAIRED	55202148	16560644400	2022-03-18	2022-03-18	SUB11180237	Rectal Cancer Biopsies and Adjacent Normal Tissue from Australia and New Zealand	Illumina NovaSeq 6000 sequencing: RNA-seq of Homo sapiens: Rectal Cancer Tissue	Human sample from Homo sapiens	Human sample from Homo sapiens		ftp.sra.ebi.ac.uk/vol1/fastq/SRR183/072/SRR18319472/SRR18319472_1.fastq.gz;ftp.sra.ebi.ac.uk/vol1/fastq/SRR183/072/SRR18319472/SRR18319472_2.fastq.gz	8238f76b9c05151ed93dbeca97192a49;49b983422418a2cb0e8e6560c8a13839	3462529895;3484616354				Homo sapiens	9606.0	RNA-Seq	TRANSCRIPTOMIC	other	PAIRED	SAMN26646185	PRJNA815861
Normal	no	no	yes	yes	unknown	unknown	SRR18319475	PRJNA815861	SRP363888	SAMN26646129	SRS12262245	SRX14456788	SRA1384449	9606.0	Homo sapiens	ILLUMINA	Illumina NovaSeq 6000	RectalCa_4	RNA-Seq	TRANSCRIPTOMIC	other	PAIRED	53838505	16151551500	2022-03-18	2022-03-18	SUB11180237	Rectal Cancer Biopsies and Adjacent Normal Tissue from Australia and New Zealand	Illumina NovaSeq 6000 sequencing: RNA-seq of Homo sapiens: Rectal Cancer Tissue	Human sample from Homo sapiens	Human sample from Homo sapiens		ftp.sra.ebi.ac.uk/vol1/fastq/SRR183/075/SRR18319475/SRR18319475_1.fastq.gz;ftp.sra.ebi.ac.uk/vol1/fastq/SRR183/075/SRR18319475/SRR18319475_2.fastq.gz	74716262e56b98d93696c817d15b5258;5f457d3905d590760a964fc151c33117	3431894658;3464417796				Homo sapiens	9606.0	RNA-Seq	TRANSCRIPTOMIC	other	PAIRED	SAMN26646129	PRJNA815861
Normal	no	no	yes	yes	unknown	unknown	SRR18319485	PRJNA815861	SRP363888	SAMN26646173	SRS12262235	SRX14456778	SRA1384449	9606.0	Homo sapiens	ILLUMINA	Illumina NovaSeq 6000	RectalCa_26	RNA-Seq	TRANSCRIPTOMIC	other	PAIRED	54035811	16210743300	2022-03-18	2022-03-18	SUB11180237	Rectal Cancer Biopsies and Adjacent Normal Tissue from Australia and New Zealand	Illumina NovaSeq 6000 sequencing: RNA-seq of Homo sapiens: Rectal Cancer Tissue	Human sample from Homo sapiens	Human sample from Homo sapiens		ftp.sra.ebi.ac.uk/vol1/fastq/SRR183/085/SRR18319485/SRR18319485_1.fastq.gz;ftp.sra.ebi.ac.uk/vol1/fastq/SRR183/085/SRR18319485/SRR18319485_2.fastq.gz	1fc13d676a617a0469ac7acc70a39825;ea651187eac8b0b602118306c2cb4aad	3535812556;3581316467				Homo sapiens	9606.0	RNA-Seq	TRANSCRIPTOMIC	other	PAIRED	SAMN26646173	PRJNA815861
Normal	no	no	yes	yes	unknown	unknown	SRR18319505	PRJNA815861	SRP363888	SAMN26646155	SRS12262215	SRX14456758	SRA1384449	9606.0	Homo sapiens	ILLUMINA	Illumina NovaSeq 6000	RectalCa_17	RNA-Seq	TRANSCRIPTOMIC	other	PAIRED	56401397	16920419100	2022-03-18	2022-03-18	SUB11180237	Rectal Cancer Biopsies and Adjacent Normal Tissue from Australia and New Zealand	Illumina NovaSeq 6000 sequencing: RNA-seq of Homo sapiens: Rectal Cancer Tissue	Human sample from Homo sapiens	Human sample from Homo sapiens		ftp.sra.ebi.ac.uk/vol1/fastq/SRR183/005/SRR18319505/SRR18319505_1.fastq.gz;ftp.sra.ebi.ac.uk/vol1/fastq/SRR183/005/SRR18319505/SRR18319505_2.fastq.gz	1423fafa2365d8ddca862845d04d7d34;0c58cba144d66963096d6723e3c0db5c	3655923548;3798846143				Homo sapiens	9606.0	RNA-Seq	TRANSCRIPTOMIC	other	PAIRED	SAMN26646155	PRJNA815861
Normal	no	no	yes	yes	unknown	unknown	SRR18319507	PRJNA815861	SRP363888	SAMN26646153	SRS12262213	SRX14456756	SRA1384449	9606.0	Homo sapiens	ILLUMINA	Illumina NovaSeq 6000	RectalCa_16	RNA-Seq	TRANSCRIPTOMIC	other	PAIRED	53381132	16014339600	2022-03-18	2022-03-18	SUB11180237	Rectal Cancer Biopsies and Adjacent Normal Tissue from Australia and New Zealand	Illumina NovaSeq 6000 sequencing: RNA-seq of Homo sapiens: Rectal Cancer Tissue	Human sample from Homo sapiens	Human sample from Homo sapiens		ftp.sra.ebi.ac.uk/vol1/fastq/SRR183/007/SRR18319507/SRR18319507_1.fastq.gz;ftp.sra.ebi.ac.uk/vol1/fastq/SRR183/007/SRR18319507/SRR18319507_2.fastq.gz	b2ebbf4157a382e44b588c27ba59a692;809a6073745dfedfada8dce754233500	3373369309;3417636090				Homo sapiens	9606.0	RNA-Seq	TRANSCRIPTOMIC	other	PAIRED	SAMN26646153	PRJNA815861
Normal	no	no	yes	yes	unknown	unknown	SRR18319512	PRJNA815861	SRP363888	SAMN26646149	SRS12262208	SRX14456751	SRA1384449	9606.0	Homo sapiens	ILLUMINA	Illumina NovaSeq 6000	RectalCa_14	RNA-Seq	TRANSCRIPTOMIC	other	PAIRED	48035590	14410677000	2022-03-18	2022-03-18	SUB11180237	Rectal Cancer Biopsies and Adjacent Normal Tissue from Australia and New Zealand	Illumina NovaSeq 6000 sequencing: RNA-seq of Homo sapiens: Rectal Cancer Tissue	Human sample from Homo sapiens	Human sample from Homo sapiens		ftp.sra.ebi.ac.uk/vol1/fastq/SRR183/012/SRR18319512/SRR18319512_1.fastq.gz;ftp.sra.ebi.ac.uk/vol1/fastq/SRR183/012/SRR18319512/SRR18319512_2.fastq.gz	f38433a6ba2cc84cf7f24e785f023b7d;faee1721f9062cee05f8d56eba4f896b	2926005698;2926649035				Homo sapiens	9606.0	RNA-Seq	TRANSCRIPTOMIC	other	PAIRED	SAMN26646149	PRJNA815861
Normal	no	no	yes	yes	unknown	unknown	SRR18319514	PRJNA815861	SRP363888	SAMN26646147	SRS12262206	SRX14456749	SRA1384449	9606.0	Homo sapiens	ILLUMINA	Illumina NovaSeq 6000	RectalCa_13	RNA-Seq	TRANSCRIPTOMIC	other	PAIRED	74446240	22333872000	2022-03-18	2022-03-18	SUB11180237	Rectal Cancer Biopsies and Adjacent Normal Tissue from Australia and New Zealand	Illumina NovaSeq 6000 sequencing: RNA-seq of Homo sapiens: Rectal Cancer Tissue	Human sample from Homo sapiens	Human sample from Homo sapiens		ftp.sra.ebi.ac.uk/vol1/fastq/SRR183/014/SRR18319514/SRR18319514_1.fastq.gz;ftp.sra.ebi.ac.uk/vol1/fastq/SRR183/014/SRR18319514/SRR18319514_2.fastq.gz	06b32c7be111bb86ac206d03ca047842;f29e80791bbbf0bcb4d8c7c65cd15af2	4580997099;4679721444				Homo sapiens	9606.0	RNA-Seq	TRANSCRIPTOMIC	other	PAIRED	SAMN26646147	PRJNA815861
Normal	no	no	yes	yes	unknown	unknown	SRR18319523	PRJNA815861	SRP363888	SAMN26646139	SRS12262197	SRX14456740	SRA1384449	9606.0	Homo sapiens	ILLUMINA	Illumina NovaSeq 6000	RectalCa_9	RNA-Seq	TRANSCRIPTOMIC	other	PAIRED	70245212	21073563600	2022-03-18	2022-03-18	SUB11180237	Rectal Cancer Biopsies and Adjacent Normal Tissue from Australia and New Zealand	Illumina NovaSeq 6000 sequencing: RNA-seq of Homo sapiens: Rectal Cancer Tissue	Human sample from Homo sapiens	Human sample from Homo sapiens		ftp.sra.ebi.ac.uk/vol1/fastq/SRR183/023/SRR18319523/SRR18319523_1.fastq.gz;ftp.sra.ebi.ac.uk/vol1/fastq/SRR183/023/SRR18319523/SRR18319523_2.fastq.gz	6cdaa8b851b92232e45e38f146fe2dd4;44727026a4731840320f5f5c7abd0556	4142425543;4276467883				Homo sapiens	9606.0	RNA-Seq	TRANSCRIPTOMIC	other	PAIRED	SAMN26646139	PRJNA815861
Normal	no	no	yes	yes	unknown	unknown	SRR18319525	PRJNA815861	SRP363888	SAMN26646137	SRS12262195	SRX14456738	SRA1384449	9606.0	Homo sapiens	ILLUMINA	Illumina NovaSeq 6000	RectalCa_8	RNA-Seq	TRANSCRIPTOMIC	other	PAIRED	76497189	22949156700	2022-03-18	2022-03-18	SUB11180237	Rectal Cancer Biopsies and Adjacent Normal Tissue from Australia and New Zealand	Illumina NovaSeq 6000 sequencing: RNA-seq of Homo sapiens: Rectal Cancer Tissue	Human sample from Homo sapiens	Human sample from Homo sapiens		ftp.sra.ebi.ac.uk/vol1/fastq/SRR183/025/SRR18319525/SRR18319525_1.fastq.gz;ftp.sra.ebi.ac.uk/vol1/fastq/SRR183/025/SRR18319525/SRR18319525_2.fastq.gz	56b5bddf77291534cbc677bec7ec1b50;4408e10f4502c3c296833a50c50664f5	4897238476;4987908627				Homo sapiens	9606.0	RNA-Seq	TRANSCRIPTOMIC	other	PAIRED	SAMN26646137	PRJNA815861
Normal	no	no	yes	yes	unknown	unknown	SRR18319529	PRJNA815861	SRP363888	SAMN26646131	SRS12262191	SRX14456734	SRA1384449	9606.0	Homo sapiens	ILLUMINA	Illumina NovaSeq 6000	RectalCa_5	RNA-Seq	TRANSCRIPTOMIC	other	PAIRED	55610236	16683070800	2022-03-18	2022-03-19	SUB11180237	Rectal Cancer Biopsies and Adjacent Normal Tissue from Australia and New Zealand	Illumina NovaSeq 6000 sequencing: RNA-seq of Homo sapiens: Rectal Cancer Tissue	Human sample from Homo sapiens	Human sample from Homo sapiens		ftp.sra.ebi.ac.uk/vol1/fastq/SRR183/029/SRR18319529/SRR18319529_1.fastq.gz;ftp.sra.ebi.ac.uk/vol1/fastq/SRR183/029/SRR18319529/SRR18319529_2.fastq.gz	8c5103cd53b0fc3643b81166086c360c;c50dd96119c70045f3d0c78f2a9ca1dc	3514349632;3580568857											
Normal	no	no	yes	yes	unknown	unknown	SRR18319531	PRJNA815861	SRP363888	SAMN26646201	SRS12262189	SRX14456732	SRA1384449	9606.0	Homo sapiens	ILLUMINA	Illumina NovaSeq 6000	RectalCa_40	RNA-Seq	TRANSCRIPTOMIC	other	PAIRED	60488149	18146444700	2022-03-18	2022-03-18	SUB11180237	Rectal Cancer Biopsies and Adjacent Normal Tissue from Australia and New Zealand	Illumina NovaSeq 6000 sequencing: RNA-seq of Homo sapiens: Rectal Cancer Tissue	Human sample from Homo sapiens	Human sample from Homo sapiens		ftp.sra.ebi.ac.uk/vol1/fastq/SRR183/031/SRR18319531/SRR18319531_1.fastq.gz;ftp.sra.ebi.ac.uk/vol1/fastq/SRR183/031/SRR18319531/SRR18319531_2.fastq.gz	5f4767ef809f2dd0d53b62912c35b235;097ab55f8de550545fd8ddf6b4b6236b	2578885157;2536025286											
Normal	no	no	yes	yes	unknown	unknown	SRR18319539	PRJNA815861	SRP363888	SAMN26646193	SRS12262181	SRX14456724	SRA1384449	9606.0	Homo sapiens	ILLUMINA	Illumina NovaSeq 6000	RectalCa_36	RNA-Seq	TRANSCRIPTOMIC	other	PAIRED	61322247	18396674100	2022-03-18	2022-03-18	SUB11180237	Rectal Cancer Biopsies and Adjacent Normal Tissue from Australia and New Zealand	Illumina NovaSeq 6000 sequencing: RNA-seq of Homo sapiens: Rectal Cancer Tissue	Human sample from Homo sapiens	Human sample from Homo sapiens		ftp.sra.ebi.ac.uk/vol1/fastq/SRR183/039/SRR18319539/SRR18319539_1.fastq.gz;ftp.sra.ebi.ac.uk/vol1/fastq/SRR183/039/SRR18319539/SRR18319539_2.fastq.gz	0f9e9172972394446fe16057492900cc;2ab2f46692a77b09964e7167b736ce94	2648879653;2389362404				Homo sapiens	9606.0	RNA-Seq	TRANSCRIPTOMIC	other	PAIRED	SAMN26646193	PRJNA815861
Normal	no	no	yes	yes	unknown	unknown	SRR1182644	PRJNA240090	SRP039399	SAMN02673190	SRS565828	SRX481054	SRA143724	9606.0	Homo sapiens	ILLUMINA	Illumina Genome Analyzer IIx	Rectal R12 carcinoma and adjacent normal tissue SAPAS	RNA-Seq	TRANSCRIPTOMIC	PolyA	SINGLE	27152740	1574858920	2015-06-05	2016-06-28	School of Life Sciences, Sun Yat-sen University	Homo sapiens Transcriptome or Gene expression	Illumina Genome Analyzer IIx sequencing: female rectal cancer carcinoma and adjacent normal tissue SAPAS transcriptome	female rectal cancer carcinoma and adjacent normal tissue	female rectal cancer carcinoma and adjacent normal tissue		ftp.sra.ebi.ac.uk/vol1/fastq/SRR118/004/SRR1182644/SRR1182644.fastq.gz	16859e5a8e870cc3ba97a938611a787b	1274392422				Homo sapiens	9606.0	RNA-Seq	TRANSCRIPTOMIC	PolyA	SINGLE	SAMN02673190	PRJNA240090
Normal	no	no	yes	yes	unknown	unknown	SRR1182645	PRJNA240090	SRP039399	SAMN02673190	SRS565828	SRX481054	SRA143724	9606.0	Homo sapiens	ILLUMINA	Illumina Genome Analyzer IIx	Rectal R12 carcinoma and adjacent normal tissue SAPAS	RNA-Seq	TRANSCRIPTOMIC	PolyA	SINGLE	29568390	1714966620	2015-06-05	2016-06-28	School of Life Sciences, Sun Yat-sen University	Homo sapiens Transcriptome or Gene expression	Illumina Genome Analyzer IIx sequencing: female rectal cancer carcinoma and adjacent normal tissue SAPAS transcriptome	female rectal cancer carcinoma and adjacent normal tissue	female rectal cancer carcinoma and adjacent normal tissue		ftp.sra.ebi.ac.uk/vol1/fastq/SRR118/005/SRR1182645/SRR1182645.fastq.gz	8bd2a6d9fc9a6ef5bc8288e5fd7baa7f	1487569732				Homo sapiens	9606.0	RNA-Seq	TRANSCRIPTOMIC	PolyA	SINGLE	SAMN02673190	PRJNA240090
Normal	no	no	yes	yes	unknown	unknown	SRR18319469	PRJNA815861	SRP363888	SAMN26646188	SRS12262251	SRX14456794	SRA1384449	9606.0	Homo sapiens	ILLUMINA	Illumina NovaSeq 6000	Normal_33	RNA-Seq	TRANSCRIPTOMIC	other	PAIRED	73950500	22185150000	2022-03-18	2022-03-18	SUB11180237	Rectal Cancer Biopsies and Adjacent Normal Tissue from Australia and New Zealand	Illumina NovaSeq 6000 sequencing: RNA-seq of Homo sapiens: Rectal Cancer Matched NormalTissue	Human sample from Homo sapiens	Human sample from Homo sapiens		ftp.sra.ebi.ac.uk/vol1/fastq/SRR183/069/SRR18319469/SRR18319469_1.fastq.gz;ftp.sra.ebi.ac.uk/vol1/fastq/SRR183/069/SRR18319469/SRR18319469_2.fastq.gz	495561b0b1ef702ef713de50482a2025;d19d9af28b79a536f589d80f658e6e28	4497087233;4528539691				Homo sapiens	9606.0	RNA-Seq	TRANSCRIPTOMIC	other	PAIRED	SAMN26646188	PRJNA815861
Normal	no	no	yes	yes	unknown	unknown	SRR18319473	PRJNA815861	SRP363888	SAMN26646184	SRS12262247	SRX14456790	SRA1384449	9606.0	Homo sapiens	ILLUMINA	Illumina NovaSeq 6000	Normal_31	RNA-Seq	TRANSCRIPTOMIC	other	PAIRED	59599839	17879951700	2022-03-18	2022-03-19	SUB11180237	Rectal Cancer Biopsies and Adjacent Normal Tissue from Australia and New Zealand	Illumina NovaSeq 6000 sequencing: RNA-seq of Homo sapiens: Rectal Cancer Matched NormalTissue	Human sample from Homo sapiens	Human sample from Homo sapiens		ftp.sra.ebi.ac.uk/vol1/fastq/SRR183/073/SRR18319473/SRR18319473_1.fastq.gz;ftp.sra.ebi.ac.uk/vol1/fastq/SRR183/073/SRR18319473/SRR18319473_2.fastq.gz	2cfe963745d20b915445a91ca4696c30;a4456bd4fbac9116ff289cd5ba6bad8e	2990412388;3023662078				Homo sapiens	9606.0	RNA-Seq	TRANSCRIPTOMIC	other	PAIRED	SAMN26646184	PRJNA815861
Normal	no	no	yes	yes	unknown	unknown	SRR18319480	PRJNA815861	SRP363888	SAMN26646178	SRS12262240	SRX14456783	SRA1384449	9606.0	Homo sapiens	ILLUMINA	Illumina NovaSeq 6000	Normal_28	RNA-Seq	TRANSCRIPTOMIC	other	PAIRED	57782547	17334764100	2022-03-18	2022-03-19	SUB11180237	Rectal Cancer Biopsies and Adjacent Normal Tissue from Australia and New Zealand	Illumina NovaSeq 6000 sequencing: RNA-seq of Homo sapiens: Rectal Cancer Matched NormalTissue	Human sample from Homo sapiens	Human sample from Homo sapiens		ftp.sra.ebi.ac.uk/vol1/fastq/SRR183/080/SRR18319480/SRR18319480_1.fastq.gz;ftp.sra.ebi.ac.uk/vol1/fastq/SRR183/080/SRR18319480/SRR18319480_2.fastq.gz	761b2d0fbc091c76c633918491e08b25;549f1ee08e7a5bb30bde9f4e3b2b4185	2716886172;2676017186				Homo sapiens	9606.0	RNA-Seq	TRANSCRIPTOMIC	other	PAIRED	SAMN26646178	PRJNA815861
Normal	no	no	yes	yes	unknown	unknown	SRR18319482	PRJNA815861	SRP363888	SAMN26646176	SRS12262238	SRX14456781	SRA1384449	9606.0	Homo sapiens	ILLUMINA	Illumina NovaSeq 6000	Normal_27	RNA-Seq	TRANSCRIPTOMIC	other	PAIRED	90347321	27104196300	2022-03-18	2022-03-18	SUB11180237	Rectal Cancer Biopsies and Adjacent Normal Tissue from Australia and New Zealand	Illumina NovaSeq 6000 sequencing: RNA-seq of Homo sapiens: Rectal Cancer Matched NormalTissue	Human sample from Homo sapiens	Human sample from Homo sapiens		ftp.sra.ebi.ac.uk/vol1/fastq/SRR183/082/SRR18319482/SRR18319482_1.fastq.gz;ftp.sra.ebi.ac.uk/vol1/fastq/SRR183/082/SRR18319482/SRR18319482_2.fastq.gz	c9d4e007f2d18178d122d2b274196cc7;47f6f452fde8435dbbd6446aeff5da71	5470117422;5415402394				Homo sapiens	9606.0	RNA-Seq	TRANSCRIPTOMIC	other	PAIRED	SAMN26646176	PRJNA815861
Normal	no	no	yes	yes	unknown	unknown	SRR18319493	PRJNA815861	SRP363888	SAMN26646166	SRS12262227	SRX14456770	SRA1384449	9606.0	Homo sapiens	ILLUMINA	Illumina NovaSeq 6000	Normal_22	RNA-Seq	TRANSCRIPTOMIC	other	PAIRED	50652176	15195652800	2022-03-18	2022-03-18	SUB11180237	Rectal Cancer Biopsies and Adjacent Normal Tissue from Australia and New Zealand	Illumina NovaSeq 6000 sequencing: RNA-seq of Homo sapiens: Rectal Cancer Matched NormalTissue	Human sample from Homo sapiens	Human sample from Homo sapiens		ftp.sra.ebi.ac.uk/vol1/fastq/SRR183/093/SRR18319493/SRR18319493_1.fastq.gz;ftp.sra.ebi.ac.uk/vol1/fastq/SRR183/093/SRR18319493/SRR18319493_2.fastq.gz	8f9170a696340ee75622388ba54a1655;7d28c58034319d8532877d36f366f0b3	3103007948;3101267365				Homo sapiens	9606.0	RNA-Seq	TRANSCRIPTOMIC	other	PAIRED	SAMN26646166	PRJNA815861
Normal	no	no	yes	yes	unknown	unknown	SRR18319495	PRJNA815861	SRP363888	SAMN26646164	SRS12262225	SRX14456768	SRA1384449	9606.0	Homo sapiens	ILLUMINA	Illumina NovaSeq 6000	Normal_21	RNA-Seq	TRANSCRIPTOMIC	other	PAIRED	48025833	14407749900	2022-03-18	2022-10-29	SUB11180237	Rectal Cancer Biopsies and Adjacent Normal Tissue from Australia and New Zealand	Illumina NovaSeq 6000 sequencing: RNA-seq of Homo sapiens: Rectal Cancer Matched NormalTissue	Human sample from Homo sapiens	Human sample from Homo sapiens		ftp.sra.ebi.ac.uk/vol1/fastq/SRR183/095/SRR18319495/SRR18319495_1.fastq.gz;ftp.sra.ebi.ac.uk/vol1/fastq/SRR183/095/SRR18319495/SRR18319495_2.fastq.gz	c550b705186f0e362ab58cbbe388ad49;f0e6e88fba951e4b0f79c1c5bbcef676	3000368413;3003861884				Homo sapiens	9606.0	RNA-Seq	TRANSCRIPTOMIC	other	PAIRED	SAMN26646164	PRJNA815861
Normal	no	no	yes	yes	unknown	unknown	SRR18319500	PRJNA815861	SRP363888	SAMN26646160	SRS12262220	SRX14456763	SRA1384449	9606.0	Homo sapiens	ILLUMINA	Illumina NovaSeq 6000	Normal_19	RNA-Seq	TRANSCRIPTOMIC	other	PAIRED	47015510	14104653000	2022-03-18	2022-03-18	SUB11180237	Rectal Cancer Biopsies and Adjacent Normal Tissue from Australia and New Zealand	Illumina NovaSeq 6000 sequencing: RNA-seq of Homo sapiens: Rectal Cancer Matched NormalTissue	Human sample from Homo sapiens	Human sample from Homo sapiens		ftp.sra.ebi.ac.uk/vol1/fastq/SRR183/000/SRR18319500/SRR18319500_1.fastq.gz;ftp.sra.ebi.ac.uk/vol1/fastq/SRR183/000/SRR18319500/SRR18319500_2.fastq.gz	8463f7fa0c360e263d70d4ee1c9ffb23;b269075893f479724598fe028c0433e4	2984222305;3055735491				Homo sapiens	9606.0	RNA-Seq	TRANSCRIPTOMIC	other	PAIRED	SAMN26646160	PRJNA815861
Normal	no	no	yes	yes	unknown	unknown	SRR18319504	PRJNA815861	SRP363888	SAMN26646156	SRS12262216	SRX14456759	SRA1384449	9606.0	Homo sapiens	ILLUMINA	Illumina NovaSeq 6000	Normal_17	RNA-Seq	TRANSCRIPTOMIC	other	PAIRED	50559600	15167880000	2022-03-18	2022-03-19	SUB11180237	Rectal Cancer Biopsies and Adjacent Normal Tissue from Australia and New Zealand	Illumina NovaSeq 6000 sequencing: RNA-seq of Homo sapiens: Rectal Cancer Matched NormalTissue	Human sample from Homo sapiens	Human sample from Homo sapiens		ftp.sra.ebi.ac.uk/vol1/fastq/SRR183/004/SRR18319504/SRR18319504_1.fastq.gz;ftp.sra.ebi.ac.uk/vol1/fastq/SRR183/004/SRR18319504/SRR18319504_2.fastq.gz	52b17e7523b06e66ed001a234a65bc2b;19e1456748457a6fcc94525e291578ca	3294743004;3449877702				Homo sapiens	9606.0	RNA-Seq	TRANSCRIPTOMIC	other	PAIRED	SAMN26646156	PRJNA815861
Normal	no	no	yes	yes	unknown	unknown	SRR18319509	PRJNA815861	SRP363888	SAMN26646152	SRS12262211	SRX14456754	SRA1384449	9606.0	Homo sapiens	ILLUMINA	Illumina NovaSeq 6000	Normal_15	RNA-Seq	TRANSCRIPTOMIC	other	PAIRED	51753938	15526181400	2022-03-18	2022-10-27	SUB11180237	Rectal Cancer Biopsies and Adjacent Normal Tissue from Australia and New Zealand	Illumina NovaSeq 6000 sequencing: RNA-seq of Homo sapiens: Rectal Cancer Matched NormalTissue	Human sample from Homo sapiens	Human sample from Homo sapiens		ftp.sra.ebi.ac.uk/vol1/fastq/SRR183/009/SRR18319509/SRR18319509_1.fastq.gz;ftp.sra.ebi.ac.uk/vol1/fastq/SRR183/009/SRR18319509/SRR18319509_2.fastq.gz	5fdf56ee419de31db0dec5027072de34;10285cec81955f6ab4c8d84b4369ac45	3217673044;3276867796				Homo sapiens	9606.0	RNA-Seq	TRANSCRIPTOMIC	other	PAIRED	SAMN26646152	PRJNA815861
Normal	no	no	yes	yes	unknown	unknown	SRR18319513	PRJNA815861	SRP363888	SAMN26646148	SRS12262207	SRX14456750	SRA1384449	9606.0	Homo sapiens	ILLUMINA	Illumina NovaSeq 6000	Normal_13	RNA-Seq	TRANSCRIPTOMIC	other	PAIRED	42435289	12730586700	2022-03-18	2022-03-19	SUB11180237	Rectal Cancer Biopsies and Adjacent Normal Tissue from Australia and New Zealand	Illumina NovaSeq 6000 sequencing: RNA-seq of Homo sapiens: Rectal Cancer Matched NormalTissue	Human sample from Homo sapiens	Human sample from Homo sapiens		ftp.sra.ebi.ac.uk/vol1/fastq/SRR183/013/SRR18319513/SRR18319513_1.fastq.gz;ftp.sra.ebi.ac.uk/vol1/fastq/SRR183/013/SRR18319513/SRR18319513_2.fastq.gz	bd5aa7c19f9c1dbc64d30da8e94a714a;ead83a69924811b5ce53dc13a33c246c	2723419031;2763400481				Homo sapiens	9606.0	RNA-Seq	TRANSCRIPTOMIC	other	PAIRED	SAMN26646148	PRJNA815861
Normal	no	no	yes	yes	unknown	unknown	SRR18319520	PRJNA815861	SRP363888	SAMN26646142	SRS12262200	SRX14456743	SRA1384449	9606.0	Homo sapiens	ILLUMINA	Illumina NovaSeq 6000	Normal_10	RNA-Seq	TRANSCRIPTOMIC	other	PAIRED	48311893	14493567900	2022-03-18	2022-03-18	SUB11180237	Rectal Cancer Biopsies and Adjacent Normal Tissue from Australia and New Zealand	Illumina NovaSeq 6000 sequencing: RNA-seq of Homo sapiens: Rectal Cancer Matched NormalTissue	Human sample from Homo sapiens	Human sample from Homo sapiens		ftp.sra.ebi.ac.uk/vol1/fastq/SRR183/020/SRR18319520/SRR18319520_1.fastq.gz;ftp.sra.ebi.ac.uk/vol1/fastq/SRR183/020/SRR18319520/SRR18319520_2.fastq.gz	2d024d30f23000832ccb0176b32f27c2;35482a7b3143268ac004e68e910cd7d6	2804803342;2930005342				Homo sapiens	9606.0	RNA-Seq	TRANSCRIPTOMIC	other	PAIRED	SAMN26646142	PRJNA815861
Normal	no	no	yes	yes	unknown	unknown	SRR18319536	PRJNA815861	SRP363888	SAMN26646196	SRS12262184	SRX14456727	SRA1384449	9606.0	Homo sapiens	ILLUMINA	Illumina NovaSeq 6000	Normal_37	RNA-Seq	TRANSCRIPTOMIC	other	PAIRED	51193314	15357994200	2022-03-18	2022-03-19	SUB11180237	Rectal Cancer Biopsies and Adjacent Normal Tissue from Australia and New Zealand	Illumina NovaSeq 6000 sequencing: RNA-seq of Homo sapiens: Rectal Cancer Matched NormalTissue	Human sample from Homo sapiens	Human sample from Homo sapiens		ftp.sra.ebi.ac.uk/vol1/fastq/SRR183/036/SRR18319536/SRR18319536_1.fastq.gz;ftp.sra.ebi.ac.uk/vol1/fastq/SRR183/036/SRR18319536/SRR18319536_2.fastq.gz	dd4b97be8d87ca2b3b87984dbbff5f76;112dc98bbcb4d14410782a83457be059	2310871003;2385128893											
Normal	no	no	yes	yes	unknown	unknown	SRR18319538	PRJNA815861	SRP363888	SAMN26646194	SRS12262182	SRX14456725	SRA1384449	9606.0	Homo sapiens	ILLUMINA	Illumina NovaSeq 6000	Normal_36	RNA-Seq	TRANSCRIPTOMIC	other	PAIRED	57094132	17128239600	2022-03-18	2022-03-19	SUB11180237	Rectal Cancer Biopsies and Adjacent Normal Tissue from Australia and New Zealand	Illumina NovaSeq 6000 sequencing: RNA-seq of Homo sapiens: Rectal Cancer Matched NormalTissue	Human sample from Homo sapiens	Human sample from Homo sapiens		ftp.sra.ebi.ac.uk/vol1/fastq/SRR183/038/SRR18319538/SRR18319538_1.fastq.gz;ftp.sra.ebi.ac.uk/vol1/fastq/SRR183/038/SRR18319538/SRR18319538_2.fastq.gz	08b7fe2da5054357ffbdde7083287645;4e2a0981b7d937ed3845d567b5b97e55	2024695875;2123059435				Homo sapiens	9606.0	RNA-Seq	TRANSCRIPTOMIC	other	PAIRED	SAMN26646194	PRJNA815861
Normal	no	no	yes	yes	unknown	unknown	SRR18319464	PRJNA815861	SRP363888	SAMN26646130	SRS12262256	SRX14456799	SRA1384449	9606.0	Homo sapiens	ILLUMINA	Illumina NovaSeq 6000	Normal_4	RNA-Seq	TRANSCRIPTOMIC	other	PAIRED	55679261	16703778300	2022-03-18	2022-03-18	SUB11180237	Rectal Cancer Biopsies and Adjacent Normal Tissue from Australia and New Zealand	Illumina NovaSeq 6000 sequencing: RNA-seq of Homo sapiens: Rectal Cancer Matched NormalTissue	Human sample from Homo sapiens	Human sample from Homo sapiens		ftp.sra.ebi.ac.uk/vol1/fastq/SRR183/064/SRR18319464/SRR18319464_1.fastq.gz;ftp.sra.ebi.ac.uk/vol1/fastq/SRR183/064/SRR18319464/SRR18319464_2.fastq.gz	5b5dd95d5397960ca0325062c2abb705;e4a1db7e91e5369ce958d1c1e7a3dab5	3422069749;3459144387				Homo sapiens	9606.0	RNA-Seq	TRANSCRIPTOMIC	other	PAIRED	SAMN26646130	PRJNA815861
Normal	no	no	yes	yes	unknown	unknown	SRR18319467	PRJNA815861	SRP363888	SAMN26646190	SRS12262253	SRX14456796	SRA1384449	9606.0	Homo sapiens	ILLUMINA	Illumina NovaSeq 6000	Normal_34	RNA-Seq	TRANSCRIPTOMIC	other	PAIRED	64853094	19455928200	2022-03-18	2022-03-19	SUB11180237	Rectal Cancer Biopsies and Adjacent Normal Tissue from Australia and New Zealand	Illumina NovaSeq 6000 sequencing: RNA-seq of Homo sapiens: Rectal Cancer Matched NormalTissue	Human sample from Homo sapiens	Human sample from Homo sapiens		ftp.sra.ebi.ac.uk/vol1/fastq/SRR183/067/SRR18319467/SRR18319467_1.fastq.gz;ftp.sra.ebi.ac.uk/vol1/fastq/SRR183/067/SRR18319467/SRR18319467_2.fastq.gz	0c2911adfd76e44d35518b138860e83a;2ef237afcfce95ba582fff11b1cfd78e	3498055310;3506363708				Homo sapiens	9606.0	RNA-Seq	TRANSCRIPTOMIC	other	PAIRED	SAMN26646190	PRJNA815861
Normal	no	no	yes	yes	unknown	unknown	SRR18319471	PRJNA815861	SRP363888	SAMN26646186	SRS12262249	SRX14456792	SRA1384449	9606.0	Homo sapiens	ILLUMINA	Illumina NovaSeq 6000	Normal_32	RNA-Seq	TRANSCRIPTOMIC	other	PAIRED	80069797	24020939100	2022-03-18	2022-10-28	SUB11180237	Rectal Cancer Biopsies and Adjacent Normal Tissue from Australia and New Zealand	Illumina NovaSeq 6000 sequencing: RNA-seq of Homo sapiens: Rectal Cancer Matched NormalTissue	Human sample from Homo sapiens	Human sample from Homo sapiens		ftp.sra.ebi.ac.uk/vol1/fastq/SRR183/071/SRR18319471/SRR18319471_1.fastq.gz;ftp.sra.ebi.ac.uk/vol1/fastq/SRR183/071/SRR18319471/SRR18319471_2.fastq.gz	9e4d321f40ef2a740d329d4851182a27;fe3415f26087c242e2443e55fa000948	4244882130;4278201055											
Normal	no	no	yes	yes	unknown	unknown	SRR18319484	PRJNA815861	SRP363888	SAMN26646174	SRS12262236	SRX14456779	SRA1384449	9606.0	Homo sapiens	ILLUMINA	Illumina NovaSeq 6000	Normal_26	RNA-Seq	TRANSCRIPTOMIC	other	PAIRED	59818700	17945610000	2022-03-18	2022-10-27	SUB11180237	Rectal Cancer Biopsies and Adjacent Normal Tissue from Australia and New Zealand	Illumina NovaSeq 6000 sequencing: RNA-seq of Homo sapiens: Rectal Cancer Matched NormalTissue	Human sample from Homo sapiens	Human sample from Homo sapiens		ftp.sra.ebi.ac.uk/vol1/fastq/SRR183/084/SRR18319484/SRR18319484_1.fastq.gz;ftp.sra.ebi.ac.uk/vol1/fastq/SRR183/084/SRR18319484/SRR18319484_2.fastq.gz	74a4596635d2f3deba7e421ebf756222;d48babdb51743830ad6af9eb24bcafbd	3492596448;3490984778				Homo sapiens	9606.0	RNA-Seq	TRANSCRIPTOMIC	other	PAIRED	SAMN26646174	PRJNA815861
Normal	no	no	yes	yes	unknown	unknown	SRR18319486	PRJNA815861	SRP363888	SAMN26646128	SRS12262234	SRX14456777	SRA1384449	9606.0	Homo sapiens	ILLUMINA	Illumina NovaSeq 6000	Normal_3	RNA-Seq	TRANSCRIPTOMIC	other	PAIRED	58274719	17482415700	2022-03-18	2022-10-28	SUB11180237	Rectal Cancer Biopsies and Adjacent Normal Tissue from Australia and New Zealand	Illumina NovaSeq 6000 sequencing: RNA-seq of Homo sapiens: Rectal Cancer Matched NormalTissue	Human sample from Homo sapiens	Human sample from Homo sapiens		ftp.sra.ebi.ac.uk/vol1/fastq/SRR183/086/SRR18319486/SRR18319486_1.fastq.gz;ftp.sra.ebi.ac.uk/vol1/fastq/SRR183/086/SRR18319486/SRR18319486_2.fastq.gz	708b5326b94f166e3ac52f3c968d2f33;573b7d3ca6736eeb0e1a1d705c64d0a1	3456108433;3521910888				Homo sapiens	9606.0	RNA-Seq	TRANSCRIPTOMIC	other	PAIRED	SAMN26646128	PRJNA815861
Normal	no	no	yes	yes	unknown	unknown	SRR18319489	PRJNA815861	SRP363888	SAMN26646170	SRS12262231	SRX14456774	SRA1384449	9606.0	Homo sapiens	ILLUMINA	Illumina NovaSeq 6000	Normal_24	RNA-Seq	TRANSCRIPTOMIC	other	PAIRED	51185834	15355750200	2022-03-18	2022-03-19	SUB11180237	Rectal Cancer Biopsies and Adjacent Normal Tissue from Australia and New Zealand	Illumina NovaSeq 6000 sequencing: RNA-seq of Homo sapiens: Rectal Cancer Matched NormalTissue	Human sample from Homo sapiens	Human sample from Homo sapiens		ftp.sra.ebi.ac.uk/vol1/fastq/SRR183/089/SRR18319489/SRR18319489_1.fastq.gz;ftp.sra.ebi.ac.uk/vol1/fastq/SRR183/089/SRR18319489/SRR18319489_2.fastq.gz	324b5eecdacd234a840fd8e43abe7f3a;41dd6eb42bf3db60ef45b60468288acf	2712533367;2669207647				Homo sapiens	9606.0	RNA-Seq	TRANSCRIPTOMIC	other	PAIRED	SAMN26646170	PRJNA815861
Normal	no	no	yes	yes	unknown	unknown	SRR18319498	PRJNA815861	SRP363888	SAMN26646162	SRS12262222	SRX14456765	SRA1384449	9606.0	Homo sapiens	ILLUMINA	Illumina NovaSeq 6000	Normal_20	RNA-Seq	TRANSCRIPTOMIC	other	PAIRED	69006835	20702050500	2022-03-18	2022-03-18	SUB11180237	Rectal Cancer Biopsies and Adjacent Normal Tissue from Australia and New Zealand	Illumina NovaSeq 6000 sequencing: RNA-seq of Homo sapiens: Rectal Cancer Matched NormalTissue	Human sample from Homo sapiens	Human sample from Homo sapiens		ftp.sra.ebi.ac.uk/vol1/fastq/SRR183/098/SRR18319498/SRR18319498_1.fastq.gz;ftp.sra.ebi.ac.uk/vol1/fastq/SRR183/098/SRR18319498/SRR18319498_2.fastq.gz	55ddee727d73ffbb3a36745f403fe5fd;25beaef901d08d8335586f59f4ddadd8	4278034016;4345652664											
Normal	no	no	yes	yes	unknown	unknown	SRR18319511	PRJNA815861	SRP363888	SAMN26646150	SRS12262209	SRX14456752	SRA1384449	9606.0	Homo sapiens	ILLUMINA	Illumina NovaSeq 6000	Normal_14	RNA-Seq	TRANSCRIPTOMIC	other	PAIRED	41915825	12574747500	2022-03-18	2022-10-28	SUB11180237	Rectal Cancer Biopsies and Adjacent Normal Tissue from Australia and New Zealand	Illumina NovaSeq 6000 sequencing: RNA-seq of Homo sapiens: Rectal Cancer Matched NormalTissue	Human sample from Homo sapiens	Human sample from Homo sapiens		ftp.sra.ebi.ac.uk/vol1/fastq/SRR183/011/SRR18319511/SRR18319511_1.fastq.gz;ftp.sra.ebi.ac.uk/vol1/fastq/SRR183/011/SRR18319511/SRR18319511_2.fastq.gz	0c3f58924e0bb8297f4eaaf752b2bcdd;441a55abc528e3ad6f5ca7dbe40180a6	2703519217;2868397579				Homo sapiens	9606.0	RNA-Seq	TRANSCRIPTOMIC	other	PAIRED	SAMN26646150	PRJNA815861
Normal	no	no	yes	yes	unknown	unknown	SRR18319522	PRJNA815861	SRP363888	SAMN26646140	SRS12262198	SRX14456741	SRA1384449	9606.0	Homo sapiens	ILLUMINA	Illumina NovaSeq 6000	Normal_9	RNA-Seq	TRANSCRIPTOMIC	other	PAIRED	42691787	12807536100	2022-03-18	2022-03-18	SUB11180237	Rectal Cancer Biopsies and Adjacent Normal Tissue from Australia and New Zealand	Illumina NovaSeq 6000 sequencing: RNA-seq of Homo sapiens: Rectal Cancer Matched NormalTissue	Human sample from Homo sapiens	Human sample from Homo sapiens		ftp.sra.ebi.ac.uk/vol1/fastq/SRR183/022/SRR18319522/SRR18319522_1.fastq.gz;ftp.sra.ebi.ac.uk/vol1/fastq/SRR183/022/SRR18319522/SRR18319522_2.fastq.gz	c13029191cc208dab16294f6cb8b30c0;92d28a92c4ad0bb086b48057685e65ba	2689851194;2751763669				Homo sapiens	9606.0	RNA-Seq	TRANSCRIPTOMIC	other	PAIRED	SAMN26646140	PRJNA815861
Normal	no	no	yes	yes	unknown	unknown	SRR18319532	PRJNA815861	SRP363888	SAMN26646200	SRS12262188	SRX14456731	SRA1384449	9606.0	Homo sapiens	ILLUMINA	Illumina NovaSeq 6000	Normal_39	RNA-Seq	TRANSCRIPTOMIC	other	PAIRED	64907176	19472152800	2022-03-18	2022-03-18	SUB11180237	Rectal Cancer Biopsies and Adjacent Normal Tissue from Australia and New Zealand	Illumina NovaSeq 6000 sequencing: RNA-seq of Homo sapiens: Rectal Cancer Matched NormalTissue	Human sample from Homo sapiens	Human sample from Homo sapiens		ftp.sra.ebi.ac.uk/vol1/fastq/SRR183/032/SRR18319532/SRR18319532_1.fastq.gz;ftp.sra.ebi.ac.uk/vol1/fastq/SRR183/032/SRR18319532/SRR18319532_2.fastq.gz	bc53c9b4968e40c3ffbb71d95511a4d0;d6c4c390d48ac008ec532013056d4cec	3429418542;3344407118											
Normal	no	no	yes	yes	unknown	unknown	SRR18319534	PRJNA815861	SRP363888	SAMN26646198	SRS12262186	SRX14456729	SRA1384449	9606.0	Homo sapiens	ILLUMINA	Illumina NovaSeq 6000	Normal_38	RNA-Seq	TRANSCRIPTOMIC	other	PAIRED	45012410	13503723000	2022-03-18	2022-03-18	SUB11180237	Rectal Cancer Biopsies and Adjacent Normal Tissue from Australia and New Zealand	Illumina NovaSeq 6000 sequencing: RNA-seq of Homo sapiens: Rectal Cancer Matched NormalTissue	Human sample from Homo sapiens	Human sample from Homo sapiens		ftp.sra.ebi.ac.uk/vol1/fastq/SRR183/034/SRR18319534/SRR18319534_1.fastq.gz;ftp.sra.ebi.ac.uk/vol1/fastq/SRR183/034/SRR18319534/SRR18319534_2.fastq.gz	ae96f48e160bdd8e01ba02a79c1e9b24;644081e22a5d54fe22f65932c5f54d2b	3010473342;3068409530				Homo sapiens	9606.0	RNA-Seq	TRANSCRIPTOMIC	other	PAIRED	SAMN26646198	PRJNA815861
Normal	no	no	yes	yes	unknown	unknown	SRR18319465	PRJNA815861	SRP363888	SAMN26646192	SRS12262255	SRX14456798	SRA1384449	9606.0	Homo sapiens	ILLUMINA	Illumina NovaSeq 6000	Normal_35	RNA-Seq	TRANSCRIPTOMIC	other	PAIRED	51551696	15465508800	2022-03-18	2022-03-19	SUB11180237	Rectal Cancer Biopsies and Adjacent Normal Tissue from Australia and New Zealand	Illumina NovaSeq 6000 sequencing: RNA-seq of Homo sapiens: Rectal Cancer Matched NormalTissue	Human sample from Homo sapiens	Human sample from Homo sapiens		ftp.sra.ebi.ac.uk/vol1/fastq/SRR183/065/SRR18319465/SRR18319465_1.fastq.gz;ftp.sra.ebi.ac.uk/vol1/fastq/SRR183/065/SRR18319465/SRR18319465_2.fastq.gz	d5c463185a9d2c9da1190f5599c63e28;3988f4e557cfca96cc070bddc80bcf1b	3467091717;3571956487											
Normal	no	no	yes	yes	unknown	unknown	SRR18319476	PRJNA815861	SRP363888	SAMN26646182	SRS12262244	SRX14456787	SRA1384449	9606.0	Homo sapiens	ILLUMINA	Illumina NovaSeq 6000	Normal_30	RNA-Seq	TRANSCRIPTOMIC	other	PAIRED	51817711	15545313300	2022-03-18	2022-03-18	SUB11180237	Rectal Cancer Biopsies and Adjacent Normal Tissue from Australia and New Zealand	Illumina NovaSeq 6000 sequencing: RNA-seq of Homo sapiens: Rectal Cancer Matched NormalTissue	Human sample from Homo sapiens	Human sample from Homo sapiens		ftp.sra.ebi.ac.uk/vol1/fastq/SRR183/076/SRR18319476/SRR18319476_1.fastq.gz;ftp.sra.ebi.ac.uk/vol1/fastq/SRR183/076/SRR18319476/SRR18319476_2.fastq.gz	75a8780ba30b47dc3884cb67eeef91ce;bfdb7bb711000b1d4953cc4688712d99	2604494461;2595732303											
Normal	no	no	yes	yes	unknown	unknown	SRR18319478	PRJNA815861	SRP363888	SAMN26646180	SRS12262242	SRX14456785	SRA1384449	9606.0	Homo sapiens	ILLUMINA	Illumina NovaSeq 6000	Normal_29	RNA-Seq	TRANSCRIPTOMIC	other	PAIRED	44813771	13444131300	2022-03-18	2022-03-18	SUB11180237	Rectal Cancer Biopsies and Adjacent Normal Tissue from Australia and New Zealand	Illumina NovaSeq 6000 sequencing: RNA-seq of Homo sapiens: Rectal Cancer Matched NormalTissue	Human sample from Homo sapiens	Human sample from Homo sapiens		ftp.sra.ebi.ac.uk/vol1/fastq/SRR183/078/SRR18319478/SRR18319478_1.fastq.gz;ftp.sra.ebi.ac.uk/vol1/fastq/SRR183/078/SRR18319478/SRR18319478_2.fastq.gz	a6d03aa07a516e684254b9a20a33c62c;843eb117ef35516979ffc5d0fedf1743	2728755260;2780297029											
Normal	no	no	yes	yes	unknown	unknown	SRR18319487	PRJNA815861	SRP363888	SAMN26646172	SRS12262233	SRX14456776	SRA1384449	9606.0	Homo sapiens	ILLUMINA	Illumina NovaSeq 6000	Normal_25	RNA-Seq	TRANSCRIPTOMIC	other	PAIRED	63648414	19094524200	2022-04-01	2022-04-03	SUB11180237	Rectal Cancer Biopsies and Adjacent Normal Tissue from Australia and New Zealand	Illumina NovaSeq 6000 sequencing: RNA-seq of Homo sapiens: Rectal Cancer Matched NormalTissue	Human sample from Homo sapiens	Human sample from Homo sapiens		ftp.sra.ebi.ac.uk/vol1/fastq/SRR183/087/SRR18319487/SRR18319487_1.fastq.gz;ftp.sra.ebi.ac.uk/vol1/fastq/SRR183/087/SRR18319487/SRR18319487_2.fastq.gz	87165f1b991b7deacac2b60701ecb8f4;10375a1cbc4058e441ecd9ea69ce6970	3241306958;3119851663				Homo sapiens	9606.0	RNA-Seq	TRANSCRIPTOMIC	other	PAIRED	SAMN26646172	PRJNA815861
Normal	no	no	yes	yes	unknown	unknown	SRR18319491	PRJNA815861	SRP363888	SAMN26646168	SRS12262229	SRX14456772	SRA1384449	9606.0	Homo sapiens	ILLUMINA	Illumina NovaSeq 6000	Normal_23	RNA-Seq	TRANSCRIPTOMIC	other	PAIRED	67653563	20296068900	2022-03-18	2022-03-18	SUB11180237	Rectal Cancer Biopsies and Adjacent Normal Tissue from Australia and New Zealand	Illumina NovaSeq 6000 sequencing: RNA-seq of Homo sapiens: Rectal Cancer Matched NormalTissue	Human sample from Homo sapiens	Human sample from Homo sapiens		ftp.sra.ebi.ac.uk/vol1/fastq/SRR183/091/SRR18319491/SRR18319491_1.fastq.gz;ftp.sra.ebi.ac.uk/vol1/fastq/SRR183/091/SRR18319491/SRR18319491_2.fastq.gz	0bdd626fc8816b498f46069009e13362;28aa6c57ba90836c0def0bc5d15914f3	3920336254;3909447318				Homo sapiens	9606.0	RNA-Seq	TRANSCRIPTOMIC	other	PAIRED	SAMN26646168	PRJNA815861
Normal	no	no	yes	yes	unknown	unknown	SRR18319502	PRJNA815861	SRP363888	SAMN26646158	SRS12262218	SRX14456761	SRA1384449	9606.0	Homo sapiens	ILLUMINA	Illumina NovaSeq 6000	Normal_18	RNA-Seq	TRANSCRIPTOMIC	other	PAIRED	45275146	13582543800	2022-03-18	2022-03-18	SUB11180237	Rectal Cancer Biopsies and Adjacent Normal Tissue from Australia and New Zealand	Illumina NovaSeq 6000 sequencing: RNA-seq of Homo sapiens: Rectal Cancer Matched NormalTissue	Human sample from Homo sapiens	Human sample from Homo sapiens		ftp.sra.ebi.ac.uk/vol1/fastq/SRR183/002/SRR18319502/SRR18319502_1.fastq.gz;ftp.sra.ebi.ac.uk/vol1/fastq/SRR183/002/SRR18319502/SRR18319502_2.fastq.gz	12b596433ba029b14e7e9f81e5c9312d;6f958dca2eb2eaf5b0ad6a3f00068b8e	2461407867;2475324201				Homo sapiens	9606.0	RNA-Seq	TRANSCRIPTOMIC	other	PAIRED	SAMN26646158	PRJNA815861
Normal	no	no	yes	yes	unknown	unknown	SRR18319506	PRJNA815861	SRP363888	SAMN26646154	SRS12262214	SRX14456757	SRA1384449	9606.0	Homo sapiens	ILLUMINA	Illumina NovaSeq 6000	Normal_16	RNA-Seq	TRANSCRIPTOMIC	other	PAIRED	52662204	15798661200	2022-03-18	2022-03-18	SUB11180237	Rectal Cancer Biopsies and Adjacent Normal Tissue from Australia and New Zealand	Illumina NovaSeq 6000 sequencing: RNA-seq of Homo sapiens: Rectal Cancer Matched NormalTissue	Human sample from Homo sapiens	Human sample from Homo sapiens		ftp.sra.ebi.ac.uk/vol1/fastq/SRR183/006/SRR18319506/SRR18319506_1.fastq.gz;ftp.sra.ebi.ac.uk/vol1/fastq/SRR183/006/SRR18319506/SRR18319506_2.fastq.gz	9a4d9a1b125fa703fa7553f23542f8a7;cec1062194035e65e4d98afb9096cb8d	3298153798;3418623139				Homo sapiens	9606.0	RNA-Seq	TRANSCRIPTOMIC	other	PAIRED	SAMN26646154	PRJNA815861
Normal	no	no	yes	yes	unknown	unknown	SRR18319508	PRJNA815861	SRP363888	SAMN26646126	SRS12262212	SRX14456755	SRA1384449	9606.0	Homo sapiens	ILLUMINA	Illumina NovaSeq 6000	Normal_2	RNA-Seq	TRANSCRIPTOMIC	other	PAIRED	58393905	17518171500	2022-03-18	2022-03-19	SUB11180237	Rectal Cancer Biopsies and Adjacent Normal Tissue from Australia and New Zealand	Illumina NovaSeq 6000 sequencing: RNA-seq of Homo sapiens: Rectal Cancer Matched NormalTissue	Human sample from Homo sapiens	Human sample from Homo sapiens		ftp.sra.ebi.ac.uk/vol1/fastq/SRR183/008/SRR18319508/SRR18319508_1.fastq.gz;ftp.sra.ebi.ac.uk/vol1/fastq/SRR183/008/SRR18319508/SRR18319508_2.fastq.gz	4045ac7c69c4b724e5585131a2911d3b;5857c3ed9634fdbfcb90fe3a56a7d247	3568704879;3655804794				Homo sapiens	9606.0	RNA-Seq	TRANSCRIPTOMIC	other	PAIRED	SAMN26646126	PRJNA815861
Normal	no	no	yes	yes	unknown	unknown	SRR18319515	PRJNA815861	SRP363888	SAMN26646146	SRS12262205	SRX14456748	SRA1384449	9606.0	Homo sapiens	ILLUMINA	Illumina NovaSeq 6000	Normal_12	RNA-Seq	TRANSCRIPTOMIC	other	PAIRED	53866573	16159971900	2022-03-18	2022-10-28	SUB11180237	Rectal Cancer Biopsies and Adjacent Normal Tissue from Australia and New Zealand	Illumina NovaSeq 6000 sequencing: RNA-seq of Homo sapiens: Rectal Cancer Matched NormalTissue	Human sample from Homo sapiens	Human sample from Homo sapiens		ftp.sra.ebi.ac.uk/vol1/fastq/SRR183/015/SRR18319515/SRR18319515_1.fastq.gz;ftp.sra.ebi.ac.uk/vol1/fastq/SRR183/015/SRR18319515/SRR18319515_2.fastq.gz	72558028c7556645d8633be9f0abd61d;2fad2e5645f7a69f3de30ff6f3cfdf2c	3394793152;3468608130											
Normal	no	no	yes	yes	unknown	unknown	SRR18319517	PRJNA815861	SRP363888	SAMN26646144	SRS12262203	SRX14456746	SRA1384449	9606.0	Homo sapiens	ILLUMINA	Illumina NovaSeq 6000	Normal_11	RNA-Seq	TRANSCRIPTOMIC	other	PAIRED	74481282	22344384600	2022-03-18	2022-03-18	SUB11180237	Rectal Cancer Biopsies and Adjacent Normal Tissue from Australia and New Zealand	Illumina NovaSeq 6000 sequencing: RNA-seq of Homo sapiens: Rectal Cancer Matched NormalTissue	Human sample from Homo sapiens	Human sample from Homo sapiens		ftp.sra.ebi.ac.uk/vol1/fastq/SRR183/017/SRR18319517/SRR18319517_1.fastq.gz;ftp.sra.ebi.ac.uk/vol1/fastq/SRR183/017/SRR18319517/SRR18319517_2.fastq.gz	28cec037b8d9d7cfd931fdc4c8b4aaf3;3dae370baa1c75817d99aa9b0ffd6256	4822954628;5029195381				Homo sapiens	9606.0	RNA-Seq	TRANSCRIPTOMIC	other	PAIRED	SAMN26646144	PRJNA815861
Normal	no	no	yes	yes	unknown	unknown	SRR18319524	PRJNA815861	SRP363888	SAMN26646138	SRS12262196	SRX14456739	SRA1384449	9606.0	Homo sapiens	ILLUMINA	Illumina NovaSeq 6000	Normal_8	RNA-Seq	TRANSCRIPTOMIC	other	PAIRED	45567364	13670209200	2022-03-18	2022-03-18	SUB11180237	Rectal Cancer Biopsies and Adjacent Normal Tissue from Australia and New Zealand	Illumina NovaSeq 6000 sequencing: RNA-seq of Homo sapiens: Rectal Cancer Matched NormalTissue	Human sample from Homo sapiens	Human sample from Homo sapiens		ftp.sra.ebi.ac.uk/vol1/fastq/SRR183/024/SRR18319524/SRR18319524_1.fastq.gz;ftp.sra.ebi.ac.uk/vol1/fastq/SRR183/024/SRR18319524/SRR18319524_2.fastq.gz	5458e7deba533c889820c705293991a1;7ced16bb365aea76a78893150cfdfea3	2914725859;3021621852				Homo sapiens	9606.0	RNA-Seq	TRANSCRIPTOMIC	other	PAIRED	SAMN26646138	PRJNA815861
Normal	no	no	yes	yes	unknown	unknown	SRR18319526	PRJNA815861	SRP363888	SAMN26646136	SRS12262194	SRX14456737	SRA1384449	9606.0	Homo sapiens	ILLUMINA	Illumina NovaSeq 6000	Normal_7	RNA-Seq	TRANSCRIPTOMIC	other	PAIRED	44370270	13311081000	2022-03-18	2022-03-18	SUB11180237	Rectal Cancer Biopsies and Adjacent Normal Tissue from Australia and New Zealand	Illumina NovaSeq 6000 sequencing: RNA-seq of Homo sapiens: Rectal Cancer Matched NormalTissue	Human sample from Homo sapiens	Human sample from Homo sapiens		ftp.sra.ebi.ac.uk/vol1/fastq/SRR183/026/SRR18319526/SRR18319526_1.fastq.gz;ftp.sra.ebi.ac.uk/vol1/fastq/SRR183/026/SRR18319526/SRR18319526_2.fastq.gz	7ecdb4f63fd08399be1f668a0f9a60ca;54f708329b7b272f957c267e708e162d	2885966906;2978192816											
Normal	no	no	yes	yes	unknown	unknown	SRR18319528	PRJNA815861	SRP363888	SAMN26646132	SRS12262192	SRX14456735	SRA1384449	9606.0	Homo sapiens	ILLUMINA	Illumina NovaSeq 6000	Normal_5	RNA-Seq	TRANSCRIPTOMIC	other	PAIRED	69511002	20853300600	2022-03-18	2022-03-18	SUB11180237	Rectal Cancer Biopsies and Adjacent Normal Tissue from Australia and New Zealand	Illumina NovaSeq 6000 sequencing: RNA-seq of Homo sapiens: Rectal Cancer Matched NormalTissue	Human sample from Homo sapiens	Human sample from Homo sapiens		ftp.sra.ebi.ac.uk/vol1/fastq/SRR183/028/SRR18319528/SRR18319528_1.fastq.gz;ftp.sra.ebi.ac.uk/vol1/fastq/SRR183/028/SRR18319528/SRR18319528_2.fastq.gz	6b0b51dbbac7a0e3f9c0d5a91828a983;2890b140a7596ae4907fd41b10e6985a	4387164410;4486936226				Homo sapiens	9606.0	RNA-Seq	TRANSCRIPTOMIC	other	PAIRED	SAMN26646132	PRJNA815861
Normal	no	no	yes	yes	unknown	unknown	SRR18319530	PRJNA815861	SRP363888	SAMN26646202	SRS12262190	SRX14456733	SRA1384449	9606.0	Homo sapiens	ILLUMINA	Illumina NovaSeq 6000	Normal_40	RNA-Seq	TRANSCRIPTOMIC	other	PAIRED	48825194	14647558200	2022-03-18	2022-03-18	SUB11180237	Rectal Cancer Biopsies and Adjacent Normal Tissue from Australia and New Zealand	Illumina NovaSeq 6000 sequencing: RNA-seq of Homo sapiens: Rectal Cancer Matched NormalTissue	Human sample from Homo sapiens	Human sample from Homo sapiens		ftp.sra.ebi.ac.uk/vol1/fastq/SRR183/030/SRR18319530/SRR18319530_1.fastq.gz;ftp.sra.ebi.ac.uk/vol1/fastq/SRR183/030/SRR18319530/SRR18319530_2.fastq.gz	3412c34ccbfa33cc827a9fdfc46c2d6a;3f74dae9e3abc9b1c205c5b9dcef6d77	2459765843;2384683581				Homo sapiens	9606.0	RNA-Seq	TRANSCRIPTOMIC	other	PAIRED	SAMN26646202	PRJNA815861
Normal	no	no	yes	yes	unknown	unknown	SRR18319540	PRJNA815861	SRP363888	SAMN26646134	SRS12262180	SRX14456723	SRA1384449	9606.0	Homo sapiens	ILLUMINA	Illumina NovaSeq 6000	Normal_6	RNA-Seq	TRANSCRIPTOMIC	other	PAIRED	44112606	13233781800	2022-03-18	2022-03-18	SUB11180237	Rectal Cancer Biopsies and Adjacent Normal Tissue from Australia and New Zealand	Illumina NovaSeq 6000 sequencing: RNA-seq of Homo sapiens: Rectal Cancer Matched NormalTissue	Human sample from Homo sapiens	Human sample from Homo sapiens		ftp.sra.ebi.ac.uk/vol1/fastq/SRR183/040/SRR18319540/SRR18319540_1.fastq.gz;ftp.sra.ebi.ac.uk/vol1/fastq/SRR183/040/SRR18319540/SRR18319540_2.fastq.gz	ec95f01b5b694f3a5d049efc2213afbd;ce5f681512ff43ef2a91c10cfa9e7a1c	2874602303;2969128878				Homo sapiens	9606.0	RNA-Seq	TRANSCRIPTOMIC	other	PAIRED	SAMN26646134	PRJNA815861
Normal	no	no	yes	yes	unknown	unknown	SRR18319542	PRJNA815861	SRP363888	SAMN26646124	SRS12262178	SRX14456721	SRA1384449	9606.0	Homo sapiens	ILLUMINA	Illumina NovaSeq 6000	Normal_1	RNA-Seq	TRANSCRIPTOMIC	other	PAIRED	65797848	19739354400	2022-03-18	2022-03-18	SUB11180237	Rectal Cancer Biopsies and Adjacent Normal Tissue from Australia and New Zealand	Illumina NovaSeq 6000 sequencing: RNA-seq of Homo sapiens: Rectal Cancer Matched NormalTissue	Human sample from Homo sapiens	Human sample from Homo sapiens		ftp.sra.ebi.ac.uk/vol1/fastq/SRR183/042/SRR18319542/SRR18319542_1.fastq.gz;ftp.sra.ebi.ac.uk/vol1/fastq/SRR183/042/SRR18319542/SRR18319542_2.fastq.gz	647ad6ef9f8a59c00d09c7dd9311a8b5;458726b5b976fb708592ed46e1f269be	4003198424;4081336965				Homo sapiens	9606.0	RNA-Seq	TRANSCRIPTOMIC	other	PAIRED	SAMN26646124	PRJNA815861
Tumor	no	no	no	no	unknown	unknown	SRR14453832	PRJNA727696	SRP318667	SAMN19030177	SRS8891323	SRX10804682	SRA1229054	9606.0	Homo sapiens	ILLUMINA	Illumina HiSeq 2000	CRC239B	miRNA-Seq	TRANSCRIPTOMIC	RT-PCR	SINGLE	67869	1786249	2021-05-07	2021-05-07	SUB9573417	Analysis of microRNA expression changes during the course of therapy in rectal cancer patients	Illumina HiSeq 2000 sequencing: MicroRNA expression in plasma from rectal cancer patient	Human sample from Homo sapiens	2.sampling		ftp.sra.ebi.ac.uk/vol1/fastq/SRR144/032/SRR14453832/SRR14453832.fastq.gz	c67e96bd3d3efe83e2cf98804305a375	976926				Homo sapiens	9606.0	miRNA-Seq	TRANSCRIPTOMIC	RT-PCR	SINGLE	SAMN19030177	PRJNA727696
Tumor	no	no	no	no	unknown	unknown	SRR14453833	PRJNA727696	SRP318667	SAMN19030176	SRS8891322	SRX10804681	SRA1229054	9606.0	Homo sapiens	ILLUMINA	Illumina HiSeq 2000	CRC239A	miRNA-Seq	TRANSCRIPTOMIC	RT-PCR	SINGLE	95903	2441574	2021-05-07	2021-05-07	SUB9573417	Analysis of microRNA expression changes during the course of therapy in rectal cancer patients	Illumina HiSeq 2000 sequencing: MicroRNA expression in plasma from rectal cancer patient	Human sample from Homo sapiens	1.sampling		ftp.sra.ebi.ac.uk/vol1/fastq/SRR144/033/SRR14453833/SRR14453833.fastq.gz	57e229e5d9829327ec0d1d1022217694	1371530				Homo sapiens	9606.0	miRNA-Seq	TRANSCRIPTOMIC	RT-PCR	SINGLE	SAMN19030176	PRJNA727696
Tumor	no	no	no	no	unknown	unknown	SRR14453835	PRJNA727696	SRP318667	SAMN19030166	SRS8891320	SRX10804679	SRA1229054	9606.0	Homo sapiens	ILLUMINA	Illumina HiSeq 2000	CRC 169A	miRNA-Seq	TRANSCRIPTOMIC	RT-PCR	SINGLE	668	17979	2021-05-07	2021-05-07	SUB9573417	Analysis of microRNA expression changes during the course of therapy in rectal cancer patients	Illumina HiSeq 2000 sequencing: MicroRNA expression in plasma from rectal cancer patient	Human sample from Homo sapiens	1.sampling		ftp.sra.ebi.ac.uk/vol1/fastq/SRR144/035/SRR14453835/SRR14453835.fastq.gz	452535cb440a469cd510926076c80e9c	8649				Homo sapiens	9606.0	miRNA-Seq	TRANSCRIPTOMIC	RT-PCR	SINGLE	SAMN19030166	PRJNA727696
Tumor	no	no	no	no	unknown	unknown	SRR14453839	PRJNA727696	SRP318667	SAMN19030172	SRS8891316	SRX10804675	SRA1229054	9606.0	Homo sapiens	ILLUMINA	Illumina HiSeq 2000	CRC202A	miRNA-Seq	TRANSCRIPTOMIC	RT-PCR	SINGLE	105606	2734682	2021-05-07	2021-05-07	SUB9573417	Analysis of microRNA expression changes during the course of therapy in rectal cancer patients	Illumina HiSeq 2000 sequencing: MicroRNA expression in plasma from rectal cancer patient	Human sample from Homo sapiens	1.sampling		ftp.sra.ebi.ac.uk/vol1/fastq/SRR144/039/SRR14453839/SRR14453839.fastq.gz	d493f7d4047291c4ed761a1a80d7c85b	1522584				Homo sapiens	9606.0	miRNA-Seq	TRANSCRIPTOMIC	RT-PCR	SINGLE	SAMN19030172	PRJNA727696
Tumor	no	no	no	no	unknown	unknown	SRR14453840	PRJNA727696	SRP318667	SAMN19030171	SRS8891315	SRX10804674	SRA1229054	9606.0	Homo sapiens	ILLUMINA	Illumina HiSeq 2000	CRC197B	miRNA-Seq	TRANSCRIPTOMIC	RT-PCR	SINGLE	81978	2123572	2021-05-07	2021-05-07	SUB9573417	Analysis of microRNA expression changes during the course of therapy in rectal cancer patients	Illumina HiSeq 2000 sequencing: MicroRNA expression in plasma from rectal cancer patient	Human sample from Homo sapiens	2.sampling		ftp.sra.ebi.ac.uk/vol1/fastq/SRR144/040/SRR14453840/SRR14453840.fastq.gz	8c37bfbdb308f91c673ee64b150b7eba	1158160				Homo sapiens	9606.0	miRNA-Seq	TRANSCRIPTOMIC	RT-PCR	SINGLE	SAMN19030171	PRJNA727696
Tumor	no	no	no	no	unknown	unknown	SRR14453841	PRJNA727696	SRP318667	SAMN19030170	SRS8891314	SRX10804673	SRA1229054	9606.0	Homo sapiens	ILLUMINA	Illumina HiSeq 2000	CRC197A	miRNA-Seq	TRANSCRIPTOMIC	RT-PCR	SINGLE	105829	2745615	2021-05-07	2021-05-07	SUB9573417	Analysis of microRNA expression changes during the course of therapy in rectal cancer patients	Illumina HiSeq 2000 sequencing: MicroRNA expression in plasma from rectal cancer patient	Human sample from Homo sapiens	1.sampling		ftp.sra.ebi.ac.uk/vol1/fastq/SRR144/041/SRR14453841/SRR14453841.fastq.gz	b10ab9212e8ed3945f447ffeb38315d2	1549203											
Tumor	no	no	no	no	unknown	unknown	SRR14453847	PRJNA727696	SRP318667	SAMN19030200	SRS8891308	SRX10804667	SRA1229054	9606.0	Homo sapiens	ILLUMINA	Illumina HiSeq 2000	CRC507A	miRNA-Seq	TRANSCRIPTOMIC	RT-PCR	SINGLE	58555	1589880	2021-05-07	2021-05-07	SUB9573417	Analysis of microRNA expression changes during the course of therapy in rectal cancer patients	Illumina HiSeq 2000 sequencing: MicroRNA expression in plasma from rectal cancer patient	Human sample from Homo sapiens	1.sampling		ftp.sra.ebi.ac.uk/vol1/fastq/SRR144/047/SRR14453847/SRR14453847.fastq.gz	1c28f1f44b8ea0c33d6f15ec204de879	864916				Homo sapiens	9606.0	miRNA-Seq	TRANSCRIPTOMIC	RT-PCR	SINGLE	SAMN19030200	PRJNA727696
Tumor	no	no	no	no	unknown	unknown	SRR14453851	PRJNA727696	SRP318667	SAMN19030196	SRS8891304	SRX10804663	SRA1229054	9606.0	Homo sapiens	ILLUMINA	Illumina HiSeq 2000	CRC482A	miRNA-Seq	TRANSCRIPTOMIC	RT-PCR	SINGLE	61427	1615054	2021-05-07	2021-05-07	SUB9573417	Analysis of microRNA expression changes during the course of therapy in rectal cancer patients	Illumina HiSeq 2000 sequencing: MicroRNA expression in plasma from rectal cancer patient	Human sample from Homo sapiens	1.sampling		ftp.sra.ebi.ac.uk/vol1/fastq/SRR144/051/SRR14453851/SRR14453851.fastq.gz	83d14ec517cc57dc899263e175447fc0	896342				Homo sapiens	9606.0	miRNA-Seq	TRANSCRIPTOMIC	RT-PCR	SINGLE	SAMN19030196	PRJNA727696
Tumor	no	no	no	no	unknown	unknown	SRR14453853	PRJNA727696	SRP318667	SAMN19030195	SRS8891302	SRX10804661	SRA1229054	9606.0	Homo sapiens	ILLUMINA	Illumina HiSeq 2000	CRC451B	miRNA-Seq	TRANSCRIPTOMIC	RT-PCR	SINGLE	95641	2690407	2021-05-07	2021-05-07	SUB9573417	Analysis of microRNA expression changes during the course of therapy in rectal cancer patients	Illumina HiSeq 2000 sequencing: MicroRNA expression in plasma from rectal cancer patient	Human sample from Homo sapiens	2.sampling		ftp.sra.ebi.ac.uk/vol1/fastq/SRR144/053/SRR14453853/SRR14453853.fastq.gz	4c11a05d5af0df850712a3ed93425d05	1438235				Homo sapiens	9606.0	miRNA-Seq	TRANSCRIPTOMIC	RT-PCR	SINGLE	SAMN19030195	PRJNA727696
Tumor	no	no	no	no	unknown	unknown	SRR14453855	PRJNA727696	SRP318667	SAMN19030193	SRS8891300	SRX10804659	SRA1229054	9606.0	Homo sapiens	ILLUMINA	Illumina HiSeq 2000	CRC422B	miRNA-Seq	TRANSCRIPTOMIC	RT-PCR	SINGLE	93031	2466623	2021-05-07	2021-05-07	SUB9573417	Analysis of microRNA expression changes during the course of therapy in rectal cancer patients	Illumina HiSeq 2000 sequencing: MicroRNA expression in plasma from rectal cancer patient	Human sample from Homo sapiens	2.sampling		ftp.sra.ebi.ac.uk/vol1/fastq/SRR144/055/SRR14453855/SRR14453855.fastq.gz	5df4054d62ce54df0919bd2208bb4b85	1380379				Homo sapiens	9606.0	miRNA-Seq	TRANSCRIPTOMIC	RT-PCR	SINGLE	SAMN19030193	PRJNA727696
Tumor	no	no	no	no	unknown	unknown	SRR14453856	PRJNA727696	SRP318667	SAMN19030192	SRS8891298	SRX10804658	SRA1229054	9606.0	Homo sapiens	ILLUMINA	Illumina HiSeq 2000	CRC422A	miRNA-Seq	TRANSCRIPTOMIC	RT-PCR	SINGLE	105602	2848927	2021-05-07	2021-05-07	SUB9573417	Analysis of microRNA expression changes during the course of therapy in rectal cancer patients	Illumina HiSeq 2000 sequencing: MicroRNA expression in plasma from rectal cancer patient	Human sample from Homo sapiens	1.sampling		ftp.sra.ebi.ac.uk/vol1/fastq/SRR144/056/SRR14453856/SRR14453856.fastq.gz	a934520c5b8bd706ffdd9f2e7701ce12	1571571				Homo sapiens	9606.0	miRNA-Seq	TRANSCRIPTOMIC	RT-PCR	SINGLE	SAMN19030192	PRJNA727696
Tumor	no	no	no	no	unknown	unknown	SRR14453857	PRJNA727696	SRP318667	SAMN19030191	SRS8891299	SRX10804657	SRA1229054	9606.0	Homo sapiens	ILLUMINA	Illumina HiSeq 2000	CRC421B	miRNA-Seq	TRANSCRIPTOMIC	RT-PCR	SINGLE	90529	2324457	2021-05-07	2021-05-07	SUB9573417	Analysis of microRNA expression changes during the course of therapy in rectal cancer patients	Illumina HiSeq 2000 sequencing: MicroRNA expression in plasma from rectal cancer patient	Human sample from Homo sapiens	2.sampling		ftp.sra.ebi.ac.uk/vol1/fastq/SRR144/057/SRR14453857/SRR14453857.fastq.gz	7e57b4d4470e6e55516478fc06603fe5	1320585				Homo sapiens	9606.0	miRNA-Seq	TRANSCRIPTOMIC	RT-PCR	SINGLE	SAMN19030191	PRJNA727696
Tumor	no	no	no	no	unknown	unknown	SRR14453859	PRJNA727696	SRP318667	SAMN19030189	SRS8891296	SRX10804655	SRA1229054	9606.0	Homo sapiens	ILLUMINA	Illumina HiSeq 2000	CRC398B	miRNA-Seq	TRANSCRIPTOMIC	RT-PCR	SINGLE	98136	2661730	2021-05-07	2021-05-07	SUB9573417	Analysis of microRNA expression changes during the course of therapy in rectal cancer patients	Illumina HiSeq 2000 sequencing: MicroRNA expression in plasma from rectal cancer patient	Human sample from Homo sapiens	2.sampling		ftp.sra.ebi.ac.uk/vol1/fastq/SRR144/059/SRR14453859/SRR14453859.fastq.gz	fc49d49e050dc12d95ef364b88413ee1	1463045				Homo sapiens	9606.0	miRNA-Seq	TRANSCRIPTOMIC	RT-PCR	SINGLE	SAMN19030189	PRJNA727696
Tumor	no	no	no	no	unknown	unknown	SRR14453862	PRJNA727696	SRP318667	SAMN19030186	SRS8891292	SRX10804652	SRA1229054	9606.0	Homo sapiens	ILLUMINA	Illumina HiSeq 2000	CRC375A	miRNA-Seq	TRANSCRIPTOMIC	RT-PCR	SINGLE	55289	1475404	2021-05-07	2021-05-07	SUB9573417	Analysis of microRNA expression changes during the course of therapy in rectal cancer patients	Illumina HiSeq 2000 sequencing: MicroRNA expression in plasma from rectal cancer patient	Human sample from Homo sapiens	1.sampling		ftp.sra.ebi.ac.uk/vol1/fastq/SRR144/062/SRR14453862/SRR14453862.fastq.gz	95e5463a597c2fd0ef41836b90e47cee	825519				Homo sapiens	9606.0	miRNA-Seq	TRANSCRIPTOMIC	RT-PCR	SINGLE	SAMN19030186	PRJNA727696
Tumor	no	no	no	no	unknown	unknown	SRR14453863	PRJNA727696	SRP318667	SAMN19030168	SRS8891293	SRX10804651	SRA1229054	9606.0	Homo sapiens	ILLUMINA	Illumina HiSeq 2000	CRC177A	miRNA-Seq	TRANSCRIPTOMIC	RT-PCR	SINGLE	122837	3131943	2021-05-07	2021-05-07	SUB9573417	Analysis of microRNA expression changes during the course of therapy in rectal cancer patients	Illumina HiSeq 2000 sequencing: MicroRNA expression in plasma from rectal cancer patient	Human sample from Homo sapiens	1.sampling		ftp.sra.ebi.ac.uk/vol1/fastq/SRR144/063/SRR14453863/SRR14453863.fastq.gz	332073f7706e38a60f9963cc6c6f394d	1778145				Homo sapiens	9606.0	miRNA-Seq	TRANSCRIPTOMIC	RT-PCR	SINGLE	SAMN19030168	PRJNA727696
Tumor	no	no	no	no	unknown	unknown	SRR14453864	PRJNA727696	SRP318667	SAMN19030185	SRS8891291	SRX10804650	SRA1229054	9606.0	Homo sapiens	ILLUMINA	Illumina HiSeq 2000	CRC374B	miRNA-Seq	TRANSCRIPTOMIC	RT-PCR	SINGLE	97726	2604644	2021-05-07	2021-05-07	SUB9573417	Analysis of microRNA expression changes during the course of therapy in rectal cancer patients	Illumina HiSeq 2000 sequencing: MicroRNA expression in plasma from rectal cancer patient	Human sample from Homo sapiens	2.sampling		ftp.sra.ebi.ac.uk/vol1/fastq/SRR144/064/SRR14453864/SRR14453864.fastq.gz	6d1bafc1cc98d54129612aba069703f5	1466058				Homo sapiens	9606.0	miRNA-Seq	TRANSCRIPTOMIC	RT-PCR	SINGLE	SAMN19030185	PRJNA727696
Tumor	no	no	no	no	unknown	unknown	SRR14453865	PRJNA727696	SRP318667	SAMN19030184	SRS8891289	SRX10804649	SRA1229054	9606.0	Homo sapiens	ILLUMINA	Illumina HiSeq 2000	CRC374A	miRNA-Seq	TRANSCRIPTOMIC	RT-PCR	SINGLE	112095	3004303	2021-05-07	2021-05-07	SUB9573417	Analysis of microRNA expression changes during the course of therapy in rectal cancer patients	Illumina HiSeq 2000 sequencing: MicroRNA expression in plasma from rectal cancer patient	Human sample from Homo sapiens	1.sampling		ftp.sra.ebi.ac.uk/vol1/fastq/SRR144/065/SRR14453865/SRR14453865.fastq.gz	8b52f7bb0825b67c7705610dfd7f3c1f	1681366				Homo sapiens	9606.0	miRNA-Seq	TRANSCRIPTOMIC	RT-PCR	SINGLE	SAMN19030184	PRJNA727696
Tumor	no	no	no	no	unknown	unknown	SRR14453866	PRJNA727696	SRP318667	SAMN19030183	SRS8891290	SRX10804648	SRA1229054	9606.0	Homo sapiens	ILLUMINA	Illumina HiSeq 2000	CRC359B	miRNA-Seq	TRANSCRIPTOMIC	RT-PCR	SINGLE	94949	2533176	2021-05-07	2021-05-07	SUB9573417	Analysis of microRNA expression changes during the course of therapy in rectal cancer patients	Illumina HiSeq 2000 sequencing: MicroRNA expression in plasma from rectal cancer patient	Human sample from Homo sapiens	2.sampling		ftp.sra.ebi.ac.uk/vol1/fastq/SRR144/066/SRR14453866/SRR14453866.fastq.gz	1de2642f3121123b6068418559be662d	1411095				Homo sapiens	9606.0	miRNA-Seq	TRANSCRIPTOMIC	RT-PCR	SINGLE	SAMN19030183	PRJNA727696
Tumor	no	no	no	no	unknown	unknown	SRR14453831	PRJNA727696	SRP318667	SAMN19030178	SRS8891324	SRX10804683	SRA1229054	9606.0	Homo sapiens	ILLUMINA	Illumina HiSeq 2000	CRC249A	miRNA-Seq	TRANSCRIPTOMIC	RT-PCR	SINGLE	114727	2959814	2021-05-07	2021-05-07	SUB9573417	Analysis of microRNA expression changes during the course of therapy in rectal cancer patients	Illumina HiSeq 2000 sequencing: MicroRNA expression in plasma from rectal cancer patient	Human sample from Homo sapiens	1.sampling		ftp.sra.ebi.ac.uk/vol1/fastq/SRR144/031/SRR14453831/SRR14453831.fastq.gz	771d8b04a930f610b2856340bf87624e	1652141				Homo sapiens	9606.0	miRNA-Seq	TRANSCRIPTOMIC	RT-PCR	SINGLE	SAMN19030178	PRJNA727696
Tumor	no	no	no	no	unknown	unknown	SRR14453838	PRJNA727696	SRP318667	SAMN19030173	SRS8891317	SRX10804676	SRA1229054	9606.0	Homo sapiens	ILLUMINA	Illumina HiSeq 2000	CRC202B	miRNA-Seq	TRANSCRIPTOMIC	RT-PCR	SINGLE	145327	3744729	2021-05-07	2021-05-07	SUB9573417	Analysis of microRNA expression changes during the course of therapy in rectal cancer patients	Illumina HiSeq 2000 sequencing: MicroRNA expression in plasma from rectal cancer patient	Human sample from Homo sapiens	2.sampling		ftp.sra.ebi.ac.uk/vol1/fastq/SRR144/038/SRR14453838/SRR14453838.fastq.gz	cdae932b7cae4e7ac3a8382879241518	2091770											
Tumor	no	no	no	no	unknown	unknown	SRR14453843	PRJNA727696	SRP318667	SAMN19030204	SRS8891312	SRX10804671	SRA1229054	9606.0	Homo sapiens	ILLUMINA	Illumina HiSeq 2000	CRC525A	miRNA-Seq	TRANSCRIPTOMIC	RT-PCR	SINGLE	66598	1835704	2021-05-07	2021-05-07	SUB9573417	Analysis of microRNA expression changes during the course of therapy in rectal cancer patients	Illumina HiSeq 2000 sequencing: MicroRNA expression in plasma from rectal cancer patient	Human sample from Homo sapiens	1.sampling		ftp.sra.ebi.ac.uk/vol1/fastq/SRR144/043/SRR14453843/SRR14453843.fastq.gz	cad71ad1c3d91752b2c6c140e9d94c55	974331				Homo sapiens	9606.0	miRNA-Seq	TRANSCRIPTOMIC	RT-PCR	SINGLE	SAMN19030204	PRJNA727696
Tumor	no	no	no	no	unknown	unknown	SRR14453849	PRJNA727696	SRP318667	SAMN19030198	SRS8891305	SRX10804665	SRA1229054	9606.0	Homo sapiens	ILLUMINA	Illumina HiSeq 2000	CRC503A	miRNA-Seq	TRANSCRIPTOMIC	RT-PCR	SINGLE	40901	1094226	2021-05-07	2021-05-07	SUB9573417	Analysis of microRNA expression changes during the course of therapy in rectal cancer patients	Illumina HiSeq 2000 sequencing: MicroRNA expression in plasma from rectal cancer patient	Human sample from Homo sapiens	1.sampling		ftp.sra.ebi.ac.uk/vol1/fastq/SRR144/049/SRR14453849/SRR14453849.fastq.gz	b7a4ec73df2a15519eaa9a13d417607f	602190											
Tumor	no	no	no	no	unknown	unknown	SRR14453850	PRJNA727696	SRP318667	SAMN19030197	SRS8891306	SRX10804664	SRA1229054	9606.0	Homo sapiens	ILLUMINA	Illumina HiSeq 2000	CRC482B	miRNA-Seq	TRANSCRIPTOMIC	RT-PCR	SINGLE	85850	2285728	2021-05-07	2021-05-07	SUB9573417	Analysis of microRNA expression changes during the course of therapy in rectal cancer patients	Illumina HiSeq 2000 sequencing: MicroRNA expression in plasma from rectal cancer patient	Human sample from Homo sapiens	2.sampling		ftp.sra.ebi.ac.uk/vol1/fastq/SRR144/050/SRR14453850/SRR14453850.fastq.gz	74ad6e8f3ef34789abbc4756fddefb09	1272231				Homo sapiens	9606.0	miRNA-Seq	TRANSCRIPTOMIC	RT-PCR	SINGLE	SAMN19030197	PRJNA727696
Tumor	no	no	no	no	unknown	unknown	SRR14453852	PRJNA727696	SRP318667	SAMN19030169	SRS8891301	SRX10804662	SRA1229054	9606.0	Homo sapiens	ILLUMINA	Illumina HiSeq 2000	CRC177B	miRNA-Seq	TRANSCRIPTOMIC	RT-PCR	SINGLE	120948	3097211	2021-05-07	2021-05-07	SUB9573417	Analysis of microRNA expression changes during the course of therapy in rectal cancer patients	Illumina HiSeq 2000 sequencing: MicroRNA expression in plasma from rectal cancer patient	Human sample from Homo sapiens	2.sampling		ftp.sra.ebi.ac.uk/vol1/fastq/SRR144/052/SRR14453852/SRR14453852.fastq.gz	915777ccc6b13d61db509160b2d6d314	1780313											
Tumor	no	no	no	no	unknown	unknown	SRR14453854	PRJNA727696	SRP318667	SAMN19030194	SRS8891303	SRX10804660	SRA1229054	9606.0	Homo sapiens	ILLUMINA	Illumina HiSeq 2000	CRC451A	miRNA-Seq	TRANSCRIPTOMIC	RT-PCR	SINGLE	94545	2618754	2021-05-07	2021-05-07	SUB9573417	Analysis of microRNA expression changes during the course of therapy in rectal cancer patients	Illumina HiSeq 2000 sequencing: MicroRNA expression in plasma from rectal cancer patient	Human sample from Homo sapiens	1.sampling		ftp.sra.ebi.ac.uk/vol1/fastq/SRR144/054/SRR14453854/SRR14453854.fastq.gz	403961734d3254ef043004ed80ce32b2	1422781				Homo sapiens	9606.0	miRNA-Seq	TRANSCRIPTOMIC	RT-PCR	SINGLE	SAMN19030194	PRJNA727696
Tumor	no	no	no	no	unknown	unknown	SRR14453858	PRJNA727696	SRP318667	SAMN19030190	SRS8891297	SRX10804656	SRA1229054	9606.0	Homo sapiens	ILLUMINA	Illumina HiSeq 2000	CRC421A	miRNA-Seq	TRANSCRIPTOMIC	RT-PCR	SINGLE	75274	1954407	2021-05-07	2021-05-07	SUB9573417	Analysis of microRNA expression changes during the course of therapy in rectal cancer patients	Illumina HiSeq 2000 sequencing: MicroRNA expression in plasma from rectal cancer patient	Human sample from Homo sapiens	1.sampling		ftp.sra.ebi.ac.uk/vol1/fastq/SRR144/058/SRR14453858/SRR14453858.fastq.gz	c66c419fc57b674748ac2c3230875906	1113964				Homo sapiens	9606.0	miRNA-Seq	TRANSCRIPTOMIC	RT-PCR	SINGLE	SAMN19030190	PRJNA727696
Tumor	no	no	no	no	unknown	unknown	SRR14453861	PRJNA727696	SRP318667	SAMN19030187	SRS8891294	SRX10804653	SRA1229054	9606.0	Homo sapiens	ILLUMINA	Illumina HiSeq 2000	CRC375B	miRNA-Seq	TRANSCRIPTOMIC	RT-PCR	SINGLE	89151	2398009	2021-05-07	2021-05-07	SUB9573417	Analysis of microRNA expression changes during the course of therapy in rectal cancer patients	Illumina HiSeq 2000 sequencing: MicroRNA expression in plasma from rectal cancer patient	Human sample from Homo sapiens	2.sampling		ftp.sra.ebi.ac.uk/vol1/fastq/SRR144/061/SRR14453861/SRR14453861.fastq.gz	ff22165b7178aab110921a16767bc939	1313909				Homo sapiens	9606.0	miRNA-Seq	TRANSCRIPTOMIC	RT-PCR	SINGLE	SAMN19030187	PRJNA727696
Tumor	no	no	no	no	unknown	unknown	SRR14453867	PRJNA727696	SRP318667	SAMN19030182	SRS8891286	SRX10804647	SRA1229054	9606.0	Homo sapiens	ILLUMINA	Illumina HiSeq 2000	CRC359A	miRNA-Seq	TRANSCRIPTOMIC	RT-PCR	SINGLE	83886	2282990	2021-05-07	2021-05-07	SUB9573417	Analysis of microRNA expression changes during the course of therapy in rectal cancer patients	Illumina HiSeq 2000 sequencing: MicroRNA expression in plasma from rectal cancer patient	Human sample from Homo sapiens	1.sampling		ftp.sra.ebi.ac.uk/vol1/fastq/SRR144/067/SRR14453867/SRR14453867.fastq.gz	ca1303298e37bde166b1c8b323daa484	1250568				Homo sapiens	9606.0	miRNA-Seq	TRANSCRIPTOMIC	RT-PCR	SINGLE	SAMN19030182	PRJNA727696
Tumor	no	no	no	no	unknown	unknown	SRR14453870	PRJNA727696	SRP318667	SAMN19030179	SRS8891287	SRX10804644	SRA1229054	9606.0	Homo sapiens	ILLUMINA	Illumina HiSeq 2000	CRC249B	miRNA-Seq	TRANSCRIPTOMIC	RT-PCR	SINGLE	91766	2503162	2021-05-07	2021-05-07	SUB9573417	Analysis of microRNA expression changes during the course of therapy in rectal cancer patients	Illumina HiSeq 2000 sequencing: MicroRNA expression in plasma from rectal cancer patient	Human sample from Homo sapiens	2.sampling		ftp.sra.ebi.ac.uk/vol1/fastq/SRR144/070/SRR14453870/SRR14453870.fastq.gz	6408ef5cd2f6598c31da8611fd3f868d	1335024				Homo sapiens	9606.0	miRNA-Seq	TRANSCRIPTOMIC	RT-PCR	SINGLE	SAMN19030179	PRJNA727696
Tumor	no	no	no	no	unknown	unknown	SRR14453834	PRJNA727696	SRP318667	SAMN19030167	SRS8891321	SRX10804680	SRA1229054	9606.0	Homo sapiens	ILLUMINA	Illumina HiSeq 2000	CRC169B	miRNA-Seq	TRANSCRIPTOMIC	RT-PCR	SINGLE	87519	2233702	2021-05-07	2021-05-07	SUB9573417	Analysis of microRNA expression changes during the course of therapy in rectal cancer patients	Illumina HiSeq 2000 sequencing: MicroRNA expression in plasma from rectal cancer patient	Human sample from Homo sapiens	2.sampling		ftp.sra.ebi.ac.uk/vol1/fastq/SRR144/034/SRR14453834/SRR14453834.fastq.gz	972a20c811728cb6009148c87770f8f7	1257624				Homo sapiens	9606.0	miRNA-Seq	TRANSCRIPTOMIC	RT-PCR	SINGLE	SAMN19030167	PRJNA727696
Tumor	no	no	no	no	unknown	unknown	SRR14453836	PRJNA727696	SRP318667	SAMN19030175	SRS8891319	SRX10804678	SRA1229054	9606.0	Homo sapiens	ILLUMINA	Illumina HiSeq 2000	CRC229B	miRNA-Seq	TRANSCRIPTOMIC	RT-PCR	SINGLE	106471	2872886	2021-05-07	2021-05-07	SUB9573417	Analysis of microRNA expression changes during the course of therapy in rectal cancer patients	Illumina HiSeq 2000 sequencing: MicroRNA expression in plasma from rectal cancer patient	Human sample from Homo sapiens	2.sampling		ftp.sra.ebi.ac.uk/vol1/fastq/SRR144/036/SRR14453836/SRR14453836.fastq.gz	b178ff35109fbf27bfd71a64b5530159	1609800				Homo sapiens	9606.0	miRNA-Seq	TRANSCRIPTOMIC	RT-PCR	SINGLE	SAMN19030175	PRJNA727696
Tumor	no	no	no	no	unknown	unknown	SRR14453837	PRJNA727696	SRP318667	SAMN19030174	SRS8891318	SRX10804677	SRA1229054	9606.0	Homo sapiens	ILLUMINA	Illumina HiSeq 2000	CRC229A	miRNA-Seq	TRANSCRIPTOMIC	RT-PCR	SINGLE	60633	1609414	2021-05-07	2021-05-07	SUB9573417	Analysis of microRNA expression changes during the course of therapy in rectal cancer patients	Illumina HiSeq 2000 sequencing: MicroRNA expression in plasma from rectal cancer patient	Human sample from Homo sapiens	1.sampling		ftp.sra.ebi.ac.uk/vol1/fastq/SRR144/037/SRR14453837/SRR14453837.fastq.gz	f159cadbdd02d0121843a6510937b0a5	892376				Homo sapiens	9606.0	miRNA-Seq	TRANSCRIPTOMIC	RT-PCR	SINGLE	SAMN19030174	PRJNA727696
Tumor	no	no	no	no	unknown	unknown	SRR14453842	PRJNA727696	SRP318667	SAMN19030205	SRS8891313	SRX10804672	SRA1229054	9606.0	Homo sapiens	ILLUMINA	Illumina HiSeq 2000	CRC525B	miRNA-Seq	TRANSCRIPTOMIC	RT-PCR	SINGLE	53521	1473077	2021-05-07	2021-05-07	SUB9573417	Analysis of microRNA expression changes during the course of therapy in rectal cancer patients	Illumina HiSeq 2000 sequencing: MicroRNA expression in plasma from rectal cancer patient	Human sample from Homo sapiens	2.sampling		ftp.sra.ebi.ac.uk/vol1/fastq/SRR144/042/SRR14453842/SRR14453842.fastq.gz	e118c4e42ed2e0f42c30e4eba19b7dd3	798344				Homo sapiens	9606.0	miRNA-Seq	TRANSCRIPTOMIC	RT-PCR	SINGLE	SAMN19030205	PRJNA727696
Tumor	no	no	no	no	unknown	unknown	SRR14453844	PRJNA727696	SRP318667	SAMN19030203	SRS8891311	SRX10804670	SRA1229054	9606.0	Homo sapiens	ILLUMINA	Illumina HiSeq 2000	CRC522B	miRNA-Seq	TRANSCRIPTOMIC	RT-PCR	SINGLE	52347	1390846	2021-05-07	2021-05-07	SUB9573417	Analysis of microRNA expression changes during the course of therapy in rectal cancer patients	Illumina HiSeq 2000 sequencing: MicroRNA expression in plasma from rectal cancer patient	Human sample from Homo sapiens	2.sampling		ftp.sra.ebi.ac.uk/vol1/fastq/SRR144/044/SRR14453844/SRR14453844.fastq.gz	acab3725de714ff8cbc2279494b3b6ae	777048				Homo sapiens	9606.0	miRNA-Seq	TRANSCRIPTOMIC	RT-PCR	SINGLE	SAMN19030203	PRJNA727696
Tumor	no	no	no	no	unknown	unknown	SRR14453845	PRJNA727696	SRP318667	SAMN19030202	SRS8891309	SRX10804669	SRA1229054	9606.0	Homo sapiens	ILLUMINA	Illumina HiSeq 2000	CRC522A	miRNA-Seq	TRANSCRIPTOMIC	RT-PCR	SINGLE	66949	1783030	2021-05-07	2021-05-07	SUB9573417	Analysis of microRNA expression changes during the course of therapy in rectal cancer patients	Illumina HiSeq 2000 sequencing: MicroRNA expression in plasma from rectal cancer patient	Human sample from Homo sapiens	1.sampling		ftp.sra.ebi.ac.uk/vol1/fastq/SRR144/045/SRR14453845/SRR14453845.fastq.gz	24b4ddceeeb0a85b8262836b1fb182b0	988651											
Tumor	no	no	no	no	unknown	unknown	SRR14453846	PRJNA727696	SRP318667	SAMN19030201	SRS8891310	SRX10804668	SRA1229054	9606.0	Homo sapiens	ILLUMINA	Illumina HiSeq 2000	CRC507B	miRNA-Seq	TRANSCRIPTOMIC	RT-PCR	SINGLE	71962	1953337	2021-05-07	2021-05-07	SUB9573417	Analysis of microRNA expression changes during the course of therapy in rectal cancer patients	Illumina HiSeq 2000 sequencing: MicroRNA expression in plasma from rectal cancer patient	Human sample from Homo sapiens	2.sampling		ftp.sra.ebi.ac.uk/vol1/fastq/SRR144/046/SRR14453846/SRR14453846.fastq.gz	abe107e088dbd7d713389ab798c34ef1	1094148											
Tumor	no	no	no	no	unknown	unknown	SRR14453848	PRJNA727696	SRP318667	SAMN19030199	SRS8891307	SRX10804666	SRA1229054	9606.0	Homo sapiens	ILLUMINA	Illumina HiSeq 2000	CRC503B	miRNA-Seq	TRANSCRIPTOMIC	RT-PCR	SINGLE	76315	2042475	2021-05-07	2021-05-07	SUB9573417	Analysis of microRNA expression changes during the course of therapy in rectal cancer patients	Illumina HiSeq 2000 sequencing: MicroRNA expression in plasma from rectal cancer patient	Human sample from Homo sapiens	2.sampling		ftp.sra.ebi.ac.uk/vol1/fastq/SRR144/048/SRR14453848/SRR14453848.fastq.gz	a6bccd9e934096cb59a98fecbe76b4c5	1139539				Homo sapiens	9606.0	miRNA-Seq	TRANSCRIPTOMIC	RT-PCR	SINGLE	SAMN19030199	PRJNA727696
Tumor	no	no	no	no	unknown	unknown	SRR14453860	PRJNA727696	SRP318667	SAMN19030188	SRS8891295	SRX10804654	SRA1229054	9606.0	Homo sapiens	ILLUMINA	Illumina HiSeq 2000	CRC398A	miRNA-Seq	TRANSCRIPTOMIC	RT-PCR	SINGLE	117609	3221069	2021-05-07	2021-05-07	SUB9573417	Analysis of microRNA expression changes during the course of therapy in rectal cancer patients	Illumina HiSeq 2000 sequencing: MicroRNA expression in plasma from rectal cancer patient	Human sample from Homo sapiens	1.sampling		ftp.sra.ebi.ac.uk/vol1/fastq/SRR144/060/SRR14453860/SRR14453860.fastq.gz	9e41fb3dfe600777768c55b648038f0e	1784301				Homo sapiens	9606.0	miRNA-Seq	TRANSCRIPTOMIC	RT-PCR	SINGLE	SAMN19030188	PRJNA727696
Tumor	no	no	no	no	unknown	unknown	SRR14453868	PRJNA727696	SRP318667	SAMN19030181	SRS8891288	SRX10804646	SRA1229054	9606.0	Homo sapiens	ILLUMINA	Illumina HiSeq 2000	CRC256B	miRNA-Seq	TRANSCRIPTOMIC	RT-PCR	SINGLE	156410	4029661	2021-05-07	2021-05-07	SUB9573417	Analysis of microRNA expression changes during the course of therapy in rectal cancer patients	Illumina HiSeq 2000 sequencing: MicroRNA expression in plasma from rectal cancer patient	Human sample from Homo sapiens	2.sampling		ftp.sra.ebi.ac.uk/vol1/fastq/SRR144/068/SRR14453868/SRR14453868.fastq.gz	5c4cdb58c3d6c721ac8d2e2dd2ab3a9c	2316369				Homo sapiens	9606.0	miRNA-Seq	TRANSCRIPTOMIC	RT-PCR	SINGLE	SAMN19030181	PRJNA727696
Tumor	no	no	no	no	unknown	unknown	SRR14453869	PRJNA727696	SRP318667	SAMN19030180	SRS8891285	SRX10804645	SRA1229054	9606.0	Homo sapiens	ILLUMINA	Illumina HiSeq 2000	CRC256A	miRNA-Seq	TRANSCRIPTOMIC	RT-PCR	SINGLE	80402	2039848	2021-05-07	2021-05-07	SUB9573417	Analysis of microRNA expression changes during the course of therapy in rectal cancer patients	Illumina HiSeq 2000 sequencing: MicroRNA expression in plasma from rectal cancer patient	Human sample from Homo sapiens	1.sampling		ftp.sra.ebi.ac.uk/vol1/fastq/SRR144/069/SRR14453869/SRR14453869.fastq.gz	8d15557fb6e45ad7ce02d4c4a204786f	1162283				Homo sapiens	9606.0	miRNA-Seq	TRANSCRIPTOMIC	RT-PCR	SINGLE	SAMN19030180	PRJNA727696
Cell line	yes	no	no	no	unknown	unknown	SRR22998024	PRJNA919183	SRP416368	SAMN32614731	SRS16377324	SRX18954105	SRA1570345	9606.0	Homo sapiens	ILLUMINA	Illumina NovaSeq 6000	GSM6919588	RNA-Seq	TRANSCRIPTOMIC	cDNA	PAIRED	68620489	20586146700	2023-01-10	2023-01-10		Molecular Profiling Provides Clinical Insights into Targeted and Immunotherapies as well as Prognosis for Colorectal Cancer	Illumina NovaSeq 6000 sequencing: GSM6919588: rectal cancer, CR, MSI-high/TIB-high, rep1 Homo sapiens RNA-Seq	rectal cancer, CR, MSI-high/TIB-high, rep1	rectal cancer, CR, MSI-high/TIB-high, rep1		ftp.sra.ebi.ac.uk/vol1/fastq/SRR229/024/SRR22998024/SRR22998024_1.fastq.gz;ftp.sra.ebi.ac.uk/vol1/fastq/SRR229/024/SRR22998024/SRR22998024_2.fastq.gz	1e632c94aabf8df21b29664dbeef3678;1e38b8700ee681bdaa7f67d596349894	2595605829;3134550587				Homo sapiens	9606.0	RNA-Seq	TRANSCRIPTOMIC	cDNA	PAIRED	SAMN32614731	PRJNA919183
Cell line	yes	no	no	no	unknown	unknown	SRR22998025	PRJNA919183	SRP416368	SAMN32614731	SRS16377324	SRX18954105	SRA1570345	9606.0	Homo sapiens	ILLUMINA	Illumina NovaSeq 6000	GSM6919588	RNA-Seq	TRANSCRIPTOMIC	cDNA	PAIRED	80000994	24000298200	2023-01-10	2023-01-10		Molecular Profiling Provides Clinical Insights into Targeted and Immunotherapies as well as Prognosis for Colorectal Cancer	Illumina NovaSeq 6000 sequencing: GSM6919588: rectal cancer, CR, MSI-high/TIB-high, rep1 Homo sapiens RNA-Seq	rectal cancer, CR, MSI-high/TIB-high, rep1	rectal cancer, CR, MSI-high/TIB-high, rep1		ftp.sra.ebi.ac.uk/vol1/fastq/SRR229/025/SRR22998025/SRR22998025_1.fastq.gz;ftp.sra.ebi.ac.uk/vol1/fastq/SRR229/025/SRR22998025/SRR22998025_2.fastq.gz	d69098b23c81360a12779790a90836ec;f32d41c1039daac4762aceb4134f9727	3028170336;3647594578				Homo sapiens	9606.0	RNA-Seq	TRANSCRIPTOMIC	cDNA	PAIRED	SAMN32614731	PRJNA919183
Cell line	yes	no	no	no	unknown	unknown	SRR22998022	PRJNA919183	SRP416368	SAMN32614731	SRS16377324	SRX18954105	SRA1570345	9606.0	Homo sapiens	ILLUMINA	Illumina NovaSeq 6000	GSM6919588	RNA-Seq	TRANSCRIPTOMIC	cDNA	PAIRED	65642579	19692773700	2023-01-10	2023-01-10		Molecular Profiling Provides Clinical Insights into Targeted and Immunotherapies as well as Prognosis for Colorectal Cancer	Illumina NovaSeq 6000 sequencing: GSM6919588: rectal cancer, CR, MSI-high/TIB-high, rep1 Homo sapiens RNA-Seq	rectal cancer, CR, MSI-high/TIB-high, rep1	rectal cancer, CR, MSI-high/TIB-high, rep1		ftp.sra.ebi.ac.uk/vol1/fastq/SRR229/022/SRR22998022/SRR22998022_1.fastq.gz;ftp.sra.ebi.ac.uk/vol1/fastq/SRR229/022/SRR22998022/SRR22998022_2.fastq.gz	2e20decd5768725ff15088977a8cfae4;bf7227008509d23c3fa550f0c037f5bc	2495654715;2984857452											
Cell line	yes	no	no	no	unknown	unknown	SRR22998023	PRJNA919183	SRP416368	SAMN32614731	SRS16377324	SRX18954105	SRA1570345	9606.0	Homo sapiens	ILLUMINA	Illumina NovaSeq 6000	GSM6919588	RNA-Seq	TRANSCRIPTOMIC	cDNA	PAIRED	71999038	21599711400	2023-01-10	2023-01-10		Molecular Profiling Provides Clinical Insights into Targeted and Immunotherapies as well as Prognosis for Colorectal Cancer	Illumina NovaSeq 6000 sequencing: GSM6919588: rectal cancer, CR, MSI-high/TIB-high, rep1 Homo sapiens RNA-Seq	rectal cancer, CR, MSI-high/TIB-high, rep1	rectal cancer, CR, MSI-high/TIB-high, rep1		ftp.sra.ebi.ac.uk/vol1/fastq/SRR229/023/SRR22998023/SRR22998023_1.fastq.gz;ftp.sra.ebi.ac.uk/vol1/fastq/SRR229/023/SRR22998023/SRR22998023_2.fastq.gz	a56856b343ea8275b1382df710bff7bd;a619a889408fc018ff7027f04363e1aa	2722111258;3290494050											
Tumor	no	no	no	no	unknown	unknown	ERR15764518	PRJEB101291	ERP182714	SAMEA120422802	ERS27123488	ERX15168408	ERA35075047	9606.0	Homo sapiens	ILLUMINA	Illumina NovaSeq X Plus	10x Genomics 3â² NextGem	RNA-Seq	TRANSCRIPTOMIC	PCR	PAIRED	172456018	25868402700	2025-10-24	2025-10-24	Biomedical Informatics and Data Science;DBIDS	Rectal Cancer tumor organoid model	Illumina NovaSeq X Plus sequencing	UAB36-20240524FB	CRC tumor organoid model, ADT	2024-07-17	ftp.sra.ebi.ac.uk/vol1/fastq/ERR157/018/ERR15764518/ERR15764518_1.fastq.gz;ftp.sra.ebi.ac.uk/vol1/fastq/ERR157/018/ERR15764518/ERR15764518_2.fastq.gz	5486d22d581cfcc3fc80b1f0431cd54d;a2945b1b22394027bf21ca6e48f522d6	4392412728;3782357728	ftp.sra.ebi.ac.uk/vol1/run/ERR157/ERR15764518/UAB36-20240524FB_S1_L001_R1_001.fastq.gz;ftp.sra.ebi.ac.uk/vol1/run/ERR157/ERR15764518/UAB36-20240524FB_S1_L001_R2_001.fastq.gz	b25903f84e9988813b6c8d2902a719eb;0215f702681b62dc8a3bd3bb167aab2e	4814012055;4069406600								
Tumor	no	no	no	no	unknown	unknown	ERR15764519	PRJEB101291	ERP182714	SAMEA120422803	ERS27123489	ERX15168409	ERA35075047	9606.0	Homo sapiens	ILLUMINA	Illumina NovaSeq X Plus	10x Genomics 3â² NextGem	RNA-Seq	TRANSCRIPTOMIC	PCR	PAIRED	612251054	91837658100	2025-10-24	2025-10-24	Biomedical Informatics and Data Science;DBIDS	Rectal Cancer tumor organoid model	Illumina NovaSeq X Plus sequencing	UAB36-20240524GEX	CRC tumor organoid model, GEX	2024-07-17	ftp.sra.ebi.ac.uk/vol1/fastq/ERR157/019/ERR15764519/ERR15764519_1.fastq.gz;ftp.sra.ebi.ac.uk/vol1/fastq/ERR157/019/ERR15764519/ERR15764519_2.fastq.gz	2de6f5c61dea2851a2e409457e9127a1;d6a92b8338647eee553e8fac29749c98	24598951002;16284967988	ftp.sra.ebi.ac.uk/vol1/run/ERR157/ERR15764519/UAB36-20240524GEX_S1_L001_R1_001.fastq.gz;ftp.sra.ebi.ac.uk/vol1/run/ERR157/ERR15764519/UAB36-20240524GEX_S1_L001_R2_001.fastq.gz	eea49d82352df309a30d2d5b8cff420e;145a09288accc6c0548ce8151834f05e	27038266376;20627883283								
Tumor	no	no	no	no	unknown	unknown	ERR15764520	PRJEB101291	ERP182714	SAMEA120422804	ERS27123490	ERX15168410	ERA35075047	9606.0	Homo sapiens	ILLUMINA	Illumina NovaSeq X Plus	10x Genomics 3â² NextGem	RNA-Seq	TRANSCRIPTOMIC	PCR	PAIRED	172456016	25868402400	2025-10-24	2025-10-24	Biomedical Informatics and Data Science;DBIDS	Rectal Cancer tumor organoid model	Illumina NovaSeq X Plus sequencing	UAB36-20240524CMO	CRC tumor organoid model, CMO	2024-07-17	ftp.sra.ebi.ac.uk/vol1/fastq/ERR157/020/ERR15764520/ERR15764520_1.fastq.gz;ftp.sra.ebi.ac.uk/vol1/fastq/ERR157/020/ERR15764520/ERR15764520_2.fastq.gz	f26790cbd4ac6e71bc22c2ea5842ebf7;513eee9f73318ada9c121bdf7614f579	4392424431;3782368359	ftp.sra.ebi.ac.uk/vol1/run/ERR157/ERR15764520/UAB36-20240524CMO_S1_L001_R1_001.fastq.gz;ftp.sra.ebi.ac.uk/vol1/run/ERR157/ERR15764520/UAB36-20240524CMO_S1_L001_R2_001.fastq.gz	4283b5e66efef43037afb1794abf168f;8742e7c71ebb38ae5a56c506782dde03	4134206226;3537749776								
Tumor	no	no	no	no	unknown	lung	SRR9697657	PRJNA298376	SRP278662	SAMN15374165	SRS7253376	SRX6456075	SRA921419	9606.0	Homo sapiens	ILLUMINA	NextSeq 550	4285-AMet_FrTu_October_30_2017 rna-seq	RNA-Seq	TRANSCRIPTOMIC	unspecified	PAIRED	78136833	23441049900	2019-07-18	2019-07-18	SUB5895212	Prospective Procurement of Solid Tumor Tissue to Identify Novel Therapeutic Targets	NextSeq 550 sequencing: RNA-seq sequencing of : 4285 Rectal cancer sample	Tumor RNA sample from lung of a human male participant in the dbGaP study Prospective Procurement of Solid Tumor Tissue to Identify Novel Therapeutic Targets	Tumor RNA sample from lung of a human male participant in the dbGaP study Prospective Procurement of Solid Tumor Tissue to Identify Novel Therapeutic Targets		ftp.sra.ebi.ac.uk/vol1/fastq/SRR969/007/SRR9697657/SRR9697657_1.fastq.gz;ftp.sra.ebi.ac.uk/vol1/fastq/SRR969/007/SRR9697657/SRR9697657_2.fastq.gz	c762e0829a804c922c4458b4cbd72f03;7e40a86a47608d3d66f9ba5672953b11	5251697907;5656180289				Homo sapiens	9606.0	RNA-Seq	TRANSCRIPTOMIC	unspecified	PAIRED	SAMN15374165	PRJNA298376
Tumor	no	no	no	no	unknown	unknown	SRR9697690	PRJNA298376	SRP278662	SAMN15374038	SRS7253409	SRX6456042	SRA921419	9606.0	Homo sapiens	ILLUMINA	NextSeq 550	4257-1Met_FrTu_May_30_2017 rna-seq	RNA-Seq	TRANSCRIPTOMIC	unspecified	PAIRED	107318985	32195695500	2019-07-18	2019-07-18	SUB5895212	Prospective Procurement of Solid Tumor Tissue to Identify Novel Therapeutic Targets	NextSeq 550 sequencing: RNA-seq sequencing of : 4257 Rectal cancer sample	Tumor RNA sample from inguinal LN of a human male participant in the dbGaP study Prospective Procurement of Solid Tumor Tissue to Identify Novel Therapeutic Targets	Tumor RNA sample from inguinal LN of a human male participant in the dbGaP study Prospective Procurement of Solid Tumor Tissue to Identify Novel Therapeutic Targets		ftp.sra.ebi.ac.uk/vol1/fastq/SRR969/000/SRR9697690/SRR9697690_1.fastq.gz;ftp.sra.ebi.ac.uk/vol1/fastq/SRR969/000/SRR9697690/SRR9697690_2.fastq.gz	50905478d071bb01394f580f42da7020;bb075e72a3ec6c3b7fde18a3faea8677	5169900399;5182084235				Homo sapiens	9606.0	RNA-Seq	TRANSCRIPTOMIC	unspecified	PAIRED	SAMN15374038	PRJNA298376
Tumor	no	no	no	no	unknown	lung	SRR9697773	PRJNA298376	SRP278662	SAMN15374383	SRS7253488	SRX6455959	SRA921419	9606.0	Homo sapiens	ILLUMINA	NextSeq 550	4273-1Met_FrTu_August_15_2017 rna-seq	RNA-Seq	TRANSCRIPTOMIC	unspecified	PAIRED	403253852	120976155600	2019-07-18	2019-07-18	SUB5895212	Prospective Procurement of Solid Tumor Tissue to Identify Novel Therapeutic Targets	NextSeq 550 sequencing: RNA-seq sequencing of : 4273 Rectal cancer sample	Tumor RNA sample from lung of a human male participant in the dbGaP study Prospective Procurement of Solid Tumor Tissue to Identify Novel Therapeutic Targets	Tumor RNA sample from lung of a human male participant in the dbGaP study Prospective Procurement of Solid Tumor Tissue to Identify Novel Therapeutic Targets		ftp.sra.ebi.ac.uk/vol1/fastq/SRR969/003/SRR9697773/SRR9697773_1.fastq.gz;ftp.sra.ebi.ac.uk/vol1/fastq/SRR969/003/SRR9697773/SRR9697773_2.fastq.gz	3323c10fc24038731d5e2a215f1b3634;a5ad0a7a45d75d5abfa17964b40742c0	22312349226;22404496693				Homo sapiens	9606.0	RNA-Seq	TRANSCRIPTOMIC	unspecified	PAIRED	SAMN15374383	PRJNA298376
Tumor	no	no	no	no	unknown	lung	SRR9697663	PRJNA298376	SRP278662	SAMN15374126	SRS7253381	SRX6456069	SRA921419	9606.0	Homo sapiens	ILLUMINA	NextSeq 550	4285-CMet_FrTu_October_30_2017 rna-seq	RNA-Seq	TRANSCRIPTOMIC	unspecified	PAIRED	23982763	7194828900	2019-07-18	2019-07-18	SUB5895212	Prospective Procurement of Solid Tumor Tissue to Identify Novel Therapeutic Targets	NextSeq 550 sequencing: RNA-seq sequencing of : 4285 Rectal cancer sample	Tumor RNA sample from lung of a human male participant in the dbGaP study Prospective Procurement of Solid Tumor Tissue to Identify Novel Therapeutic Targets	Tumor RNA sample from lung of a human male participant in the dbGaP study Prospective Procurement of Solid Tumor Tissue to Identify Novel Therapeutic Targets		ftp.sra.ebi.ac.uk/vol1/fastq/SRR969/003/SRR9697663/SRR9697663_1.fastq.gz;ftp.sra.ebi.ac.uk/vol1/fastq/SRR969/003/SRR9697663/SRR9697663_2.fastq.gz	e50d02b0282e0cd6fa433755d4f1bec4;0c36005461f5c4f9a5de2cb857131800	1583750997;1692904723											
Tumor	no	no	no	no	unknown	lung	SRR9697784	PRJNA298376	SRP278662	SAMN15374385	SRS7253497	SRX6455948	SRA921419	9606.0	Homo sapiens	ILLUMINA	NextSeq 550	4274-2AaMet_FrTu_August_15_2017 rna-seq	RNA-Seq	TRANSCRIPTOMIC	unspecified	PAIRED	132141580	39642474000	2019-07-18	2019-07-18	SUB5895212	Prospective Procurement of Solid Tumor Tissue to Identify Novel Therapeutic Targets	NextSeq 550 sequencing: RNA-seq sequencing of : 4274 Rectal cancer sample	Tumor RNA sample from lung of a human female participant in the dbGaP study Prospective Procurement of Solid Tumor Tissue to Identify Novel Therapeutic Targets	Tumor RNA sample from lung of a human female participant in the dbGaP study Prospective Procurement of Solid Tumor Tissue to Identify Novel Therapeutic Targets		ftp.sra.ebi.ac.uk/vol1/fastq/SRR969/004/SRR9697784/SRR9697784_1.fastq.gz;ftp.sra.ebi.ac.uk/vol1/fastq/SRR969/004/SRR9697784/SRR9697784_2.fastq.gz	4768c35a145a80a07322cf9a17a0ad3f;62f75760983672d80954ff51e7f8be8f	10194345932;10226374019				Homo sapiens	9606.0	RNA-Seq	TRANSCRIPTOMIC	unspecified	PAIRED	SAMN15374385	PRJNA298376
Tumor	no	no	no	no	unknown	lung	SRR9697786	PRJNA298376	SRP278662	SAMN15374083	SRS7253499	SRX6455946	SRA921419	9606.0	Homo sapiens	ILLUMINA	NextSeq 550	4274-1AMet_FrTu_August_15_2017 rna-seq	RNA-Seq	TRANSCRIPTOMIC	unspecified	PAIRED	181388042	54416412600	2019-07-18	2019-07-18	SUB5895212	Prospective Procurement of Solid Tumor Tissue to Identify Novel Therapeutic Targets	NextSeq 550 sequencing: RNA-seq sequencing of : 4274 Rectal cancer sample	Tumor RNA sample from lung of a human female participant in the dbGaP study Prospective Procurement of Solid Tumor Tissue to Identify Novel Therapeutic Targets	Tumor RNA sample from lung of a human female participant in the dbGaP study Prospective Procurement of Solid Tumor Tissue to Identify Novel Therapeutic Targets		ftp.sra.ebi.ac.uk/vol1/fastq/SRR969/006/SRR9697786/SRR9697786_1.fastq.gz;ftp.sra.ebi.ac.uk/vol1/fastq/SRR969/006/SRR9697786/SRR9697786_2.fastq.gz	520c03b089e6e46259e9397797aac8ac;e60102880f71699dfa86b08aecc06cc1	14290131001;14619370202				Homo sapiens	9606.0	RNA-Seq	TRANSCRIPTOMIC	unspecified	PAIRED	SAMN15374083	PRJNA298376
Tumor	no	no	no	no	unknown	lung	SRR9697662	PRJNA298376	SRP278662	SAMN15374102	SRS7253380	SRX6456070	SRA921419	9606.0	Homo sapiens	ILLUMINA	NextSeq 550	4285-BMet_FrTu_October_30_2017 rna-seq	RNA-Seq	TRANSCRIPTOMIC	unspecified	PAIRED	39868214	11960464200	2019-07-18	2019-07-18	SUB5895212	Prospective Procurement of Solid Tumor Tissue to Identify Novel Therapeutic Targets	NextSeq 550 sequencing: RNA-seq sequencing of : 4285 Rectal cancer sample	Tumor RNA sample from lung of a human male participant in the dbGaP study Prospective Procurement of Solid Tumor Tissue to Identify Novel Therapeutic Targets	Tumor RNA sample from lung of a human male participant in the dbGaP study Prospective Procurement of Solid Tumor Tissue to Identify Novel Therapeutic Targets		ftp.sra.ebi.ac.uk/vol1/fastq/SRR969/002/SRR9697662/SRR9697662_1.fastq.gz;ftp.sra.ebi.ac.uk/vol1/fastq/SRR969/002/SRR9697662/SRR9697662_2.fastq.gz	4c6f8a1a24fdc4105d005fba6478ef99;9730efcc3c238915110cc496284438e0	2127224950;2140611700				Homo sapiens	9606.0	RNA-Seq	TRANSCRIPTOMIC	unspecified	PAIRED	SAMN15374102	PRJNA298376
Tumor	no	no	no	no	unknown	lung	SRR9697697	PRJNA298376	SRP278662	SAMN15374312	SRS7253418	SRX6456035	SRA921419	9606.0	Homo sapiens	ILLUMINA	NextSeq 550	4239-2Met_FrTu_March_07_2017 rna-seq	RNA-Seq	TRANSCRIPTOMIC	unspecified	PAIRED	73809166	22142749800	2019-07-18	2019-07-18	SUB5895212	Prospective Procurement of Solid Tumor Tissue to Identify Novel Therapeutic Targets	NextSeq 550 sequencing: RNA-seq sequencing of : 4239 Rectal cancer sample	Tumor RNA sample from lung of a human male participant in the dbGaP study Prospective Procurement of Solid Tumor Tissue to Identify Novel Therapeutic Targets	Tumor RNA sample from lung of a human male participant in the dbGaP study Prospective Procurement of Solid Tumor Tissue to Identify Novel Therapeutic Targets		ftp.sra.ebi.ac.uk/vol1/fastq/SRR969/007/SRR9697697/SRR9697697_1.fastq.gz;ftp.sra.ebi.ac.uk/vol1/fastq/SRR969/007/SRR9697697/SRR9697697_2.fastq.gz	cc6310473bdc5fcd10230727c4b50d85;1c81691d71f7df1b04c11f0bb62d1923	5867902602;6396376777				Homo sapiens	9606.0	RNA-Seq	TRANSCRIPTOMIC	unspecified	PAIRED	SAMN15374312	PRJNA298376
Tumor	no	no	no	no	unknown	unknown	SRR9697742	PRJNA298376	SRP278662	SAMN15374085	SRS7253457	SRX6455990	SRA921419	9606.0	Homo sapiens	ILLUMINA	NextSeq 550	4257-2Met_FrTu_May_30_2017 rna-seq	RNA-Seq	TRANSCRIPTOMIC	unspecified	PAIRED	96483007	28944902100	2019-07-18	2019-07-18	SUB5895212	Prospective Procurement of Solid Tumor Tissue to Identify Novel Therapeutic Targets	NextSeq 550 sequencing: RNA-seq sequencing of : 4257 Rectal cancer sample	Tumor RNA sample from inguinal LN of a human male participant in the dbGaP study Prospective Procurement of Solid Tumor Tissue to Identify Novel Therapeutic Targets	Tumor RNA sample from inguinal LN of a human male participant in the dbGaP study Prospective Procurement of Solid Tumor Tissue to Identify Novel Therapeutic Targets		ftp.sra.ebi.ac.uk/vol1/fastq/SRR969/002/SRR9697742/SRR9697742_1.fastq.gz;ftp.sra.ebi.ac.uk/vol1/fastq/SRR969/002/SRR9697742/SRR9697742_2.fastq.gz	d5b7608d9b168ec097d22fdc4b9ab1ab;b513c4f3747c3b75df3244b1cd6d7ea0	4697148163;4698839283											
Tumor	no	yes	no	no	unknown	unknown	SRR17222911	PRJNA788529	SRP350625	SAMN24011567	SRS11305654	SRX13402603	SRA1343114	9606.0	Homo sapiens	ILLUMINA	Illumina HiSeq 4000	GSM5732629	RNA-Seq	TRANSCRIPTOMIC	cDNA	PAIRED	47134573	14140371900	2022-01-13	2022-01-13		Inflammatory fibroblasts mediate resistance to neoadjuvant therapy in rectal cancer	Illumina HiSeq 4000 sequencing: GSM5732629: GSH_RADONC_RectalCancer_082 Homo sapiens RNA-Seq	GSH_RADONC_RectalCancer_082	GSH_RADONC_RectalCancer_082		ftp.sra.ebi.ac.uk/vol1/fastq/SRR172/011/SRR17222911/SRR17222911_1.fastq.gz;ftp.sra.ebi.ac.uk/vol1/fastq/SRR172/011/SRR17222911/SRR17222911_2.fastq.gz	9418a3380fbe3bac76acfc65c700393e;dede744525109a437272651ded358591	2961064380;3112965451											
Tumor	no	yes	no	no	unknown	unknown	SRR17222912	PRJNA788529	SRP350625	SAMN24011568	SRS11305653	SRX13402602	SRA1343114	9606.0	Homo sapiens	ILLUMINA	Illumina HiSeq 4000	GSM5732628	RNA-Seq	TRANSCRIPTOMIC	cDNA	PAIRED	25635780	7690734000	2022-01-13	2022-01-13		Inflammatory fibroblasts mediate resistance to neoadjuvant therapy in rectal cancer	Illumina HiSeq 4000 sequencing: GSM5732628: GSH_RADONC_RectalCancer_081 Homo sapiens RNA-Seq	GSH_RADONC_RectalCancer_081	GSH_RADONC_RectalCancer_081		ftp.sra.ebi.ac.uk/vol1/fastq/SRR172/012/SRR17222912/SRR17222912_1.fastq.gz;ftp.sra.ebi.ac.uk/vol1/fastq/SRR172/012/SRR17222912/SRR17222912_2.fastq.gz	e148b68d9d9bb644bb67643da6dce1a8;6eee8d140f38fb5261f398348d9ebf43	2259618155;2418714541											
Tumor	no	yes	no	no	unknown	unknown	SRR17222913	PRJNA788529	SRP350625	SAMN24011569	SRS11305652	SRX13402601	SRA1343114	9606.0	Homo sapiens	ILLUMINA	Illumina HiSeq 4000	GSM5732627	RNA-Seq	TRANSCRIPTOMIC	cDNA	PAIRED	37008438	11102531400	2022-01-13	2022-01-13		Inflammatory fibroblasts mediate resistance to neoadjuvant therapy in rectal cancer	Illumina HiSeq 4000 sequencing: GSM5732627: GSH_RADONC_RectalCancer_080 Homo sapiens RNA-Seq	GSH_RADONC_RectalCancer_080	GSH_RADONC_RectalCancer_080		ftp.sra.ebi.ac.uk/vol1/fastq/SRR172/013/SRR17222913/SRR17222913_1.fastq.gz;ftp.sra.ebi.ac.uk/vol1/fastq/SRR172/013/SRR17222913/SRR17222913_2.fastq.gz	78305e1a05abfcd45541ad23091a16d4;b2d24f5767da3f16682addfc4cbac12d	2249652008;2286958737											
Tumor	no	yes	no	no	unknown	unknown	SRR17222919	PRJNA788529	SRP350625	SAMN24011575	SRS11305646	SRX13402595	SRA1343114	9606.0	Homo sapiens	ILLUMINA	Illumina HiSeq 4000	GSM5732621	RNA-Seq	TRANSCRIPTOMIC	cDNA	PAIRED	56633854	16990156200	2022-01-13	2022-01-13		Inflammatory fibroblasts mediate resistance to neoadjuvant therapy in rectal cancer	Illumina HiSeq 4000 sequencing: GSM5732621: GSH_RADONC_RectalCancer_074 Homo sapiens RNA-Seq	GSH_RADONC_RectalCancer_074	GSH_RADONC_RectalCancer_074		ftp.sra.ebi.ac.uk/vol1/fastq/SRR172/019/SRR17222919/SRR17222919_1.fastq.gz;ftp.sra.ebi.ac.uk/vol1/fastq/SRR172/019/SRR17222919/SRR17222919_2.fastq.gz	0f9dfb7eb213db22b21aa45f894783ec;03c2bdbf2f24c1aa204baa97f678b307	3495294631;3652013928				Homo sapiens	9606.0	RNA-Seq	TRANSCRIPTOMIC	cDNA	PAIRED	SAMN24011575	PRJNA788529
Tumor	no	yes	no	no	unknown	unknown	SRR17222922	PRJNA788529	SRP350625	SAMN24011578	SRS11305643	SRX13402592	SRA1343114	9606.0	Homo sapiens	ILLUMINA	Illumina HiSeq 4000	GSM5732618	RNA-Seq	TRANSCRIPTOMIC	cDNA	PAIRED	34171390	10251417000	2022-01-13	2022-01-13		Inflammatory fibroblasts mediate resistance to neoadjuvant therapy in rectal cancer	Illumina HiSeq 4000 sequencing: GSM5732618: GSH_RADONC_RectalCancer_071 Homo sapiens RNA-Seq	GSH_RADONC_RectalCancer_071	GSH_RADONC_RectalCancer_071		ftp.sra.ebi.ac.uk/vol1/fastq/SRR172/022/SRR17222922/SRR17222922_1.fastq.gz;ftp.sra.ebi.ac.uk/vol1/fastq/SRR172/022/SRR17222922/SRR17222922_2.fastq.gz	3df0ceef5c5909583b2d16e039aa9b06;e4a1e21d7e81eaaa8b193f49a9a3bec0	2093917642;2155690075				Homo sapiens	9606.0	RNA-Seq	TRANSCRIPTOMIC	cDNA	PAIRED	SAMN24011578	PRJNA788529
Tumor	no	yes	no	no	unknown	unknown	SRR17222926	PRJNA788529	SRP350625	SAMN24011582	SRS11305639	SRX13402588	SRA1343114	9606.0	Homo sapiens	ILLUMINA	Illumina HiSeq 4000	GSM5732614	RNA-Seq	TRANSCRIPTOMIC	cDNA	PAIRED	35426839	10628051700	2022-01-13	2022-01-13		Inflammatory fibroblasts mediate resistance to neoadjuvant therapy in rectal cancer	Illumina HiSeq 4000 sequencing: GSM5732614: GSH_RADONC_RectalCancer_067 Homo sapiens RNA-Seq	GSH_RADONC_RectalCancer_067	GSH_RADONC_RectalCancer_067		ftp.sra.ebi.ac.uk/vol1/fastq/SRR172/026/SRR17222926/SRR17222926_1.fastq.gz;ftp.sra.ebi.ac.uk/vol1/fastq/SRR172/026/SRR17222926/SRR17222926_2.fastq.gz	b901a8c0b1ad0c2c8b602baeaacdfa5b;d0e4872fb1af4664105503ee9e4aac58	1859850109;2063975199				Homo sapiens	9606.0	RNA-Seq	TRANSCRIPTOMIC	cDNA	PAIRED	SAMN24011582	PRJNA788529
Tumor	no	yes	no	no	unknown	unknown	SRR17222927	PRJNA788529	SRP350625	SAMN24011583	SRS11305638	SRX13402587	SRA1343114	9606.0	Homo sapiens	ILLUMINA	Illumina HiSeq 4000	GSM5732613	RNA-Seq	TRANSCRIPTOMIC	cDNA	PAIRED	35858829	10757648700	2022-01-13	2022-01-13		Inflammatory fibroblasts mediate resistance to neoadjuvant therapy in rectal cancer	Illumina HiSeq 4000 sequencing: GSM5732613: GSH_RADONC_RectalCancer_066 Homo sapiens RNA-Seq	GSH_RADONC_RectalCancer_066	GSH_RADONC_RectalCancer_066		ftp.sra.ebi.ac.uk/vol1/fastq/SRR172/027/SRR17222927/SRR17222927_1.fastq.gz;ftp.sra.ebi.ac.uk/vol1/fastq/SRR172/027/SRR17222927/SRR17222927_2.fastq.gz	b7eda9f8f7f1c06fda2bbc10c77db002;7cd79dddb21eb159084968f92cca439a	2117019551;2284083142				Homo sapiens	9606.0	RNA-Seq	TRANSCRIPTOMIC	cDNA	PAIRED	SAMN24011583	PRJNA788529
Tumor	no	yes	no	no	unknown	unknown	SRR17222928	PRJNA788529	SRP350625	SAMN24011584	SRS11305636	SRX13402586	SRA1343114	9606.0	Homo sapiens	ILLUMINA	Illumina HiSeq 4000	GSM5732612	RNA-Seq	TRANSCRIPTOMIC	cDNA	PAIRED	33906492	10171947600	2022-01-13	2022-01-13		Inflammatory fibroblasts mediate resistance to neoadjuvant therapy in rectal cancer	Illumina HiSeq 4000 sequencing: GSM5732612: GSH_RADONC_RectalCancer_065 Homo sapiens RNA-Seq	GSH_RADONC_RectalCancer_065	GSH_RADONC_RectalCancer_065		ftp.sra.ebi.ac.uk/vol1/fastq/SRR172/028/SRR17222928/SRR17222928_1.fastq.gz;ftp.sra.ebi.ac.uk/vol1/fastq/SRR172/028/SRR17222928/SRR17222928_2.fastq.gz	aeb01a8fb7a2ce2c3eda7b56f9beef87;2c3989ebd7aa0b2050ade65c94f7054c	1871612511;2041268510				Homo sapiens	9606.0	RNA-Seq	TRANSCRIPTOMIC	cDNA	PAIRED	SAMN24011584	PRJNA788529
Tumor	no	yes	no	no	unknown	unknown	SRR17222930	PRJNA788529	SRP350625	SAMN24011586	SRS11305635	SRX13402584	SRA1343114	9606.0	Homo sapiens	ILLUMINA	Illumina HiSeq 4000	GSM5732610	RNA-Seq	TRANSCRIPTOMIC	cDNA	PAIRED	36906336	11071900800	2022-01-13	2022-01-13		Inflammatory fibroblasts mediate resistance to neoadjuvant therapy in rectal cancer	Illumina HiSeq 4000 sequencing: GSM5732610: GSH_RADONC_RectalCancer_063 Homo sapiens RNA-Seq	GSH_RADONC_RectalCancer_063	GSH_RADONC_RectalCancer_063		ftp.sra.ebi.ac.uk/vol1/fastq/SRR172/030/SRR17222930/SRR17222930_1.fastq.gz;ftp.sra.ebi.ac.uk/vol1/fastq/SRR172/030/SRR17222930/SRR17222930_2.fastq.gz	dd2ad556e9db16d0e847dee4a0578b5f;47c097e48d042d79214baeb976a84245	2305473484;2432385086				Homo sapiens	9606.0	RNA-Seq	TRANSCRIPTOMIC	cDNA	PAIRED	SAMN24011586	PRJNA788529
Tumor	no	yes	no	no	unknown	unknown	SRR17222939	PRJNA788529	SRP350625	SAMN24011535	SRS11305627	SRX13402576	SRA1343114	9606.0	Homo sapiens	ILLUMINA	Illumina HiSeq 4000	GSM5732661	RNA-Seq	TRANSCRIPTOMIC	cDNA	PAIRED	44227819	13268345700	2022-01-13	2022-01-13		Inflammatory fibroblasts mediate resistance to neoadjuvant therapy in rectal cancer	Illumina HiSeq 4000 sequencing: GSM5732661: GSH_RADONC_RectalCancer_114 Homo sapiens RNA-Seq	GSH_RADONC_RectalCancer_114	GSH_RADONC_RectalCancer_114		ftp.sra.ebi.ac.uk/vol1/fastq/SRR172/039/SRR17222939/SRR17222939_1.fastq.gz;ftp.sra.ebi.ac.uk/vol1/fastq/SRR172/039/SRR17222939/SRR17222939_2.fastq.gz	6181c34dfb420c73e77ee82006f2e56a;6c5ad6f5f8ffde302f32b018677614c2	2376989152;2485140516				Homo sapiens	9606.0	RNA-Seq	TRANSCRIPTOMIC	cDNA	PAIRED	SAMN24011535	PRJNA788529
Tumor	no	yes	no	no	unknown	unknown	SRR17222944	PRJNA788529	SRP350625	SAMN24011540	SRS11305622	SRX13402571	SRA1343114	9606.0	Homo sapiens	ILLUMINA	Illumina HiSeq 4000	GSM5732656	RNA-Seq	TRANSCRIPTOMIC	cDNA	PAIRED	22648969	6794690700	2022-01-13	2022-01-13		Inflammatory fibroblasts mediate resistance to neoadjuvant therapy in rectal cancer	Illumina HiSeq 4000 sequencing: GSM5732656: GSH_RADONC_RectalCancer_109 Homo sapiens RNA-Seq	GSH_RADONC_RectalCancer_109	GSH_RADONC_RectalCancer_109		ftp.sra.ebi.ac.uk/vol1/fastq/SRR172/044/SRR17222944/SRR17222944_1.fastq.gz;ftp.sra.ebi.ac.uk/vol1/fastq/SRR172/044/SRR17222944/SRR17222944_2.fastq.gz	f6d25b0087741b368a3f268ac44c1f56;f52033e21d2fcc8898fa345dd5067c07	1610011455;1770161737											
Tumor	no	yes	no	no	unknown	unknown	SRR17222945	PRJNA788529	SRP350625	SAMN24011541	SRS11305621	SRX13402570	SRA1343114	9606.0	Homo sapiens	ILLUMINA	Illumina HiSeq 4000	GSM5732655	RNA-Seq	TRANSCRIPTOMIC	cDNA	PAIRED	29473803	8842140900	2022-01-13	2022-01-13		Inflammatory fibroblasts mediate resistance to neoadjuvant therapy in rectal cancer	Illumina HiSeq 4000 sequencing: GSM5732655: GSH_RADONC_RectalCancer_108 Homo sapiens RNA-Seq	GSH_RADONC_RectalCancer_108	GSH_RADONC_RectalCancer_108		ftp.sra.ebi.ac.uk/vol1/fastq/SRR172/045/SRR17222945/SRR17222945_1.fastq.gz;ftp.sra.ebi.ac.uk/vol1/fastq/SRR172/045/SRR17222945/SRR17222945_2.fastq.gz	9730415ff4e92d38575a76057839af42;be02a875cdd18412e0ffaa019c0bafbd	2621007454;2817049420											
Tumor	no	yes	no	no	unknown	unknown	SRR17222946	PRJNA788529	SRP350625	SAMN24011542	SRS11305620	SRX13402569	SRA1343114	9606.0	Homo sapiens	ILLUMINA	Illumina HiSeq 4000	GSM5732654	RNA-Seq	TRANSCRIPTOMIC	cDNA	PAIRED	48254066	14476219800	2022-01-13	2022-01-13		Inflammatory fibroblasts mediate resistance to neoadjuvant therapy in rectal cancer	Illumina HiSeq 4000 sequencing: GSM5732654: GSH_RADONC_RectalCancer_107 Homo sapiens RNA-Seq	GSH_RADONC_RectalCancer_107	GSH_RADONC_RectalCancer_107		ftp.sra.ebi.ac.uk/vol1/fastq/SRR172/046/SRR17222946/SRR17222946_1.fastq.gz;ftp.sra.ebi.ac.uk/vol1/fastq/SRR172/046/SRR17222946/SRR17222946_2.fastq.gz	c90196008464a590be54bc05e3170b5b;9925fda60a8b1c9241f8ac461e83c587	2695254459;2794298007											
Tumor	no	yes	no	no	unknown	unknown	SRR17222950	PRJNA788529	SRP350625	SAMN24011546	SRS11305616	SRX13402565	SRA1343114	9606.0	Homo sapiens	ILLUMINA	Illumina HiSeq 4000	GSM5732650	RNA-Seq	TRANSCRIPTOMIC	cDNA	PAIRED	23230157	6969047100	2022-01-13	2022-01-13		Inflammatory fibroblasts mediate resistance to neoadjuvant therapy in rectal cancer	Illumina HiSeq 4000 sequencing: GSM5732650: GSH_RADONC_RectalCancer_103 Homo sapiens RNA-Seq	GSH_RADONC_RectalCancer_103	GSH_RADONC_RectalCancer_103		ftp.sra.ebi.ac.uk/vol1/fastq/SRR172/050/SRR17222950/SRR17222950_1.fastq.gz;ftp.sra.ebi.ac.uk/vol1/fastq/SRR172/050/SRR17222950/SRR17222950_2.fastq.gz	097967a04e6746de4b8e583d9285bc04;5402ed20dfd67e586e6a96c03c203c64	2078954463;2204610480				Homo sapiens	9606.0	RNA-Seq	TRANSCRIPTOMIC	cDNA	PAIRED	SAMN24011546	PRJNA788529
Tumor	no	yes	no	no	unknown	unknown	SRR17222953	PRJNA788529	SRP350625	SAMN24011549	SRS11305613	SRX13402562	SRA1343114	9606.0	Homo sapiens	ILLUMINA	Illumina HiSeq 4000	GSM5732647	RNA-Seq	TRANSCRIPTOMIC	cDNA	PAIRED	22500452	6750135600	2022-01-13	2022-01-13		Inflammatory fibroblasts mediate resistance to neoadjuvant therapy in rectal cancer	Illumina HiSeq 4000 sequencing: GSM5732647: GSH_RADONC_RectalCancer_100 Homo sapiens RNA-Seq	GSH_RADONC_RectalCancer_100	GSH_RADONC_RectalCancer_100		ftp.sra.ebi.ac.uk/vol1/fastq/SRR172/053/SRR17222953/SRR17222953_1.fastq.gz;ftp.sra.ebi.ac.uk/vol1/fastq/SRR172/053/SRR17222953/SRR17222953_2.fastq.gz	6bb8d1f2a96e3f0636f2311a0c2c6c01;76b7cb91ca8649c708c9438c2a50f716	2024358154;2159478590				Homo sapiens	9606.0	RNA-Seq	TRANSCRIPTOMIC	cDNA	PAIRED	SAMN24011549	PRJNA788529
Tumor	no	yes	no	no	unknown	unknown	SRR17222954	PRJNA788529	SRP350625	SAMN24011550	SRS11305612	SRX13402561	SRA1343114	9606.0	Homo sapiens	ILLUMINA	Illumina HiSeq 4000	GSM5732646	RNA-Seq	TRANSCRIPTOMIC	cDNA	PAIRED	33736240	10120872000	2022-01-13	2022-01-13		Inflammatory fibroblasts mediate resistance to neoadjuvant therapy in rectal cancer	Illumina HiSeq 4000 sequencing: GSM5732646: GSH_RADONC_RectalCancer_099 Homo sapiens RNA-Seq	GSH_RADONC_RectalCancer_099	GSH_RADONC_RectalCancer_099		ftp.sra.ebi.ac.uk/vol1/fastq/SRR172/054/SRR17222954/SRR17222954_1.fastq.gz;ftp.sra.ebi.ac.uk/vol1/fastq/SRR172/054/SRR17222954/SRR17222954_2.fastq.gz	4a4e3bc107449628d50bd593f085f4a8;09a46f32e0b197902202d73e412ce7f2	2058429778;2138892544											
Tumor	no	yes	no	no	unknown	unknown	SRR17222957	PRJNA788529	SRP350625	SAMN24011553	SRS11305610	SRX13402558	SRA1343114	9606.0	Homo sapiens	ILLUMINA	Illumina HiSeq 4000	GSM5732643	RNA-Seq	TRANSCRIPTOMIC	cDNA	PAIRED	51677322	15503196600	2022-01-13	2022-01-13		Inflammatory fibroblasts mediate resistance to neoadjuvant therapy in rectal cancer	Illumina HiSeq 4000 sequencing: GSM5732643: GSH_RADONC_RectalCancer_096 Homo sapiens RNA-Seq	GSH_RADONC_RectalCancer_096	GSH_RADONC_RectalCancer_096		ftp.sra.ebi.ac.uk/vol1/fastq/SRR172/057/SRR17222957/SRR17222957_1.fastq.gz;ftp.sra.ebi.ac.uk/vol1/fastq/SRR172/057/SRR17222957/SRR17222957_2.fastq.gz	ec6b63b1f6194bed24ce7f8b805cedb0;861bf9f943fe1670e5b8de18589d4114	3155775722;3312294488				Homo sapiens	9606.0	RNA-Seq	TRANSCRIPTOMIC	cDNA	PAIRED	SAMN24011553	PRJNA788529
Tumor	no	yes	no	no	unknown	unknown	SRR17222960	PRJNA788529	SRP350625	SAMN24011556	SRS11305607	SRX13402555	SRA1343114	9606.0	Homo sapiens	ILLUMINA	Illumina HiSeq 4000	GSM5732640	RNA-Seq	TRANSCRIPTOMIC	cDNA	PAIRED	51660702	15498210600	2022-01-13	2022-01-13		Inflammatory fibroblasts mediate resistance to neoadjuvant therapy in rectal cancer	Illumina HiSeq 4000 sequencing: GSM5732640: GSH_RADONC_RectalCancer_093 Homo sapiens RNA-Seq	GSH_RADONC_RectalCancer_093	GSH_RADONC_RectalCancer_093		ftp.sra.ebi.ac.uk/vol1/fastq/SRR172/060/SRR17222960/SRR17222960_1.fastq.gz;ftp.sra.ebi.ac.uk/vol1/fastq/SRR172/060/SRR17222960/SRR17222960_2.fastq.gz	e5e06969e11de4757b91e6ff44334058;bab830b8f336c7629d7d0886b910fbdd	3160404036;3312243366				Homo sapiens	9606.0	RNA-Seq	TRANSCRIPTOMIC	cDNA	PAIRED	SAMN24011556	PRJNA788529
Tumor	no	yes	no	no	unknown	unknown	SRR17222961	PRJNA788529	SRP350625	SAMN24011557	SRS11305605	SRX13402554	SRA1343114	9606.0	Homo sapiens	ILLUMINA	Illumina HiSeq 4000	GSM5732639	RNA-Seq	TRANSCRIPTOMIC	cDNA	PAIRED	22749568	6824870400	2022-01-13	2022-01-13		Inflammatory fibroblasts mediate resistance to neoadjuvant therapy in rectal cancer	Illumina HiSeq 4000 sequencing: GSM5732639: GSH_RADONC_RectalCancer_092 Homo sapiens RNA-Seq	GSH_RADONC_RectalCancer_092	GSH_RADONC_RectalCancer_092		ftp.sra.ebi.ac.uk/vol1/fastq/SRR172/061/SRR17222961/SRR17222961_1.fastq.gz;ftp.sra.ebi.ac.uk/vol1/fastq/SRR172/061/SRR17222961/SRR17222961_2.fastq.gz	c8e542ef77d150d4b8933c8c11a6ca85;e9ab230e64a2008553300d339a3975ac	2014671868;2168197061				Homo sapiens	9606.0	RNA-Seq	TRANSCRIPTOMIC	cDNA	PAIRED	SAMN24011557	PRJNA788529
Tumor	no	yes	no	no	unknown	unknown	SRR17222962	PRJNA788529	SRP350625	SAMN24011558	SRS11305604	SRX13402553	SRA1343114	9606.0	Homo sapiens	ILLUMINA	Illumina HiSeq 4000	GSM5732638	RNA-Seq	TRANSCRIPTOMIC	cDNA	PAIRED	31212328	9363698400	2022-01-13	2022-01-13		Inflammatory fibroblasts mediate resistance to neoadjuvant therapy in rectal cancer	Illumina HiSeq 4000 sequencing: GSM5732638: GSH_RADONC_RectalCancer_091 Homo sapiens RNA-Seq	GSH_RADONC_RectalCancer_091	GSH_RADONC_RectalCancer_091		ftp.sra.ebi.ac.uk/vol1/fastq/SRR172/062/SRR17222962/SRR17222962_1.fastq.gz;ftp.sra.ebi.ac.uk/vol1/fastq/SRR172/062/SRR17222962/SRR17222962_2.fastq.gz	3c6567bd4b2ac100d275ba5ab33e9266;158834efc0ac0c0c6e8893644e647652	1921701422;2028953490				Homo sapiens	9606.0	RNA-Seq	TRANSCRIPTOMIC	cDNA	PAIRED	SAMN24011558	PRJNA788529
Tumor	no	yes	no	no	unknown	unknown	SRR17222963	PRJNA788529	SRP350625	SAMN24011559	SRS11305602	SRX13402552	SRA1343114	9606.0	Homo sapiens	ILLUMINA	Illumina HiSeq 4000	GSM5732637	RNA-Seq	TRANSCRIPTOMIC	cDNA	PAIRED	52079731	15623919300	2022-01-13	2022-01-13		Inflammatory fibroblasts mediate resistance to neoadjuvant therapy in rectal cancer	Illumina HiSeq 4000 sequencing: GSM5732637: GSH_RADONC_RectalCancer_090 Homo sapiens RNA-Seq	GSH_RADONC_RectalCancer_090	GSH_RADONC_RectalCancer_090		ftp.sra.ebi.ac.uk/vol1/fastq/SRR172/063/SRR17222963/SRR17222963_1.fastq.gz;ftp.sra.ebi.ac.uk/vol1/fastq/SRR172/063/SRR17222963/SRR17222963_2.fastq.gz	44cd36728e8f4dee4650c7fb7985eb5e;c628f206e3bd24913bbba9be386b4420	3163572209;3217601385				Homo sapiens	9606.0	RNA-Seq	TRANSCRIPTOMIC	cDNA	PAIRED	SAMN24011559	PRJNA788529
Tumor	no	yes	no	no	unknown	unknown	SRR17222966	PRJNA788529	SRP350625	SAMN24011562	SRS11305600	SRX13402549	SRA1343114	9606.0	Homo sapiens	ILLUMINA	Illumina HiSeq 4000	GSM5732634	RNA-Seq	TRANSCRIPTOMIC	cDNA	PAIRED	50783284	15234985200	2022-01-13	2022-01-13		Inflammatory fibroblasts mediate resistance to neoadjuvant therapy in rectal cancer	Illumina HiSeq 4000 sequencing: GSM5732634: GSH_RADONC_RectalCancer_087 Homo sapiens RNA-Seq	GSH_RADONC_RectalCancer_087	GSH_RADONC_RectalCancer_087		ftp.sra.ebi.ac.uk/vol1/fastq/SRR172/066/SRR17222966/SRR17222966_1.fastq.gz;ftp.sra.ebi.ac.uk/vol1/fastq/SRR172/066/SRR17222966/SRR17222966_2.fastq.gz	2600bb1246fa5f5464b8843625170bea;77f1cbb5dbc9965f7224bf8171d2685d	3180027893;3286275305											
Tumor	no	yes	no	no	unknown	unknown	SRR17222967	PRJNA788529	SRP350625	SAMN24011563	SRS11305599	SRX13402548	SRA1343114	9606.0	Homo sapiens	ILLUMINA	Illumina HiSeq 4000	GSM5732633	RNA-Seq	TRANSCRIPTOMIC	cDNA	PAIRED	54073685	16222105500	2022-01-13	2022-01-13		Inflammatory fibroblasts mediate resistance to neoadjuvant therapy in rectal cancer	Illumina HiSeq 4000 sequencing: GSM5732633: GSH_RADONC_RectalCancer_086 Homo sapiens RNA-Seq	GSH_RADONC_RectalCancer_086	GSH_RADONC_RectalCancer_086		ftp.sra.ebi.ac.uk/vol1/fastq/SRR172/067/SRR17222967/SRR17222967_1.fastq.gz;ftp.sra.ebi.ac.uk/vol1/fastq/SRR172/067/SRR17222967/SRR17222967_2.fastq.gz	5535ba761147a99b24d6546b30c41180;17955814be1bdeff66a90685c7bb5c27	3367486449;3485164884											
Tumor	no	yes	no	no	unknown	unknown	SRR17222970	PRJNA788529	SRP350625	SAMN24011592	SRS11305595	SRX13402544	SRA1343114	9606.0	Homo sapiens	ILLUMINA	Illumina HiSeq 4000	GSM5732604	RNA-Seq	TRANSCRIPTOMIC	cDNA	PAIRED	41701607	12510482100	2022-01-13	2022-01-13		Inflammatory fibroblasts mediate resistance to neoadjuvant therapy in rectal cancer	Illumina HiSeq 4000 sequencing: GSM5732604: GSH_RADONC_RectalCancer_057 Homo sapiens RNA-Seq	GSH_RADONC_RectalCancer_057	GSH_RADONC_RectalCancer_057		ftp.sra.ebi.ac.uk/vol1/fastq/SRR172/070/SRR17222970/SRR17222970_1.fastq.gz;ftp.sra.ebi.ac.uk/vol1/fastq/SRR172/070/SRR17222970/SRR17222970_2.fastq.gz	87bcb58a3cb93a5a3b503f6b8f921b05;791af3aa4532b1cd43a345e85430d366	2275872904;2582671567											
Tumor	no	yes	no	no	unknown	unknown	SRR17222972	PRJNA788529	SRP350625	SAMN24011594	SRS11305593	SRX13402542	SRA1343114	9606.0	Homo sapiens	ILLUMINA	Illumina HiSeq 4000	GSM5732602	RNA-Seq	TRANSCRIPTOMIC	cDNA	PAIRED	34213520	10264056000	2022-01-13	2022-01-13		Inflammatory fibroblasts mediate resistance to neoadjuvant therapy in rectal cancer	Illumina HiSeq 4000 sequencing: GSM5732602: GSH_RADONC_RectalCancer_055 Homo sapiens RNA-Seq	GSH_RADONC_RectalCancer_055	GSH_RADONC_RectalCancer_055		ftp.sra.ebi.ac.uk/vol1/fastq/SRR172/072/SRR17222972/SRR17222972_1.fastq.gz;ftp.sra.ebi.ac.uk/vol1/fastq/SRR172/072/SRR17222972/SRR17222972_2.fastq.gz	64946b51901bcf9925fe78cef1f1523a;1aaa750f72475b44b5ae8be4ee1da88b	2123107410;2270523712											
Tumor	no	yes	no	no	unknown	unknown	SRR17222975	PRJNA788529	SRP350625	SAMN24011597	SRS11305590	SRX13402539	SRA1343114	9606.0	Homo sapiens	ILLUMINA	Illumina HiSeq 4000	GSM5732599	RNA-Seq	TRANSCRIPTOMIC	cDNA	PAIRED	31850909	9555272700	2022-01-13	2022-01-13		Inflammatory fibroblasts mediate resistance to neoadjuvant therapy in rectal cancer	Illumina HiSeq 4000 sequencing: GSM5732599: GSH_RADONC_RectalCancer_052 Homo sapiens RNA-Seq	GSH_RADONC_RectalCancer_052	GSH_RADONC_RectalCancer_052		ftp.sra.ebi.ac.uk/vol1/fastq/SRR172/075/SRR17222975/SRR17222975_1.fastq.gz;ftp.sra.ebi.ac.uk/vol1/fastq/SRR172/075/SRR17222975/SRR17222975_2.fastq.gz	1ab624688444bdbba3557b9f9fb4f1be;c413e88b0c08f54f39c69a06dd261ea9	1966365341;2118545176				Homo sapiens	9606.0	RNA-Seq	TRANSCRIPTOMIC	cDNA	PAIRED	SAMN24011597	PRJNA788529
Tumor	no	yes	no	no	unknown	unknown	SRR17222977	PRJNA788529	SRP350625	SAMN24011599	SRS11305588	SRX13402537	SRA1343114	9606.0	Homo sapiens	ILLUMINA	Illumina HiSeq 4000	GSM5732597	RNA-Seq	TRANSCRIPTOMIC	cDNA	PAIRED	30755042	9226512600	2022-01-13	2022-01-13		Inflammatory fibroblasts mediate resistance to neoadjuvant therapy in rectal cancer	Illumina HiSeq 4000 sequencing: GSM5732597: GSH_RADONC_RectalCancer_050 Homo sapiens RNA-Seq	GSH_RADONC_RectalCancer_050	GSH_RADONC_RectalCancer_050		ftp.sra.ebi.ac.uk/vol1/fastq/SRR172/077/SRR17222977/SRR17222977_1.fastq.gz;ftp.sra.ebi.ac.uk/vol1/fastq/SRR172/077/SRR17222977/SRR17222977_2.fastq.gz	1c25df62549ee4b66edcdd2d7bdff3c3;1175408c7f583cbfb36b08aaa2583974	1915087635;2042261395											
Tumor	no	yes	no	no	unknown	unknown	SRR17222978	PRJNA788529	SRP350625	SAMN24011600	SRS11305587	SRX13402536	SRA1343114	9606.0	Homo sapiens	ILLUMINA	Illumina HiSeq 4000	GSM5732596	RNA-Seq	TRANSCRIPTOMIC	cDNA	PAIRED	31888105	9566431500	2022-01-13	2022-01-13		Inflammatory fibroblasts mediate resistance to neoadjuvant therapy in rectal cancer	Illumina HiSeq 4000 sequencing: GSM5732596: GSH_RADONC_RectalCancer_049 Homo sapiens RNA-Seq	GSH_RADONC_RectalCancer_049	GSH_RADONC_RectalCancer_049		ftp.sra.ebi.ac.uk/vol1/fastq/SRR172/078/SRR17222978/SRR17222978_1.fastq.gz;ftp.sra.ebi.ac.uk/vol1/fastq/SRR172/078/SRR17222978/SRR17222978_2.fastq.gz	dd5b05350d1d72a8a4e77237ffaa5088;8fde9a78d0979bfc634517dcd72e3301	1723567630;1912719498											
Tumor	no	yes	no	no	unknown	unknown	SRR17222979	PRJNA788529	SRP350625	SAMN24011601	SRS11305586	SRX13402535	SRA1343114	9606.0	Homo sapiens	ILLUMINA	Illumina HiSeq 4000	GSM5732595	RNA-Seq	TRANSCRIPTOMIC	cDNA	PAIRED	37558240	11267472000	2022-01-13	2022-01-13		Inflammatory fibroblasts mediate resistance to neoadjuvant therapy in rectal cancer	Illumina HiSeq 4000 sequencing: GSM5732595: GSH_RADONC_RectalCancer_048 Homo sapiens RNA-Seq	GSH_RADONC_RectalCancer_048	GSH_RADONC_RectalCancer_048		ftp.sra.ebi.ac.uk/vol1/fastq/SRR172/079/SRR17222979/SRR17222979_1.fastq.gz;ftp.sra.ebi.ac.uk/vol1/fastq/SRR172/079/SRR17222979/SRR17222979_2.fastq.gz	9c55a2b67c67e5d632a2a6c269536922;f9fc9850200f0707fd09eb4c4191b00c	2252762986;2439744582				Homo sapiens	9606.0	RNA-Seq	TRANSCRIPTOMIC	cDNA	PAIRED	SAMN24011601	PRJNA788529
Tumor	no	yes	no	no	unknown	unknown	SRR17222982	PRJNA788529	SRP350625	SAMN24011604	SRS11305583	SRX13402532	SRA1343114	9606.0	Homo sapiens	ILLUMINA	Illumina HiSeq 4000	GSM5732592	RNA-Seq	TRANSCRIPTOMIC	cDNA	PAIRED	33076951	9923085300	2022-01-13	2022-01-13		Inflammatory fibroblasts mediate resistance to neoadjuvant therapy in rectal cancer	Illumina HiSeq 4000 sequencing: GSM5732592: GSH_RADONC_RectalCancer_045 Homo sapiens RNA-Seq	GSH_RADONC_RectalCancer_045	GSH_RADONC_RectalCancer_045		ftp.sra.ebi.ac.uk/vol1/fastq/SRR172/082/SRR17222982/SRR17222982_1.fastq.gz;ftp.sra.ebi.ac.uk/vol1/fastq/SRR172/082/SRR17222982/SRR17222982_2.fastq.gz	4d4d19239f51b7ca1e8089100af0a2e3;1cd9412b05c2d8fe6ff6cedc2255651d	1842981594;2003794243				Homo sapiens	9606.0	RNA-Seq	TRANSCRIPTOMIC	cDNA	PAIRED	SAMN24011604	PRJNA788529
Tumor	no	yes	no	no	unknown	unknown	SRR17222983	PRJNA788529	SRP350625	SAMN24011605	SRS11305582	SRX13402531	SRA1343114	9606.0	Homo sapiens	ILLUMINA	Illumina HiSeq 4000	GSM5732591	RNA-Seq	TRANSCRIPTOMIC	cDNA	PAIRED	38837456	11651236800	2022-01-13	2022-01-13		Inflammatory fibroblasts mediate resistance to neoadjuvant therapy in rectal cancer	Illumina HiSeq 4000 sequencing: GSM5732591: GSH_RADONC_RectalCancer_044 Homo sapiens RNA-Seq	GSH_RADONC_RectalCancer_044	GSH_RADONC_RectalCancer_044		ftp.sra.ebi.ac.uk/vol1/fastq/SRR172/083/SRR17222983/SRR17222983_1.fastq.gz;ftp.sra.ebi.ac.uk/vol1/fastq/SRR172/083/SRR17222983/SRR17222983_2.fastq.gz	fb996da85d825cfe9d21de0ff132db49;0699a39662aade4cace75c0b6b607dab	2164606275;2325793330				Homo sapiens	9606.0	RNA-Seq	TRANSCRIPTOMIC	cDNA	PAIRED	SAMN24011605	PRJNA788529
Tumor	no	yes	no	no	unknown	unknown	SRR17222984	PRJNA788529	SRP350625	SAMN24011606	SRS11305581	SRX13402530	SRA1343114	9606.0	Homo sapiens	ILLUMINA	Illumina HiSeq 4000	GSM5732590	RNA-Seq	TRANSCRIPTOMIC	cDNA	PAIRED	33501032	10050309600	2022-01-13	2022-01-13		Inflammatory fibroblasts mediate resistance to neoadjuvant therapy in rectal cancer	Illumina HiSeq 4000 sequencing: GSM5732590: GSH_RADONC_RectalCancer_043 Homo sapiens RNA-Seq	GSH_RADONC_RectalCancer_043	GSH_RADONC_RectalCancer_043		ftp.sra.ebi.ac.uk/vol1/fastq/SRR172/084/SRR17222984/SRR17222984_1.fastq.gz;ftp.sra.ebi.ac.uk/vol1/fastq/SRR172/084/SRR17222984/SRR17222984_2.fastq.gz	86870dcb7310f789140ea1d1be830258;6c5d560ba390722b8992809295254b6a	1921244552;2101436783				Homo sapiens	9606.0	RNA-Seq	TRANSCRIPTOMIC	cDNA	PAIRED	SAMN24011606	PRJNA788529
Tumor	no	yes	no	no	unknown	unknown	SRR17222987	PRJNA788529	SRP350625	SAMN24011609	SRS11305578	SRX13402527	SRA1343114	9606.0	Homo sapiens	ILLUMINA	Illumina HiSeq 4000	GSM5732587	RNA-Seq	TRANSCRIPTOMIC	cDNA	PAIRED	37960397	11388119100	2022-01-13	2022-01-13		Inflammatory fibroblasts mediate resistance to neoadjuvant therapy in rectal cancer	Illumina HiSeq 4000 sequencing: GSM5732587: GSH_RADONC_RectalCancer_040 Homo sapiens RNA-Seq	GSH_RADONC_RectalCancer_040	GSH_RADONC_RectalCancer_040		ftp.sra.ebi.ac.uk/vol1/fastq/SRR172/087/SRR17222987/SRR17222987_1.fastq.gz;ftp.sra.ebi.ac.uk/vol1/fastq/SRR172/087/SRR17222987/SRR17222987_2.fastq.gz	e795fe69dd69023dfa652376841d238e;b939da568fc8ed0d2488a12c22dca2c7	1818083617;2040107549				Homo sapiens	9606.0	RNA-Seq	TRANSCRIPTOMIC	cDNA	PAIRED	SAMN24011609	PRJNA788529
Tumor	no	yes	no	no	unknown	unknown	SRR17222988	PRJNA788529	SRP350625	SAMN24011610	SRS11305577	SRX13402526	SRA1343114	9606.0	Homo sapiens	ILLUMINA	Illumina HiSeq 4000	GSM5732586	RNA-Seq	TRANSCRIPTOMIC	cDNA	PAIRED	31920920	9576276000	2022-01-13	2022-01-13		Inflammatory fibroblasts mediate resistance to neoadjuvant therapy in rectal cancer	Illumina HiSeq 4000 sequencing: GSM5732586: GSH_RADONC_RectalCancer_039 Homo sapiens RNA-Seq	GSH_RADONC_RectalCancer_039	GSH_RADONC_RectalCancer_039		ftp.sra.ebi.ac.uk/vol1/fastq/SRR172/088/SRR17222988/SRR17222988_1.fastq.gz;ftp.sra.ebi.ac.uk/vol1/fastq/SRR172/088/SRR17222988/SRR17222988_2.fastq.gz	7db1cc3e15c6570d5812e3cb05db2ccd;5cc404ea2ffa444852284b6d18dc4f86	1916514889;2092742592				Homo sapiens	9606.0	RNA-Seq	TRANSCRIPTOMIC	cDNA	PAIRED	SAMN24011610	PRJNA788529
Tumor	no	yes	no	no	unknown	unknown	SRR17222989	PRJNA788529	SRP350625	SAMN24011611	SRS11305575	SRX13402525	SRA1343114	9606.0	Homo sapiens	ILLUMINA	Illumina HiSeq 4000	GSM5732585	RNA-Seq	TRANSCRIPTOMIC	cDNA	PAIRED	28974198	8692259400	2022-01-13	2022-01-13		Inflammatory fibroblasts mediate resistance to neoadjuvant therapy in rectal cancer	Illumina HiSeq 4000 sequencing: GSM5732585: GSH_RADONC_RectalCancer_038 Homo sapiens RNA-Seq	GSH_RADONC_RectalCancer_038	GSH_RADONC_RectalCancer_038		ftp.sra.ebi.ac.uk/vol1/fastq/SRR172/089/SRR17222989/SRR17222989_1.fastq.gz;ftp.sra.ebi.ac.uk/vol1/fastq/SRR172/089/SRR17222989/SRR17222989_2.fastq.gz	d86222373811d85f65060cf0eb61d235;75a4c49b85c20ddf2ba541fa16043bfc	1662585024;1797581799				Homo sapiens	9606.0	RNA-Seq	TRANSCRIPTOMIC	cDNA	PAIRED	SAMN24011611	PRJNA788529
Tumor	no	yes	no	no	unknown	unknown	SRR17222995	PRJNA788529	SRP350625	SAMN24011617	SRS11305570	SRX13402519	SRA1343114	9606.0	Homo sapiens	ILLUMINA	Illumina HiSeq 4000	GSM5732579	RNA-Seq	TRANSCRIPTOMIC	cDNA	PAIRED	32649501	9794850300	2022-01-13	2022-01-13		Inflammatory fibroblasts mediate resistance to neoadjuvant therapy in rectal cancer	Illumina HiSeq 4000 sequencing: GSM5732579: GSH_RADONC_RectalCancer_032 Homo sapiens RNA-Seq	GSH_RADONC_RectalCancer_032	GSH_RADONC_RectalCancer_032		ftp.sra.ebi.ac.uk/vol1/fastq/SRR172/095/SRR17222995/SRR17222995_1.fastq.gz;ftp.sra.ebi.ac.uk/vol1/fastq/SRR172/095/SRR17222995/SRR17222995_2.fastq.gz	7c998953d079b11a1cdb33320f8649a0;2ff4200ee0cab2c471a605281d9ced50	1962587594;2110666698				Homo sapiens	9606.0	RNA-Seq	TRANSCRIPTOMIC	cDNA	PAIRED	SAMN24011617	PRJNA788529
Tumor	no	yes	no	no	unknown	unknown	SRR17222996	PRJNA788529	SRP350625	SAMN24011618	SRS11305569	SRX13402518	SRA1343114	9606.0	Homo sapiens	ILLUMINA	Illumina HiSeq 4000	GSM5732578	RNA-Seq	TRANSCRIPTOMIC	cDNA	PAIRED	34000698	10200209400	2022-01-13	2022-01-13		Inflammatory fibroblasts mediate resistance to neoadjuvant therapy in rectal cancer	Illumina HiSeq 4000 sequencing: GSM5732578: GSH_RADONC_RectalCancer_031 Homo sapiens RNA-Seq	GSH_RADONC_RectalCancer_031	GSH_RADONC_RectalCancer_031		ftp.sra.ebi.ac.uk/vol1/fastq/SRR172/096/SRR17222996/SRR17222996_1.fastq.gz;ftp.sra.ebi.ac.uk/vol1/fastq/SRR172/096/SRR17222996/SRR17222996_2.fastq.gz	e5378d057ff358df68ea515f9cb66605;bc8b8d9c52256be1404ee73bfe0c258f	2097030160;2266063176				Homo sapiens	9606.0	RNA-Seq	TRANSCRIPTOMIC	cDNA	PAIRED	SAMN24011618	PRJNA788529
Tumor	no	yes	no	no	unknown	unknown	SRR17222997	PRJNA788529	SRP350625	SAMN24011619	SRS11305568	SRX13402517	SRA1343114	9606.0	Homo sapiens	ILLUMINA	Illumina HiSeq 4000	GSM5732577	RNA-Seq	TRANSCRIPTOMIC	cDNA	PAIRED	30515332	9154599600	2022-01-13	2022-01-13		Inflammatory fibroblasts mediate resistance to neoadjuvant therapy in rectal cancer	Illumina HiSeq 4000 sequencing: GSM5732577: GSH_RADONC_RectalCancer_030 Homo sapiens RNA-Seq	GSH_RADONC_RectalCancer_030	GSH_RADONC_RectalCancer_030		ftp.sra.ebi.ac.uk/vol1/fastq/SRR172/097/SRR17222997/SRR17222997_1.fastq.gz;ftp.sra.ebi.ac.uk/vol1/fastq/SRR172/097/SRR17222997/SRR17222997_2.fastq.gz	b7ce78e85423a0eff93f7506c5f96eee;e711967726d65911c016b51e7b4d3c8c	1866357698;2021148706				Homo sapiens	9606.0	RNA-Seq	TRANSCRIPTOMIC	cDNA	PAIRED	SAMN24011619	PRJNA788529
Tumor	no	yes	no	no	unknown	unknown	SRR17223004	PRJNA788529	SRP350625	SAMN24011626	SRS11305560	SRX13402510	SRA1343114	9606.0	Homo sapiens	ILLUMINA	Illumina HiSeq 4000	GSM5732570	RNA-Seq	TRANSCRIPTOMIC	cDNA	PAIRED	37681867	11304560100	2022-01-13	2022-01-13		Inflammatory fibroblasts mediate resistance to neoadjuvant therapy in rectal cancer	Illumina HiSeq 4000 sequencing: GSM5732570: GSH_RADONC_RectalCancer_023 Homo sapiens RNA-Seq	GSH_RADONC_RectalCancer_023	GSH_RADONC_RectalCancer_023		ftp.sra.ebi.ac.uk/vol1/fastq/SRR172/004/SRR17223004/SRR17223004_1.fastq.gz;ftp.sra.ebi.ac.uk/vol1/fastq/SRR172/004/SRR17223004/SRR17223004_2.fastq.gz	9cc89473f3c4bdd6a07607f9195034e4;16330591c8fe1398348be7e547a5ab65	2273563141;2441691213				Homo sapiens	9606.0	RNA-Seq	TRANSCRIPTOMIC	cDNA	PAIRED	SAMN24011626	PRJNA788529
Tumor	no	yes	no	no	unknown	unknown	SRR17223005	PRJNA788529	SRP350625	SAMN24011627	SRS11305561	SRX13402509	SRA1343114	9606.0	Homo sapiens	ILLUMINA	Illumina HiSeq 4000	GSM5732569	RNA-Seq	TRANSCRIPTOMIC	cDNA	PAIRED	32477151	9743145300	2022-01-13	2022-01-13		Inflammatory fibroblasts mediate resistance to neoadjuvant therapy in rectal cancer	Illumina HiSeq 4000 sequencing: GSM5732569: GSH_RADONC_RectalCancer_022 Homo sapiens RNA-Seq	GSH_RADONC_RectalCancer_022	GSH_RADONC_RectalCancer_022		ftp.sra.ebi.ac.uk/vol1/fastq/SRR172/005/SRR17223005/SRR17223005_1.fastq.gz;ftp.sra.ebi.ac.uk/vol1/fastq/SRR172/005/SRR17223005/SRR17223005_2.fastq.gz	148a8a71606c86db2037e6ab5c84078b;1b9c2f40fe7b993cdeefc61187f3942e	1958502200;2110074287				Homo sapiens	9606.0	RNA-Seq	TRANSCRIPTOMIC	cDNA	PAIRED	SAMN24011627	PRJNA788529
Tumor	no	yes	no	no	unknown	unknown	SRR17223015	PRJNA788529	SRP350625	SAMN24011637	SRS11305550	SRX13402499	SRA1343114	9606.0	Homo sapiens	ILLUMINA	Illumina HiSeq 4000	GSM5732559	RNA-Seq	TRANSCRIPTOMIC	cDNA	PAIRED	35559017	10667705100	2022-01-13	2022-01-13		Inflammatory fibroblasts mediate resistance to neoadjuvant therapy in rectal cancer	Illumina HiSeq 4000 sequencing: GSM5732559: GSH_RADONC_RectalCancer_012 Homo sapiens RNA-Seq	GSH_RADONC_RectalCancer_012	GSH_RADONC_RectalCancer_012		ftp.sra.ebi.ac.uk/vol1/fastq/SRR172/015/SRR17223015/SRR17223015_1.fastq.gz;ftp.sra.ebi.ac.uk/vol1/fastq/SRR172/015/SRR17223015/SRR17223015_2.fastq.gz	3706d5e6f87ce2c35ef21a4bccc57319;e3d4fd70de31f5c4548bb69637c976f5	1935083710;1999335275				Homo sapiens	9606.0	RNA-Seq	TRANSCRIPTOMIC	cDNA	PAIRED	SAMN24011637	PRJNA788529
Tumor	no	yes	no	no	unknown	unknown	SRR17223019	PRJNA788529	SRP350625	SAMN24011641	SRS11305548	SRX13402495	SRA1343114	9606.0	Homo sapiens	ILLUMINA	Illumina HiSeq 4000	GSM5732555	RNA-Seq	TRANSCRIPTOMIC	cDNA	PAIRED	48971469	14691440700	2022-01-13	2022-01-13		Inflammatory fibroblasts mediate resistance to neoadjuvant therapy in rectal cancer	Illumina HiSeq 4000 sequencing: GSM5732555: GSH_RADONC_RectalCancer_008 Homo sapiens RNA-Seq	GSH_RADONC_RectalCancer_008	GSH_RADONC_RectalCancer_008		ftp.sra.ebi.ac.uk/vol1/fastq/SRR172/019/SRR17223019/SRR17223019_1.fastq.gz;ftp.sra.ebi.ac.uk/vol1/fastq/SRR172/019/SRR17223019/SRR17223019_2.fastq.gz	51271f2508680cc7d88aa7a300b22114;dbccd9685ba6cb5b69260d41a4c1ffbc	2603641311;2790549108				Homo sapiens	9606.0	RNA-Seq	TRANSCRIPTOMIC	cDNA	PAIRED	SAMN24011641	PRJNA788529
Tumor	no	yes	no	no	unknown	unknown	SRR17223020	PRJNA788529	SRP350625	SAMN24011642	SRS11305547	SRX13402494	SRA1343114	9606.0	Homo sapiens	ILLUMINA	Illumina HiSeq 4000	GSM5732554	RNA-Seq	TRANSCRIPTOMIC	cDNA	PAIRED	24348815	7304644500	2022-01-13	2022-01-13		Inflammatory fibroblasts mediate resistance to neoadjuvant therapy in rectal cancer	Illumina HiSeq 4000 sequencing: GSM5732554: GSH_RADONC_RectalCancer_007 Homo sapiens RNA-Seq	GSH_RADONC_RectalCancer_007	GSH_RADONC_RectalCancer_007		ftp.sra.ebi.ac.uk/vol1/fastq/SRR172/020/SRR17223020/SRR17223020_1.fastq.gz;ftp.sra.ebi.ac.uk/vol1/fastq/SRR172/020/SRR17223020/SRR17223020_2.fastq.gz	65657d2bf6288ccbb1f74c2f17b21f34;7274310dd8946d8651c7da580e83accf	2150016902;2326558388				Homo sapiens	9606.0	RNA-Seq	TRANSCRIPTOMIC	cDNA	PAIRED	SAMN24011642	PRJNA788529
Tumor	no	yes	no	no	unknown	unknown	SRR17223022	PRJNA788529	SRP350625	SAMN24011644	SRS11305545	SRX13402492	SRA1343114	9606.0	Homo sapiens	ILLUMINA	Illumina HiSeq 4000	GSM5732552	RNA-Seq	TRANSCRIPTOMIC	cDNA	PAIRED	25522903	7656870900	2022-01-13	2022-01-13		Inflammatory fibroblasts mediate resistance to neoadjuvant therapy in rectal cancer	Illumina HiSeq 4000 sequencing: GSM5732552: GSH_RADONC_RectalCancer_005 Homo sapiens RNA-Seq	GSH_RADONC_RectalCancer_005	GSH_RADONC_RectalCancer_005		ftp.sra.ebi.ac.uk/vol1/fastq/SRR172/022/SRR17223022/SRR17223022_1.fastq.gz;ftp.sra.ebi.ac.uk/vol1/fastq/SRR172/022/SRR17223022/SRR17223022_2.fastq.gz	a60df32b3738379a86d73bb8ccde5818;c2ad8ff8383f15867d5fa436a577a1bc	2254967991;2439877169				Homo sapiens	9606.0	RNA-Seq	TRANSCRIPTOMIC	cDNA	PAIRED	SAMN24011644	PRJNA788529
Tumor	no	yes	no	no	unknown	unknown	SRR17223023	PRJNA788529	SRP350625	SAMN24011645	SRS11305542	SRX13402491	SRA1343114	9606.0	Homo sapiens	ILLUMINA	Illumina HiSeq 4000	GSM5732551	RNA-Seq	TRANSCRIPTOMIC	cDNA	PAIRED	26761416	8028424800	2022-01-13	2022-01-13		Inflammatory fibroblasts mediate resistance to neoadjuvant therapy in rectal cancer	Illumina HiSeq 4000 sequencing: GSM5732551: GSH_RADONC_RectalCancer_004 Homo sapiens RNA-Seq	GSH_RADONC_RectalCancer_004	GSH_RADONC_RectalCancer_004		ftp.sra.ebi.ac.uk/vol1/fastq/SRR172/023/SRR17223023/SRR17223023_1.fastq.gz;ftp.sra.ebi.ac.uk/vol1/fastq/SRR172/023/SRR17223023/SRR17223023_2.fastq.gz	1f1ad4f16a2880c6cb1d8aa204d76c8e;92346625e0d4b154b2dce0309349b443	2401942246;2598124552				Homo sapiens	9606.0	RNA-Seq	TRANSCRIPTOMIC	cDNA	PAIRED	SAMN24011645	PRJNA788529
Tumor	no	yes	no	no	unknown	unknown	SRR17223025	PRJNA788529	SRP350625	SAMN24011647	SRS11305543	SRX13402489	SRA1343114	9606.0	Homo sapiens	ILLUMINA	Illumina HiSeq 4000	GSM5732549	RNA-Seq	TRANSCRIPTOMIC	cDNA	PAIRED	52585193	15775557900	2022-01-13	2022-01-13		Inflammatory fibroblasts mediate resistance to neoadjuvant therapy in rectal cancer	Illumina HiSeq 4000 sequencing: GSM5732549: GSH_RADONC_RectalCancer_002 Homo sapiens RNA-Seq	GSH_RADONC_RectalCancer_002	GSH_RADONC_RectalCancer_002		ftp.sra.ebi.ac.uk/vol1/fastq/SRR172/025/SRR17223025/SRR17223025_1.fastq.gz;ftp.sra.ebi.ac.uk/vol1/fastq/SRR172/025/SRR17223025/SRR17223025_2.fastq.gz	913c4fe6b7614b2dc06dd4886d6cb59c;4855cf08f5f2069db21619258aba5efe	2544468401;2683540400											
Tumor	no	yes	no	no	unknown	unknown	SRR17222916	PRJNA788529	SRP350625	SAMN24011572	SRS11305649	SRX13402598	SRA1343114	9606.0	Homo sapiens	ILLUMINA	Illumina HiSeq 4000	GSM5732624	RNA-Seq	TRANSCRIPTOMIC	cDNA	PAIRED	27763323	8328996900	2022-01-13	2022-01-13		Inflammatory fibroblasts mediate resistance to neoadjuvant therapy in rectal cancer	Illumina HiSeq 4000 sequencing: GSM5732624: GSH_RADONC_RectalCancer_077 Homo sapiens RNA-Seq	GSH_RADONC_RectalCancer_077	GSH_RADONC_RectalCancer_077		ftp.sra.ebi.ac.uk/vol1/fastq/SRR172/016/SRR17222916/SRR17222916_1.fastq.gz;ftp.sra.ebi.ac.uk/vol1/fastq/SRR172/016/SRR17222916/SRR17222916_2.fastq.gz	c4449d34a480befe18c290177e3b8908;4ac6196cf5a555c134284247984c2de9	2467767801;2650074682				Homo sapiens	9606.0	RNA-Seq	TRANSCRIPTOMIC	cDNA	PAIRED	SAMN24011572	PRJNA788529
Tumor	no	yes	no	no	unknown	unknown	SRR17222918	PRJNA788529	SRP350625	SAMN24011574	SRS11305648	SRX13402596	SRA1343114	9606.0	Homo sapiens	ILLUMINA	Illumina HiSeq 4000	GSM5732622	RNA-Seq	TRANSCRIPTOMIC	cDNA	PAIRED	59126725	17738017500	2022-01-13	2022-01-13		Inflammatory fibroblasts mediate resistance to neoadjuvant therapy in rectal cancer	Illumina HiSeq 4000 sequencing: GSM5732622: GSH_RADONC_RectalCancer_075 Homo sapiens RNA-Seq	GSH_RADONC_RectalCancer_075	GSH_RADONC_RectalCancer_075		ftp.sra.ebi.ac.uk/vol1/fastq/SRR172/018/SRR17222918/SRR17222918_1.fastq.gz;ftp.sra.ebi.ac.uk/vol1/fastq/SRR172/018/SRR17222918/SRR17222918_2.fastq.gz	1a606e0c159c9dc19f61d5512c69e955;9095a5446ea64458ae6052e89d7a75a0	3793845248;3964023284				Homo sapiens	9606.0	RNA-Seq	TRANSCRIPTOMIC	cDNA	PAIRED	SAMN24011574	PRJNA788529
Tumor	no	yes	no	no	unknown	unknown	SRR17222923	PRJNA788529	SRP350625	SAMN24011579	SRS11305641	SRX13402591	SRA1343114	9606.0	Homo sapiens	ILLUMINA	Illumina HiSeq 4000	GSM5732617	RNA-Seq	TRANSCRIPTOMIC	cDNA	PAIRED	30728501	9218550300	2022-01-13	2022-01-13		Inflammatory fibroblasts mediate resistance to neoadjuvant therapy in rectal cancer	Illumina HiSeq 4000 sequencing: GSM5732617: GSH_RADONC_RectalCancer_070 Homo sapiens RNA-Seq	GSH_RADONC_RectalCancer_070	GSH_RADONC_RectalCancer_070		ftp.sra.ebi.ac.uk/vol1/fastq/SRR172/023/SRR17222923/SRR17222923_1.fastq.gz;ftp.sra.ebi.ac.uk/vol1/fastq/SRR172/023/SRR17222923/SRR17222923_2.fastq.gz	6268eec1b82343e51b2b3f8e0233ea0d;02b271dd665c8ca7502010c686a8b448	1937592520;2065175945				Homo sapiens	9606.0	RNA-Seq	TRANSCRIPTOMIC	cDNA	PAIRED	SAMN24011579	PRJNA788529
Tumor	no	yes	no	no	unknown	unknown	SRR17222931	PRJNA788529	SRP350625	SAMN24011587	SRS11305634	SRX13402583	SRA1343114	9606.0	Homo sapiens	ILLUMINA	Illumina HiSeq 4000	GSM5732609	RNA-Seq	TRANSCRIPTOMIC	cDNA	PAIRED	41944409	12583322700	2022-01-13	2022-01-13		Inflammatory fibroblasts mediate resistance to neoadjuvant therapy in rectal cancer	Illumina HiSeq 4000 sequencing: GSM5732609: GSH_RADONC_RectalCancer_062 Homo sapiens RNA-Seq	GSH_RADONC_RectalCancer_062	GSH_RADONC_RectalCancer_062		ftp.sra.ebi.ac.uk/vol1/fastq/SRR172/031/SRR17222931/SRR17222931_1.fastq.gz;ftp.sra.ebi.ac.uk/vol1/fastq/SRR172/031/SRR17222931/SRR17222931_2.fastq.gz	471983c39ef8a85c2622217d805c4411;680fffbbe104edc822146cd952412b31	2549599007;2696902445				Homo sapiens	9606.0	RNA-Seq	TRANSCRIPTOMIC	cDNA	PAIRED	SAMN24011587	PRJNA788529
Tumor	no	yes	no	no	unknown	unknown	SRR17222932	PRJNA788529	SRP350625	SAMN24011588	SRS11305633	SRX13402582	SRA1343114	9606.0	Homo sapiens	ILLUMINA	Illumina HiSeq 4000	GSM5732608	RNA-Seq	TRANSCRIPTOMIC	cDNA	PAIRED	39776446	11932933800	2022-01-13	2022-01-13		Inflammatory fibroblasts mediate resistance to neoadjuvant therapy in rectal cancer	Illumina HiSeq 4000 sequencing: GSM5732608: GSH_RADONC_RectalCancer_061 Homo sapiens RNA-Seq	GSH_RADONC_RectalCancer_061	GSH_RADONC_RectalCancer_061		ftp.sra.ebi.ac.uk/vol1/fastq/SRR172/032/SRR17222932/SRR17222932_1.fastq.gz;ftp.sra.ebi.ac.uk/vol1/fastq/SRR172/032/SRR17222932/SRR17222932_2.fastq.gz	1cb9c6899440f211238197f1f8e3a8f8;e97bb816478c3dc7564ff210e9398fde	2251416798;2457453363				Homo sapiens	9606.0	RNA-Seq	TRANSCRIPTOMIC	cDNA	PAIRED	SAMN24011588	PRJNA788529
Tumor	no	yes	no	no	unknown	unknown	SRR17222942	PRJNA788529	SRP350625	SAMN24011538	SRS11305623	SRX13402573	SRA1343114	9606.0	Homo sapiens	ILLUMINA	Illumina HiSeq 4000	GSM5732658	RNA-Seq	TRANSCRIPTOMIC	cDNA	PAIRED	21565859	6469757700	2022-01-13	2022-01-13		Inflammatory fibroblasts mediate resistance to neoadjuvant therapy in rectal cancer	Illumina HiSeq 4000 sequencing: GSM5732658: GSH_RADONC_RectalCancer_111 Homo sapiens RNA-Seq	GSH_RADONC_RectalCancer_111	GSH_RADONC_RectalCancer_111		ftp.sra.ebi.ac.uk/vol1/fastq/SRR172/042/SRR17222942/SRR17222942_1.fastq.gz;ftp.sra.ebi.ac.uk/vol1/fastq/SRR172/042/SRR17222942/SRR17222942_2.fastq.gz	29a12a4b6324ac2d569f1b6faff02e30;93460951f36ae14f85a8cf09ca9258b8	1902474561;1890319183											
Tumor	no	yes	no	no	unknown	unknown	SRR17222943	PRJNA788529	SRP350625	SAMN24011539	SRS11305624	SRX13402572	SRA1343114	9606.0	Homo sapiens	ILLUMINA	Illumina HiSeq 4000	GSM5732657	RNA-Seq	TRANSCRIPTOMIC	cDNA	PAIRED	27264936	8179480800	2022-01-13	2022-01-13		Inflammatory fibroblasts mediate resistance to neoadjuvant therapy in rectal cancer	Illumina HiSeq 4000 sequencing: GSM5732657: GSH_RADONC_RectalCancer_110 Homo sapiens RNA-Seq	GSH_RADONC_RectalCancer_110	GSH_RADONC_RectalCancer_110		ftp.sra.ebi.ac.uk/vol1/fastq/SRR172/043/SRR17222943/SRR17222943_1.fastq.gz;ftp.sra.ebi.ac.uk/vol1/fastq/SRR172/043/SRR17222943/SRR17222943_2.fastq.gz	2ed7cfd02545406e04e2a73cf45fb503;255a8acbd7e479cec1b2c78b245174df	2445660847;2635088191				Homo sapiens	9606.0	RNA-Seq	TRANSCRIPTOMIC	cDNA	PAIRED	SAMN24011539	PRJNA788529
Tumor	no	yes	no	no	unknown	unknown	SRR17222948	PRJNA788529	SRP350625	SAMN24011544	SRS11305618	SRX13402567	SRA1343114	9606.0	Homo sapiens	ILLUMINA	Illumina HiSeq 4000	GSM5732652	RNA-Seq	TRANSCRIPTOMIC	cDNA	PAIRED	26459604	7937881200	2022-01-13	2022-01-13		Inflammatory fibroblasts mediate resistance to neoadjuvant therapy in rectal cancer	Illumina HiSeq 4000 sequencing: GSM5732652: GSH_RADONC_RectalCancer_105 Homo sapiens RNA-Seq	GSH_RADONC_RectalCancer_105	GSH_RADONC_RectalCancer_105		ftp.sra.ebi.ac.uk/vol1/fastq/SRR172/048/SRR17222948/SRR17222948_1.fastq.gz;ftp.sra.ebi.ac.uk/vol1/fastq/SRR172/048/SRR17222948/SRR17222948_2.fastq.gz	2625f037e5b9d20ca6cc23a7e8ac16a4;6e925e960890ae773c2b64da2cfb18a5	2370044012;2557709172				Homo sapiens	9606.0	RNA-Seq	TRANSCRIPTOMIC	cDNA	PAIRED	SAMN24011544	PRJNA788529
Tumor	no	yes	no	no	unknown	unknown	SRR17222952	PRJNA788529	SRP350625	SAMN24011548	SRS11305614	SRX13402563	SRA1343114	9606.0	Homo sapiens	ILLUMINA	Illumina HiSeq 4000	GSM5732648	RNA-Seq	TRANSCRIPTOMIC	cDNA	PAIRED	37584618	11275385400	2022-01-13	2022-01-13		Inflammatory fibroblasts mediate resistance to neoadjuvant therapy in rectal cancer	Illumina HiSeq 4000 sequencing: GSM5732648: GSH_RADONC_RectalCancer_101 Homo sapiens RNA-Seq	GSH_RADONC_RectalCancer_101	GSH_RADONC_RectalCancer_101		ftp.sra.ebi.ac.uk/vol1/fastq/SRR172/052/SRR17222952/SRR17222952_1.fastq.gz;ftp.sra.ebi.ac.uk/vol1/fastq/SRR172/052/SRR17222952/SRR17222952_2.fastq.gz	28c871c4ae5db528e2f8a92ff4c2da4b;7ff26abd67e8a148f48026038a6561b6	2220614060;2379843874											
Tumor	no	yes	no	no	unknown	unknown	SRR17222958	PRJNA788529	SRP350625	SAMN24011554	SRS11305608	SRX13402557	SRA1343114	9606.0	Homo sapiens	ILLUMINA	Illumina HiSeq 4000	GSM5732642	RNA-Seq	TRANSCRIPTOMIC	cDNA	PAIRED	22635999	6790799700	2022-01-13	2022-01-13		Inflammatory fibroblasts mediate resistance to neoadjuvant therapy in rectal cancer	Illumina HiSeq 4000 sequencing: GSM5732642: GSH_RADONC_RectalCancer_095 Homo sapiens RNA-Seq	GSH_RADONC_RectalCancer_095	GSH_RADONC_RectalCancer_095		ftp.sra.ebi.ac.uk/vol1/fastq/SRR172/058/SRR17222958/SRR17222958_1.fastq.gz;ftp.sra.ebi.ac.uk/vol1/fastq/SRR172/058/SRR17222958/SRR17222958_2.fastq.gz	357c3c15429cbde3e0a9f10558cbf41f;6ab5ba6b99839f51fb9a96bf59de08f2	1409807782;1548133519				Homo sapiens	9606.0	RNA-Seq	TRANSCRIPTOMIC	cDNA	PAIRED	SAMN24011554	PRJNA788529
Tumor	no	yes	no	no	unknown	unknown	SRR17222965	PRJNA788529	SRP350625	SAMN24011561	SRS11305601	SRX13402550	SRA1343114	9606.0	Homo sapiens	ILLUMINA	Illumina HiSeq 4000	GSM5732635	RNA-Seq	TRANSCRIPTOMIC	cDNA	PAIRED	52429438	15728831400	2022-01-13	2022-01-13		Inflammatory fibroblasts mediate resistance to neoadjuvant therapy in rectal cancer	Illumina HiSeq 4000 sequencing: GSM5732635: GSH_RADONC_RectalCancer_088 Homo sapiens RNA-Seq	GSH_RADONC_RectalCancer_088	GSH_RADONC_RectalCancer_088		ftp.sra.ebi.ac.uk/vol1/fastq/SRR172/065/SRR17222965/SRR17222965_1.fastq.gz;ftp.sra.ebi.ac.uk/vol1/fastq/SRR172/065/SRR17222965/SRR17222965_2.fastq.gz	d2ba4cb0263b0cb1b9d93cf5c5ebb816;cdb9f6d7547046c6c547c264cb7d6732	3243066970;3411991855				Homo sapiens	9606.0	RNA-Seq	TRANSCRIPTOMIC	cDNA	PAIRED	SAMN24011561	PRJNA788529
Tumor	no	yes	no	no	unknown	unknown	SRR17222969	PRJNA788529	SRP350625	SAMN24011565	SRS11305597	SRX13402546	SRA1343114	9606.0	Homo sapiens	ILLUMINA	Illumina HiSeq 4000	GSM5732631	RNA-Seq	TRANSCRIPTOMIC	cDNA	PAIRED	23129645	6938893500	2022-01-13	2022-01-13		Inflammatory fibroblasts mediate resistance to neoadjuvant therapy in rectal cancer	Illumina HiSeq 4000 sequencing: GSM5732631: GSH_RADONC_RectalCancer_084 Homo sapiens RNA-Seq	GSH_RADONC_RectalCancer_084	GSH_RADONC_RectalCancer_084		ftp.sra.ebi.ac.uk/vol1/fastq/SRR172/069/SRR17222969/SRR17222969_1.fastq.gz;ftp.sra.ebi.ac.uk/vol1/fastq/SRR172/069/SRR17222969/SRR17222969_2.fastq.gz	e7a321d62aae3cae3cbb3eb7ec5afe48;c2405aaa48ba2958a88196d6be29de0c	2024101768;2141778933				Homo sapiens	9606.0	RNA-Seq	TRANSCRIPTOMIC	cDNA	PAIRED	SAMN24011565	PRJNA788529
Tumor	no	yes	no	no	unknown	unknown	SRR17222974	PRJNA788529	SRP350625	SAMN24011596	SRS11305591	SRX13402540	SRA1343114	9606.0	Homo sapiens	ILLUMINA	Illumina HiSeq 4000	GSM5732600	RNA-Seq	TRANSCRIPTOMIC	cDNA	PAIRED	27653235	8295970500	2022-01-13	2022-01-13		Inflammatory fibroblasts mediate resistance to neoadjuvant therapy in rectal cancer	Illumina HiSeq 4000 sequencing: GSM5732600: GSH_RADONC_RectalCancer_053 Homo sapiens RNA-Seq	GSH_RADONC_RectalCancer_053	GSH_RADONC_RectalCancer_053		ftp.sra.ebi.ac.uk/vol1/fastq/SRR172/074/SRR17222974/SRR17222974_1.fastq.gz;ftp.sra.ebi.ac.uk/vol1/fastq/SRR172/074/SRR17222974/SRR17222974_2.fastq.gz	7c777c7d220a9960d0a5c8fc4cd8b541;3501d0cee5814c54530d6eeb2122d163	1731458351;1839625140				Homo sapiens	9606.0	RNA-Seq	TRANSCRIPTOMIC	cDNA	PAIRED	SAMN24011596	PRJNA788529
Tumor	no	yes	no	no	unknown	unknown	SRR17222981	PRJNA788529	SRP350625	SAMN24011603	SRS11305584	SRX13402533	SRA1343114	9606.0	Homo sapiens	ILLUMINA	Illumina HiSeq 4000	GSM5732593	RNA-Seq	TRANSCRIPTOMIC	cDNA	PAIRED	32995337	9898601100	2022-01-13	2022-01-13		Inflammatory fibroblasts mediate resistance to neoadjuvant therapy in rectal cancer	Illumina HiSeq 4000 sequencing: GSM5732593: GSH_RADONC_RectalCancer_046 Homo sapiens RNA-Seq	GSH_RADONC_RectalCancer_046	GSH_RADONC_RectalCancer_046		ftp.sra.ebi.ac.uk/vol1/fastq/SRR172/081/SRR17222981/SRR17222981_1.fastq.gz;ftp.sra.ebi.ac.uk/vol1/fastq/SRR172/081/SRR17222981/SRR17222981_2.fastq.gz	d271f749224b3b0a21a85c2ccf81b637;8aad9a19ef3264de539de0f0354063ad	2038312559;2153777183				Homo sapiens	9606.0	RNA-Seq	TRANSCRIPTOMIC	cDNA	PAIRED	SAMN24011603	PRJNA788529
Tumor	no	yes	no	no	unknown	unknown	SRR17222991	PRJNA788529	SRP350625	SAMN24011613	SRS11305574	SRX13402523	SRA1343114	9606.0	Homo sapiens	ILLUMINA	Illumina HiSeq 4000	GSM5732583	RNA-Seq	TRANSCRIPTOMIC	cDNA	PAIRED	38104323	11431296900	2022-01-13	2022-01-13		Inflammatory fibroblasts mediate resistance to neoadjuvant therapy in rectal cancer	Illumina HiSeq 4000 sequencing: GSM5732583: GSH_RADONC_RectalCancer_036 Homo sapiens RNA-Seq	GSH_RADONC_RectalCancer_036	GSH_RADONC_RectalCancer_036		ftp.sra.ebi.ac.uk/vol1/fastq/SRR172/091/SRR17222991/SRR17222991_1.fastq.gz;ftp.sra.ebi.ac.uk/vol1/fastq/SRR172/091/SRR17222991/SRR17222991_2.fastq.gz	3b7d3b3d0bc99d12b1746c59c696bf55;887e378f20d075de746b040d84e2a6e9	2270593028;2421882927				Homo sapiens	9606.0	RNA-Seq	TRANSCRIPTOMIC	cDNA	PAIRED	SAMN24011613	PRJNA788529
Tumor	no	yes	no	no	unknown	unknown	SRR17222994	PRJNA788529	SRP350625	SAMN24011616	SRS11305571	SRX13402520	SRA1343114	9606.0	Homo sapiens	ILLUMINA	Illumina HiSeq 4000	GSM5732580	RNA-Seq	TRANSCRIPTOMIC	cDNA	PAIRED	35346465	10603939500	2022-01-13	2022-01-13		Inflammatory fibroblasts mediate resistance to neoadjuvant therapy in rectal cancer	Illumina HiSeq 4000 sequencing: GSM5732580: GSH_RADONC_RectalCancer_033 Homo sapiens RNA-Seq	GSH_RADONC_RectalCancer_033	GSH_RADONC_RectalCancer_033		ftp.sra.ebi.ac.uk/vol1/fastq/SRR172/094/SRR17222994/SRR17222994_1.fastq.gz;ftp.sra.ebi.ac.uk/vol1/fastq/SRR172/094/SRR17222994/SRR17222994_2.fastq.gz	9464119fc9bfe21872a521526aed9392;62682cae53acc436482956be956e2dc2	2150054007;2308013207				Homo sapiens	9606.0	RNA-Seq	TRANSCRIPTOMIC	cDNA	PAIRED	SAMN24011616	PRJNA788529
Tumor	no	yes	no	no	unknown	unknown	SRR17223002	PRJNA788529	SRP350625	SAMN24011624	SRS11305563	SRX13402512	SRA1343114	9606.0	Homo sapiens	ILLUMINA	Illumina HiSeq 4000	GSM5732572	RNA-Seq	TRANSCRIPTOMIC	cDNA	PAIRED	35333435	10600030500	2022-01-13	2022-01-13		Inflammatory fibroblasts mediate resistance to neoadjuvant therapy in rectal cancer	Illumina HiSeq 4000 sequencing: GSM5732572: GSH_RADONC_RectalCancer_025 Homo sapiens RNA-Seq	GSH_RADONC_RectalCancer_025	GSH_RADONC_RectalCancer_025		ftp.sra.ebi.ac.uk/vol1/fastq/SRR172/002/SRR17223002/SRR17223002_1.fastq.gz;ftp.sra.ebi.ac.uk/vol1/fastq/SRR172/002/SRR17223002/SRR17223002_2.fastq.gz	7ef2730a46ae871c08762dacbe9b96b7;2f609ae5baa67c48ff69cae41c04d1d5	1947083384;2150282676				Homo sapiens	9606.0	RNA-Seq	TRANSCRIPTOMIC	cDNA	PAIRED	SAMN24011624	PRJNA788529
Tumor	no	yes	no	no	unknown	unknown	SRR17223007	PRJNA788529	SRP350625	SAMN24011629	SRS11305558	SRX13402507	SRA1343114	9606.0	Homo sapiens	ILLUMINA	Illumina HiSeq 4000	GSM5732567	RNA-Seq	TRANSCRIPTOMIC	cDNA	PAIRED	35488542	10646562600	2022-01-13	2022-01-13		Inflammatory fibroblasts mediate resistance to neoadjuvant therapy in rectal cancer	Illumina HiSeq 4000 sequencing: GSM5732567: GSH_RADONC_RectalCancer_020 Homo sapiens RNA-Seq	GSH_RADONC_RectalCancer_020	GSH_RADONC_RectalCancer_020		ftp.sra.ebi.ac.uk/vol1/fastq/SRR172/007/SRR17223007/SRR17223007_1.fastq.gz;ftp.sra.ebi.ac.uk/vol1/fastq/SRR172/007/SRR17223007/SRR17223007_2.fastq.gz	6b0c6f5c67fd9297a0bf92f59ede13cc;4aa6641c8bcefc17e37f88be92576f2f	2163186708;2306073736				Homo sapiens	9606.0	RNA-Seq	TRANSCRIPTOMIC	cDNA	PAIRED	SAMN24011629	PRJNA788529
Tumor	no	yes	no	no	unknown	unknown	SRR17223009	PRJNA788529	SRP350625	SAMN24011631	SRS11305556	SRX13402505	SRA1343114	9606.0	Homo sapiens	ILLUMINA	Illumina HiSeq 4000	GSM5732565	RNA-Seq	TRANSCRIPTOMIC	cDNA	PAIRED	36137535	10841260500	2022-01-13	2022-01-13		Inflammatory fibroblasts mediate resistance to neoadjuvant therapy in rectal cancer	Illumina HiSeq 4000 sequencing: GSM5732565: GSH_RADONC_RectalCancer_018 Homo sapiens RNA-Seq	GSH_RADONC_RectalCancer_018	GSH_RADONC_RectalCancer_018		ftp.sra.ebi.ac.uk/vol1/fastq/SRR172/009/SRR17223009/SRR17223009_1.fastq.gz;ftp.sra.ebi.ac.uk/vol1/fastq/SRR172/009/SRR17223009/SRR17223009_2.fastq.gz	398c8f7d14bc3984c7d17ee38bd63f7a;b9e7fb3ebadcb78acf462141067a28b2	2149868476;2302514223				Homo sapiens	9606.0	RNA-Seq	TRANSCRIPTOMIC	cDNA	PAIRED	SAMN24011631	PRJNA788529
Tumor	no	yes	no	no	unknown	unknown	SRR17223013	PRJNA788529	SRP350625	SAMN24011635	SRS11305551	SRX13402501	SRA1343114	9606.0	Homo sapiens	ILLUMINA	Illumina HiSeq 4000	GSM5732561	RNA-Seq	TRANSCRIPTOMIC	cDNA	PAIRED	36266359	10879907700	2022-01-13	2022-01-13		Inflammatory fibroblasts mediate resistance to neoadjuvant therapy in rectal cancer	Illumina HiSeq 4000 sequencing: GSM5732561: GSH_RADONC_RectalCancer_014 Homo sapiens RNA-Seq	GSH_RADONC_RectalCancer_014	GSH_RADONC_RectalCancer_014		ftp.sra.ebi.ac.uk/vol1/fastq/SRR172/013/SRR17223013/SRR17223013_1.fastq.gz;ftp.sra.ebi.ac.uk/vol1/fastq/SRR172/013/SRR17223013/SRR17223013_2.fastq.gz	2764ef2b1a1d62d8abfedc4ffcb40d09;80509569458008ec9f7b7633751c0a03	2032185597;2240724994				Homo sapiens	9606.0	RNA-Seq	TRANSCRIPTOMIC	cDNA	PAIRED	SAMN24011635	PRJNA788529
Tumor	no	yes	no	no	unknown	unknown	SRR17223018	PRJNA788529	SRP350625	SAMN24011640	SRS11305549	SRX13402496	SRA1343114	9606.0	Homo sapiens	ILLUMINA	Illumina HiSeq 4000	GSM5732556	RNA-Seq	TRANSCRIPTOMIC	cDNA	PAIRED	45589519	13676855700	2022-01-13	2022-01-13		Inflammatory fibroblasts mediate resistance to neoadjuvant therapy in rectal cancer	Illumina HiSeq 4000 sequencing: GSM5732556: GSH_RADONC_RectalCancer_009 Homo sapiens RNA-Seq	GSH_RADONC_RectalCancer_009	GSH_RADONC_RectalCancer_009		ftp.sra.ebi.ac.uk/vol1/fastq/SRR172/018/SRR17223018/SRR17223018_1.fastq.gz;ftp.sra.ebi.ac.uk/vol1/fastq/SRR172/018/SRR17223018/SRR17223018_2.fastq.gz	21ff83aced1c7174c6d794874b435988;685155c9a01b8e4ba2c17b40d33f9451	2540703202;2687120004				Homo sapiens	9606.0	RNA-Seq	TRANSCRIPTOMIC	cDNA	PAIRED	SAMN24011640	PRJNA788529
Tumor	no	yes	no	no	unknown	unknown	SRR17223024	PRJNA788529	SRP350625	SAMN24011646	SRS11305544	SRX13402490	SRA1343114	9606.0	Homo sapiens	ILLUMINA	Illumina HiSeq 4000	GSM5732550	RNA-Seq	TRANSCRIPTOMIC	cDNA	PAIRED	26072955	7821886500	2022-01-13	2022-01-13		Inflammatory fibroblasts mediate resistance to neoadjuvant therapy in rectal cancer	Illumina HiSeq 4000 sequencing: GSM5732550: GSH_RADONC_RectalCancer_003 Homo sapiens RNA-Seq	GSH_RADONC_RectalCancer_003	GSH_RADONC_RectalCancer_003		ftp.sra.ebi.ac.uk/vol1/fastq/SRR172/024/SRR17223024/SRR17223024_1.fastq.gz;ftp.sra.ebi.ac.uk/vol1/fastq/SRR172/024/SRR17223024/SRR17223024_2.fastq.gz	d0de79e4b5288dfc2ddab9d5b0b4db12;0d33fb5b230d0a563c2d1470b7a04387	2312704009;2488416236				Homo sapiens	9606.0	RNA-Seq	TRANSCRIPTOMIC	cDNA	PAIRED	SAMN24011646	PRJNA788529
Tumor	no	yes	no	no	unknown	unknown	SRR17222917	PRJNA788529	SRP350625	SAMN24011573	SRS11305647	SRX13402597	SRA1343114	9606.0	Homo sapiens	ILLUMINA	Illumina HiSeq 4000	GSM5732623	RNA-Seq	TRANSCRIPTOMIC	cDNA	PAIRED	42710901	12813270300	2022-01-13	2022-01-13		Inflammatory fibroblasts mediate resistance to neoadjuvant therapy in rectal cancer	Illumina HiSeq 4000 sequencing: GSM5732623: GSH_RADONC_RectalCancer_076 Homo sapiens RNA-Seq	GSH_RADONC_RectalCancer_076	GSH_RADONC_RectalCancer_076		ftp.sra.ebi.ac.uk/vol1/fastq/SRR172/017/SRR17222917/SRR17222917_1.fastq.gz;ftp.sra.ebi.ac.uk/vol1/fastq/SRR172/017/SRR17222917/SRR17222917_2.fastq.gz	da5527fc4e5f7ab21d870565839e0548;414571795480e4fa63afb9dd144ec138	2678753063;2748678668				Homo sapiens	9606.0	RNA-Seq	TRANSCRIPTOMIC	cDNA	PAIRED	SAMN24011573	PRJNA788529
Tumor	no	yes	no	no	unknown	unknown	SRR17222925	PRJNA788529	SRP350625	SAMN24011581	SRS11305640	SRX13402589	SRA1343114	9606.0	Homo sapiens	ILLUMINA	Illumina HiSeq 4000	GSM5732615	RNA-Seq	TRANSCRIPTOMIC	cDNA	PAIRED	36156027	10846808100	2022-01-13	2022-01-13		Inflammatory fibroblasts mediate resistance to neoadjuvant therapy in rectal cancer	Illumina HiSeq 4000 sequencing: GSM5732615: GSH_RADONC_RectalCancer_068 Homo sapiens RNA-Seq	GSH_RADONC_RectalCancer_068	GSH_RADONC_RectalCancer_068		ftp.sra.ebi.ac.uk/vol1/fastq/SRR172/025/SRR17222925/SRR17222925_1.fastq.gz;ftp.sra.ebi.ac.uk/vol1/fastq/SRR172/025/SRR17222925/SRR17222925_2.fastq.gz	876d6db3cfa6cb56ec4a5ea125fe5680;79fc17b7c9ee71582bfcb56ad0967c45	2218498793;2382793465											
Tumor	no	yes	no	no	unknown	unknown	SRR17222935	PRJNA788529	SRP350625	SAMN24011532	SRS11305629	SRX13402579	SRA1343114	9606.0	Homo sapiens	ILLUMINA	Illumina HiSeq 4000	GSM5732664	RNA-Seq	TRANSCRIPTOMIC	cDNA	PAIRED	39760968	11928290400	2022-01-13	2022-01-13		Inflammatory fibroblasts mediate resistance to neoadjuvant therapy in rectal cancer	Illumina HiSeq 4000 sequencing: GSM5732664: GSH_RADONC_RectalCancer_117 Homo sapiens RNA-Seq	GSH_RADONC_RectalCancer_117	GSH_RADONC_RectalCancer_117		ftp.sra.ebi.ac.uk/vol1/fastq/SRR172/035/SRR17222935/SRR17222935_1.fastq.gz;ftp.sra.ebi.ac.uk/vol1/fastq/SRR172/035/SRR17222935/SRR17222935_2.fastq.gz	57bde3a2f7d1ec8b237e1f7df2866449;8190d2d89d2b3564376eb946db7c7062	2239713176;2330831760				Homo sapiens	9606.0	RNA-Seq	TRANSCRIPTOMIC	cDNA	PAIRED	SAMN24011532	PRJNA788529
Tumor	no	yes	no	no	unknown	unknown	SRR17222936	PRJNA788529	SRP350625	SAMN24011591	SRS11305596	SRX13402545	SRA1343114	9606.0	Homo sapiens	ILLUMINA	Illumina HiSeq 4000	GSM5732605	RNA-Seq	TRANSCRIPTOMIC	cDNA	PAIRED	33342026	10002607800	2022-01-13	2022-01-13		Inflammatory fibroblasts mediate resistance to neoadjuvant therapy in rectal cancer	Illumina HiSeq 4000 sequencing: GSM5732605: GSH_RADONC_RectalCancer_058 Homo sapiens RNA-Seq	GSH_RADONC_RectalCancer_058	GSH_RADONC_RectalCancer_058		ftp.sra.ebi.ac.uk/vol1/fastq/SRR172/036/SRR17222936/SRR17222936_1.fastq.gz;ftp.sra.ebi.ac.uk/vol1/fastq/SRR172/036/SRR17222936/SRR17222936_2.fastq.gz	864288a93c36db6f0830b97d0ef6e35e;a9d4b94c84f053a28f88c8f4089177e3	1905243301;2075001084				Homo sapiens	9606.0	RNA-Seq	TRANSCRIPTOMIC	cDNA	PAIRED	SAMN24011591	PRJNA788529
Tumor	no	yes	no	no	unknown	unknown	SRR17222940	PRJNA788529	SRP350625	SAMN24011536	SRS11305626	SRX13402575	SRA1343114	9606.0	Homo sapiens	ILLUMINA	Illumina HiSeq 4000	GSM5732660	RNA-Seq	TRANSCRIPTOMIC	cDNA	PAIRED	47083337	14125001100	2022-01-13	2022-01-13		Inflammatory fibroblasts mediate resistance to neoadjuvant therapy in rectal cancer	Illumina HiSeq 4000 sequencing: GSM5732660: GSH_RADONC_RectalCancer_113 Homo sapiens RNA-Seq	GSH_RADONC_RectalCancer_113	GSH_RADONC_RectalCancer_113		ftp.sra.ebi.ac.uk/vol1/fastq/SRR172/040/SRR17222940/SRR17222940_1.fastq.gz;ftp.sra.ebi.ac.uk/vol1/fastq/SRR172/040/SRR17222940/SRR17222940_2.fastq.gz	84aec63f960dd6cdf4644045e88f6d33;712f077ffea6fb06493518c91be02ffe	2847050828;2974137356				Homo sapiens	9606.0	RNA-Seq	TRANSCRIPTOMIC	cDNA	PAIRED	SAMN24011536	PRJNA788529
Tumor	no	yes	no	no	unknown	unknown	SRR17222949	PRJNA788529	SRP350625	SAMN24011545	SRS11305617	SRX13402566	SRA1343114	9606.0	Homo sapiens	ILLUMINA	Illumina HiSeq 4000	GSM5732651	RNA-Seq	TRANSCRIPTOMIC	cDNA	PAIRED	23399897	7019969100	2022-01-13	2022-01-13		Inflammatory fibroblasts mediate resistance to neoadjuvant therapy in rectal cancer	Illumina HiSeq 4000 sequencing: GSM5732651: GSH_RADONC_RectalCancer_104 Homo sapiens RNA-Seq	GSH_RADONC_RectalCancer_104	GSH_RADONC_RectalCancer_104		ftp.sra.ebi.ac.uk/vol1/fastq/SRR172/049/SRR17222949/SRR17222949_1.fastq.gz;ftp.sra.ebi.ac.uk/vol1/fastq/SRR172/049/SRR17222949/SRR17222949_2.fastq.gz	2590ba92a8120c4737f0e8b02c7d20c1;c888b3a220ae11a77ec841c4cf4c6b78	2093992764;2255892291				Homo sapiens	9606.0	RNA-Seq	TRANSCRIPTOMIC	cDNA	PAIRED	SAMN24011545	PRJNA788529
Tumor	no	yes	no	no	unknown	unknown	SRR17222968	PRJNA788529	SRP350625	SAMN24011564	SRS11305598	SRX13402547	SRA1343114	9606.0	Homo sapiens	ILLUMINA	Illumina HiSeq 4000	GSM5732632	RNA-Seq	TRANSCRIPTOMIC	cDNA	PAIRED	43119409	12935822700	2022-01-13	2022-01-13		Inflammatory fibroblasts mediate resistance to neoadjuvant therapy in rectal cancer	Illumina HiSeq 4000 sequencing: GSM5732632: GSH_RADONC_RectalCancer_085 Homo sapiens RNA-Seq	GSH_RADONC_RectalCancer_085	GSH_RADONC_RectalCancer_085		ftp.sra.ebi.ac.uk/vol1/fastq/SRR172/068/SRR17222968/SRR17222968_1.fastq.gz;ftp.sra.ebi.ac.uk/vol1/fastq/SRR172/068/SRR17222968/SRR17222968_2.fastq.gz	a159d8b39f232eae9d3e50a873abefc5;081ed2cb72b93587bfb5a97a47b5286c	2700709816;2832041631				Homo sapiens	9606.0	RNA-Seq	TRANSCRIPTOMIC	cDNA	PAIRED	SAMN24011564	PRJNA788529
Tumor	no	yes	no	no	unknown	unknown	SRR17222976	PRJNA788529	SRP350625	SAMN24011598	SRS11305589	SRX13402538	SRA1343114	9606.0	Homo sapiens	ILLUMINA	Illumina HiSeq 4000	GSM5732598	RNA-Seq	TRANSCRIPTOMIC	cDNA	PAIRED	31005780	9301734000	2022-01-13	2022-01-13		Inflammatory fibroblasts mediate resistance to neoadjuvant therapy in rectal cancer	Illumina HiSeq 4000 sequencing: GSM5732598: GSH_RADONC_RectalCancer_051 Homo sapiens RNA-Seq	GSH_RADONC_RectalCancer_051	GSH_RADONC_RectalCancer_051		ftp.sra.ebi.ac.uk/vol1/fastq/SRR172/076/SRR17222976/SRR17222976_1.fastq.gz;ftp.sra.ebi.ac.uk/vol1/fastq/SRR172/076/SRR17222976/SRR17222976_2.fastq.gz	b07254141a55096a13640c2972227ed8;41a6383a2a6d43fbb7e530f2dc37c5e7	1854043354;2000517842											
Tumor	no	yes	no	no	unknown	unknown	SRR17222985	PRJNA788529	SRP350625	SAMN24011607	SRS11305580	SRX13402529	SRA1343114	9606.0	Homo sapiens	ILLUMINA	Illumina HiSeq 4000	GSM5732589	RNA-Seq	TRANSCRIPTOMIC	cDNA	PAIRED	29735129	8920538700	2022-01-13	2022-01-13		Inflammatory fibroblasts mediate resistance to neoadjuvant therapy in rectal cancer	Illumina HiSeq 4000 sequencing: GSM5732589: GSH_RADONC_RectalCancer_042 Homo sapiens RNA-Seq	GSH_RADONC_RectalCancer_042	GSH_RADONC_RectalCancer_042		ftp.sra.ebi.ac.uk/vol1/fastq/SRR172/085/SRR17222985/SRR17222985_1.fastq.gz;ftp.sra.ebi.ac.uk/vol1/fastq/SRR172/085/SRR17222985/SRR17222985_2.fastq.gz	c14cbddbc6f11da9258da05f2d6ea2a2;82d35f7b698c3640c33f9aa668d2c100	1793895918;1925022926											
Tumor	no	yes	no	no	unknown	unknown	SRR17222993	PRJNA788529	SRP350625	SAMN24011615	SRS11305572	SRX13402521	SRA1343114	9606.0	Homo sapiens	ILLUMINA	Illumina HiSeq 4000	GSM5732581	RNA-Seq	TRANSCRIPTOMIC	cDNA	PAIRED	37669182	11300754600	2022-01-13	2022-01-13		Inflammatory fibroblasts mediate resistance to neoadjuvant therapy in rectal cancer	Illumina HiSeq 4000 sequencing: GSM5732581: GSH_RADONC_RectalCancer_034 Homo sapiens RNA-Seq	GSH_RADONC_RectalCancer_034	GSH_RADONC_RectalCancer_034		ftp.sra.ebi.ac.uk/vol1/fastq/SRR172/093/SRR17222993/SRR17222993_1.fastq.gz;ftp.sra.ebi.ac.uk/vol1/fastq/SRR172/093/SRR17222993/SRR17222993_2.fastq.gz	c9b31d5044133b68fb17df0410db3668;f52c8d771d7bc0f544e3a6f85a56c47a	2035886276;2251723851				Homo sapiens	9606.0	RNA-Seq	TRANSCRIPTOMIC	cDNA	PAIRED	SAMN24011615	PRJNA788529
Tumor	no	yes	no	no	unknown	unknown	SRR17223000	PRJNA788529	SRP350625	SAMN24011622	SRS11305565	SRX13402514	SRA1343114	9606.0	Homo sapiens	ILLUMINA	Illumina HiSeq 4000	GSM5732574	RNA-Seq	TRANSCRIPTOMIC	cDNA	PAIRED	33043135	9912940500	2022-01-13	2022-01-13		Inflammatory fibroblasts mediate resistance to neoadjuvant therapy in rectal cancer	Illumina HiSeq 4000 sequencing: GSM5732574: GSH_RADONC_RectalCancer_027 Homo sapiens RNA-Seq	GSH_RADONC_RectalCancer_027	GSH_RADONC_RectalCancer_027		ftp.sra.ebi.ac.uk/vol1/fastq/SRR172/000/SRR17223000/SRR17223000_1.fastq.gz;ftp.sra.ebi.ac.uk/vol1/fastq/SRR172/000/SRR17223000/SRR17223000_2.fastq.gz	61eeacfe707022dcb12929c1e5aefb33;59e9959ef66709fd91e4da91cb5d9604	1767493872;1959301013				Homo sapiens	9606.0	RNA-Seq	TRANSCRIPTOMIC	cDNA	PAIRED	SAMN24011622	PRJNA788529
Tumor	no	yes	no	no	unknown	unknown	SRR17223003	PRJNA788529	SRP350625	SAMN24011625	SRS11305562	SRX13402511	SRA1343114	9606.0	Homo sapiens	ILLUMINA	Illumina HiSeq 4000	GSM5732571	RNA-Seq	TRANSCRIPTOMIC	cDNA	PAIRED	31654429	9496328700	2022-01-13	2022-01-13		Inflammatory fibroblasts mediate resistance to neoadjuvant therapy in rectal cancer	Illumina HiSeq 4000 sequencing: GSM5732571: GSH_RADONC_RectalCancer_024 Homo sapiens RNA-Seq	GSH_RADONC_RectalCancer_024	GSH_RADONC_RectalCancer_024		ftp.sra.ebi.ac.uk/vol1/fastq/SRR172/003/SRR17223003/SRR17223003_1.fastq.gz;ftp.sra.ebi.ac.uk/vol1/fastq/SRR172/003/SRR17223003/SRR17223003_2.fastq.gz	621a7be56c550af493706994250346a6;a5537a2600ceea611eb2e08c757024df	1942150691;2093313483				Homo sapiens	9606.0	RNA-Seq	TRANSCRIPTOMIC	cDNA	PAIRED	SAMN24011625	PRJNA788529
Tumor	no	yes	no	no	unknown	unknown	SRR17223006	PRJNA788529	SRP350625	SAMN24011628	SRS11305559	SRX13402508	SRA1343114	9606.0	Homo sapiens	ILLUMINA	Illumina HiSeq 4000	GSM5732568	RNA-Seq	TRANSCRIPTOMIC	cDNA	PAIRED	22786614	6835984200	2022-01-13	2022-01-13		Inflammatory fibroblasts mediate resistance to neoadjuvant therapy in rectal cancer	Illumina HiSeq 4000 sequencing: GSM5732568: GSH_RADONC_RectalCancer_021 Homo sapiens RNA-Seq	GSH_RADONC_RectalCancer_021	GSH_RADONC_RectalCancer_021		ftp.sra.ebi.ac.uk/vol1/fastq/SRR172/006/SRR17223006/SRR17223006_1.fastq.gz;ftp.sra.ebi.ac.uk/vol1/fastq/SRR172/006/SRR17223006/SRR17223006_2.fastq.gz	4843ace29b91bdb3a153fde756e052b2;e3a173fd552831a586059ed1b36f2fff	2024555119;2174126941				Homo sapiens	9606.0	RNA-Seq	TRANSCRIPTOMIC	cDNA	PAIRED	SAMN24011628	PRJNA788529
Tumor	no	yes	no	no	unknown	unknown	SRR17223008	PRJNA788529	SRP350625	SAMN24011630	SRS11305557	SRX13402506	SRA1343114	9606.0	Homo sapiens	ILLUMINA	Illumina HiSeq 4000	GSM5732566	RNA-Seq	TRANSCRIPTOMIC	cDNA	PAIRED	37983192	11394957600	2022-01-13	2022-01-13		Inflammatory fibroblasts mediate resistance to neoadjuvant therapy in rectal cancer	Illumina HiSeq 4000 sequencing: GSM5732566: GSH_RADONC_RectalCancer_019 Homo sapiens RNA-Seq	GSH_RADONC_RectalCancer_019	GSH_RADONC_RectalCancer_019		ftp.sra.ebi.ac.uk/vol1/fastq/SRR172/008/SRR17223008/SRR17223008_1.fastq.gz;ftp.sra.ebi.ac.uk/vol1/fastq/SRR172/008/SRR17223008/SRR17223008_2.fastq.gz	e8d39d027fdede960eee24af2dfddfdc;ff8889145a2e80697b238971d9a64850	2180808472;2388450206				Homo sapiens	9606.0	RNA-Seq	TRANSCRIPTOMIC	cDNA	PAIRED	SAMN24011630	PRJNA788529
Tumor	no	yes	no	no	unknown	unknown	SRR17223010	PRJNA788529	SRP350625	SAMN24011632	SRS11305554	SRX13402504	SRA1343114	9606.0	Homo sapiens	ILLUMINA	Illumina HiSeq 4000	GSM5732564	RNA-Seq	TRANSCRIPTOMIC	cDNA	PAIRED	33638391	10091517300	2022-01-13	2022-01-13		Inflammatory fibroblasts mediate resistance to neoadjuvant therapy in rectal cancer	Illumina HiSeq 4000 sequencing: GSM5732564: GSH_RADONC_RectalCancer_017 Homo sapiens RNA-Seq	GSH_RADONC_RectalCancer_017	GSH_RADONC_RectalCancer_017		ftp.sra.ebi.ac.uk/vol1/fastq/SRR172/010/SRR17223010/SRR17223010_1.fastq.gz;ftp.sra.ebi.ac.uk/vol1/fastq/SRR172/010/SRR17223010/SRR17223010_2.fastq.gz	1fd7b10d1298de60463b492fcae003c3;77186506058a5fb55042d7b086fedf86	1905138128;2095616628				Homo sapiens	9606.0	RNA-Seq	TRANSCRIPTOMIC	cDNA	PAIRED	SAMN24011632	PRJNA788529
Tumor	no	yes	no	no	unknown	unknown	SRR17223012	PRJNA788529	SRP350625	SAMN24011634	SRS11305553	SRX13402502	SRA1343114	9606.0	Homo sapiens	ILLUMINA	Illumina HiSeq 4000	GSM5732562	RNA-Seq	TRANSCRIPTOMIC	cDNA	PAIRED	30618159	9185447700	2022-01-13	2022-01-13		Inflammatory fibroblasts mediate resistance to neoadjuvant therapy in rectal cancer	Illumina HiSeq 4000 sequencing: GSM5732562: GSH_RADONC_RectalCancer_015 Homo sapiens RNA-Seq	GSH_RADONC_RectalCancer_015	GSH_RADONC_RectalCancer_015		ftp.sra.ebi.ac.uk/vol1/fastq/SRR172/012/SRR17223012/SRR17223012_1.fastq.gz;ftp.sra.ebi.ac.uk/vol1/fastq/SRR172/012/SRR17223012/SRR17223012_2.fastq.gz	1b69d615bd6c000d5790b6c7a8f2dd11;f8f80b0af69320f752b8b6c05dc64b1d	1790487728;1965512592				Homo sapiens	9606.0	RNA-Seq	TRANSCRIPTOMIC	cDNA	PAIRED	SAMN24011634	PRJNA788529
Tumor	no	yes	no	no	unknown	unknown	SRR17223016	PRJNA788529	SRP350625	SAMN24011638	SRS11306362	SRX13402498	SRA1343114	9606.0	Homo sapiens	ILLUMINA	Illumina HiSeq 4000	GSM5732558	RNA-Seq	TRANSCRIPTOMIC	cDNA	PAIRED	29310627	8793188100	2022-01-13	2022-01-13		Inflammatory fibroblasts mediate resistance to neoadjuvant therapy in rectal cancer	Illumina HiSeq 4000 sequencing: GSM5732558: GSH_RADONC_RectalCancer_011 Homo sapiens RNA-Seq	GSH_RADONC_RectalCancer_011	GSH_RADONC_RectalCancer_011		ftp.sra.ebi.ac.uk/vol1/fastq/SRR172/016/SRR17223016/SRR17223016_1.fastq.gz;ftp.sra.ebi.ac.uk/vol1/fastq/SRR172/016/SRR17223016/SRR17223016_2.fastq.gz	36a3a8dce9102286b6f693e9234ed6f1;a2712bc8fc909cb20b7b7ad54e017749	2646836273;2848716617				Homo sapiens	9606.0	RNA-Seq	TRANSCRIPTOMIC	cDNA	PAIRED	SAMN24011638	PRJNA788529
Tumor	no	yes	no	no	unknown	unknown	SRR17223021	PRJNA788529	SRP350625	SAMN24011643	SRS11305546	SRX13402493	SRA1343114	9606.0	Homo sapiens	ILLUMINA	Illumina HiSeq 4000	GSM5732553	RNA-Seq	TRANSCRIPTOMIC	cDNA	PAIRED	29165398	8749619400	2022-01-13	2022-01-13		Inflammatory fibroblasts mediate resistance to neoadjuvant therapy in rectal cancer	Illumina HiSeq 4000 sequencing: GSM5732553: GSH_RADONC_RectalCancer_006 Homo sapiens RNA-Seq	GSH_RADONC_RectalCancer_006	GSH_RADONC_RectalCancer_006		ftp.sra.ebi.ac.uk/vol1/fastq/SRR172/021/SRR17223021/SRR17223021_1.fastq.gz;ftp.sra.ebi.ac.uk/vol1/fastq/SRR172/021/SRR17223021/SRR17223021_2.fastq.gz	6d6ce0736bb7f1b9c8a0b966a9f629b3;fbd59b7d3b11c43cb827baa7111ca002	2621898603;2824047168				Homo sapiens	9606.0	RNA-Seq	TRANSCRIPTOMIC	cDNA	PAIRED	SAMN24011643	PRJNA788529
Tumor	no	yes	no	no	unknown	unknown	SRR17223026	PRJNA788529	SRP350625	SAMN24011648	SRS11305541	SRX13402488	SRA1343114	9606.0	Homo sapiens	ILLUMINA	Illumina HiSeq 4000	GSM5732548	RNA-Seq	TRANSCRIPTOMIC	cDNA	PAIRED	43442918	13032875400	2022-01-13	2022-01-13		Inflammatory fibroblasts mediate resistance to neoadjuvant therapy in rectal cancer	Illumina HiSeq 4000 sequencing: GSM5732548: GSH_RADONC_RectalCancer_001 Homo sapiens RNA-Seq	GSH_RADONC_RectalCancer_001	GSH_RADONC_RectalCancer_001		ftp.sra.ebi.ac.uk/vol1/fastq/SRR172/026/SRR17223026/SRR17223026_1.fastq.gz;ftp.sra.ebi.ac.uk/vol1/fastq/SRR172/026/SRR17223026/SRR17223026_2.fastq.gz	8b4b3e91fb4c3824bfe419000d711006;4bad2139c1920941f389f87635ee630d	2698418520;2722098113											
Tumor	no	yes	no	no	unknown	unknown	SRR17222914	PRJNA788529	SRP350625	SAMN24011570	SRS11305651	SRX13402600	SRA1343114	9606.0	Homo sapiens	ILLUMINA	Illumina HiSeq 4000	GSM5732626	RNA-Seq	TRANSCRIPTOMIC	cDNA	PAIRED	47383350	14215005000	2022-01-13	2022-01-13		Inflammatory fibroblasts mediate resistance to neoadjuvant therapy in rectal cancer	Illumina HiSeq 4000 sequencing: GSM5732626: GSH_RADONC_RectalCancer_079 Homo sapiens RNA-Seq	GSH_RADONC_RectalCancer_079	GSH_RADONC_RectalCancer_079		ftp.sra.ebi.ac.uk/vol1/fastq/SRR172/014/SRR17222914/SRR17222914_1.fastq.gz;ftp.sra.ebi.ac.uk/vol1/fastq/SRR172/014/SRR17222914/SRR17222914_2.fastq.gz	b97c8f8f67e6b7eb0a2c5cce9b4b6dec;c2ff3a7038f1107008ae6898deaceee7	2798627284;2925642167				Homo sapiens	9606.0	RNA-Seq	TRANSCRIPTOMIC	cDNA	PAIRED	SAMN24011570	PRJNA788529
Tumor	no	yes	no	no	unknown	unknown	SRR17222920	PRJNA788529	SRP350625	SAMN24011576	SRS11305645	SRX13402594	SRA1343114	9606.0	Homo sapiens	ILLUMINA	Illumina HiSeq 4000	GSM5732620	RNA-Seq	TRANSCRIPTOMIC	cDNA	PAIRED	52547630	15764289000	2022-01-13	2022-01-13		Inflammatory fibroblasts mediate resistance to neoadjuvant therapy in rectal cancer	Illumina HiSeq 4000 sequencing: GSM5732620: GSH_RADONC_RectalCancer_073 Homo sapiens RNA-Seq	GSH_RADONC_RectalCancer_073	GSH_RADONC_RectalCancer_073		ftp.sra.ebi.ac.uk/vol1/fastq/SRR172/020/SRR17222920/SRR17222920_1.fastq.gz;ftp.sra.ebi.ac.uk/vol1/fastq/SRR172/020/SRR17222920/SRR17222920_2.fastq.gz	4588feb39f0877722b5cb8f4091dd606;2d5e95b1f94a81c364cb1b0ec7ce39ea	3227836622;3357341392				Homo sapiens	9606.0	RNA-Seq	TRANSCRIPTOMIC	cDNA	PAIRED	SAMN24011576	PRJNA788529
Tumor	no	yes	no	no	unknown	unknown	SRR17222921	PRJNA788529	SRP350625	SAMN24011577	SRS11305644	SRX13402593	SRA1343114	9606.0	Homo sapiens	ILLUMINA	Illumina HiSeq 4000	GSM5732619	RNA-Seq	TRANSCRIPTOMIC	cDNA	PAIRED	57993352	17398005600	2022-01-13	2022-01-13		Inflammatory fibroblasts mediate resistance to neoadjuvant therapy in rectal cancer	Illumina HiSeq 4000 sequencing: GSM5732619: GSH_RADONC_RectalCancer_072 Homo sapiens RNA-Seq	GSH_RADONC_RectalCancer_072	GSH_RADONC_RectalCancer_072		ftp.sra.ebi.ac.uk/vol1/fastq/SRR172/021/SRR17222921/SRR17222921_1.fastq.gz;ftp.sra.ebi.ac.uk/vol1/fastq/SRR172/021/SRR17222921/SRR17222921_2.fastq.gz	6306470d8831a0b35e18c976d2e03250;0c8aa589fed710b53f53589393539ca6	3471072652;3630791381				Homo sapiens	9606.0	RNA-Seq	TRANSCRIPTOMIC	cDNA	PAIRED	SAMN24011577	PRJNA788529
Tumor	no	yes	no	no	unknown	unknown	SRR17222929	PRJNA788529	SRP350625	SAMN24011585	SRS11305637	SRX13402585	SRA1343114	9606.0	Homo sapiens	ILLUMINA	Illumina HiSeq 4000	GSM5732611	RNA-Seq	TRANSCRIPTOMIC	cDNA	PAIRED	46173537	13852061100	2022-01-13	2022-01-13		Inflammatory fibroblasts mediate resistance to neoadjuvant therapy in rectal cancer	Illumina HiSeq 4000 sequencing: GSM5732611: GSH_RADONC_RectalCancer_064 Homo sapiens RNA-Seq	GSH_RADONC_RectalCancer_064	GSH_RADONC_RectalCancer_064		ftp.sra.ebi.ac.uk/vol1/fastq/SRR172/029/SRR17222929/SRR17222929_1.fastq.gz;ftp.sra.ebi.ac.uk/vol1/fastq/SRR172/029/SRR17222929/SRR17222929_2.fastq.gz	a266f349fc7817f448eef63b10738bc7;09e9e925cb17866ef2207aed445138a9	2842839282;2967382450				Homo sapiens	9606.0	RNA-Seq	TRANSCRIPTOMIC	cDNA	PAIRED	SAMN24011585	PRJNA788529
Tumor	no	yes	no	no	unknown	unknown	SRR17222934	PRJNA788529	SRP350625	SAMN24011590	SRS11305631	SRX13402580	SRA1343114	9606.0	Homo sapiens	ILLUMINA	Illumina HiSeq 4000	GSM5732606	RNA-Seq	TRANSCRIPTOMIC	cDNA	PAIRED	36265350	10879605000	2022-01-13	2022-01-13		Inflammatory fibroblasts mediate resistance to neoadjuvant therapy in rectal cancer	Illumina HiSeq 4000 sequencing: GSM5732606: GSH_RADONC_RectalCancer_059 Homo sapiens RNA-Seq	GSH_RADONC_RectalCancer_059	GSH_RADONC_RectalCancer_059		ftp.sra.ebi.ac.uk/vol1/fastq/SRR172/034/SRR17222934/SRR17222934_1.fastq.gz;ftp.sra.ebi.ac.uk/vol1/fastq/SRR172/034/SRR17222934/SRR17222934_2.fastq.gz	b8ba4ba84c3c3fef4188a85583e3c78e;ae0e57119a0000b378661abe629b4243	2238138237;2395340093				Homo sapiens	9606.0	RNA-Seq	TRANSCRIPTOMIC	cDNA	PAIRED	SAMN24011590	PRJNA788529
Tumor	no	yes	no	no	unknown	unknown	SRR17222937	PRJNA788529	SRP350625	SAMN24011533	SRS11305630	SRX13402578	SRA1343114	9606.0	Homo sapiens	ILLUMINA	Illumina HiSeq 4000	GSM5732663	RNA-Seq	TRANSCRIPTOMIC	cDNA	PAIRED	24369796	7310938800	2022-01-13	2022-01-13		Inflammatory fibroblasts mediate resistance to neoadjuvant therapy in rectal cancer	Illumina HiSeq 4000 sequencing: GSM5732663: GSH_RADONC_RectalCancer_116 Homo sapiens RNA-Seq	GSH_RADONC_RectalCancer_116	GSH_RADONC_RectalCancer_116		ftp.sra.ebi.ac.uk/vol1/fastq/SRR172/037/SRR17222937/SRR17222937_1.fastq.gz;ftp.sra.ebi.ac.uk/vol1/fastq/SRR172/037/SRR17222937/SRR17222937_2.fastq.gz	d8713047515aad4194d58301dadcba11;2f046fdd014b2c4a75ff87aad884bbc3	1863168782;2022305461				Homo sapiens	9606.0	RNA-Seq	TRANSCRIPTOMIC	cDNA	PAIRED	SAMN24011533	PRJNA788529
Tumor	no	yes	no	no	unknown	unknown	SRR17222956	PRJNA788529	SRP350625	SAMN24011552	SRS11305609	SRX13402559	SRA1343114	9606.0	Homo sapiens	ILLUMINA	Illumina HiSeq 4000	GSM5732644	RNA-Seq	TRANSCRIPTOMIC	cDNA	PAIRED	48678885	14603665500	2022-01-13	2022-01-13		Inflammatory fibroblasts mediate resistance to neoadjuvant therapy in rectal cancer	Illumina HiSeq 4000 sequencing: GSM5732644: GSH_RADONC_RectalCancer_097 Homo sapiens RNA-Seq	GSH_RADONC_RectalCancer_097	GSH_RADONC_RectalCancer_097		ftp.sra.ebi.ac.uk/vol1/fastq/SRR172/056/SRR17222956/SRR17222956_1.fastq.gz;ftp.sra.ebi.ac.uk/vol1/fastq/SRR172/056/SRR17222956/SRR17222956_2.fastq.gz	305b6d377b75929e03a78491cca732d6;037b488c02ebea41e2a2118fc9131828	2627038553;2754455187				Homo sapiens	9606.0	RNA-Seq	TRANSCRIPTOMIC	cDNA	PAIRED	SAMN24011552	PRJNA788529
Tumor	no	yes	no	no	unknown	unknown	SRR17222959	PRJNA788529	SRP350625	SAMN24011555	SRS11305606	SRX13402556	SRA1343114	9606.0	Homo sapiens	ILLUMINA	Illumina HiSeq 4000	GSM5732641	RNA-Seq	TRANSCRIPTOMIC	cDNA	PAIRED	49316526	14794957800	2022-01-13	2022-01-13		Inflammatory fibroblasts mediate resistance to neoadjuvant therapy in rectal cancer	Illumina HiSeq 4000 sequencing: GSM5732641: GSH_RADONC_RectalCancer_094 Homo sapiens RNA-Seq	GSH_RADONC_RectalCancer_094	GSH_RADONC_RectalCancer_094		ftp.sra.ebi.ac.uk/vol1/fastq/SRR172/059/SRR17222959/SRR17222959_1.fastq.gz;ftp.sra.ebi.ac.uk/vol1/fastq/SRR172/059/SRR17222959/SRR17222959_2.fastq.gz	424ff2759fdd347791a64a98f3ec59e6;c584a1a2bf164219adb7515d99db5ccc	3097805836;3246684845				Homo sapiens	9606.0	RNA-Seq	TRANSCRIPTOMIC	cDNA	PAIRED	SAMN24011555	PRJNA788529
Tumor	no	yes	no	no	unknown	unknown	SRR17222964	PRJNA788529	SRP350625	SAMN24011560	SRS11305603	SRX13402551	SRA1343114	9606.0	Homo sapiens	ILLUMINA	Illumina HiSeq 4000	GSM5732636	RNA-Seq	TRANSCRIPTOMIC	cDNA	PAIRED	48491281	14547384300	2022-01-13	2022-01-13		Inflammatory fibroblasts mediate resistance to neoadjuvant therapy in rectal cancer	Illumina HiSeq 4000 sequencing: GSM5732636: GSH_RADONC_RectalCancer_089 Homo sapiens RNA-Seq	GSH_RADONC_RectalCancer_089	GSH_RADONC_RectalCancer_089		ftp.sra.ebi.ac.uk/vol1/fastq/SRR172/064/SRR17222964/SRR17222964_1.fastq.gz;ftp.sra.ebi.ac.uk/vol1/fastq/SRR172/064/SRR17222964/SRR17222964_2.fastq.gz	16ac6e2f0cd2d498f7c18319b4c17da3;ecd2c1f6c88a9f45222cb31451b4f849	2951345795;2983078825				Homo sapiens	9606.0	RNA-Seq	TRANSCRIPTOMIC	cDNA	PAIRED	SAMN24011560	PRJNA788529
Tumor	no	yes	no	no	unknown	unknown	SRR17222973	PRJNA788529	SRP350625	SAMN24011595	SRS11305592	SRX13402541	SRA1343114	9606.0	Homo sapiens	ILLUMINA	Illumina HiSeq 4000	GSM5732601	RNA-Seq	TRANSCRIPTOMIC	cDNA	PAIRED	30668328	9200498400	2022-01-13	2022-01-13		Inflammatory fibroblasts mediate resistance to neoadjuvant therapy in rectal cancer	Illumina HiSeq 4000 sequencing: GSM5732601: GSH_RADONC_RectalCancer_054 Homo sapiens RNA-Seq	GSH_RADONC_RectalCancer_054	GSH_RADONC_RectalCancer_054		ftp.sra.ebi.ac.uk/vol1/fastq/SRR172/073/SRR17222973/SRR17222973_1.fastq.gz;ftp.sra.ebi.ac.uk/vol1/fastq/SRR172/073/SRR17222973/SRR17222973_2.fastq.gz	efa2b2686da14aaffdf9aa845beb2910;a2073abec692507c553c28b50afb87df	1787395483;1974640023				Homo sapiens	9606.0	RNA-Seq	TRANSCRIPTOMIC	cDNA	PAIRED	SAMN24011595	PRJNA788529
Tumor	no	yes	no	no	unknown	unknown	SRR17222986	PRJNA788529	SRP350625	SAMN24011608	SRS11305579	SRX13402528	SRA1343114	9606.0	Homo sapiens	ILLUMINA	Illumina HiSeq 4000	GSM5732588	RNA-Seq	TRANSCRIPTOMIC	cDNA	PAIRED	37824070	11347221000	2022-01-13	2022-01-13		Inflammatory fibroblasts mediate resistance to neoadjuvant therapy in rectal cancer	Illumina HiSeq 4000 sequencing: GSM5732588: GSH_RADONC_RectalCancer_041 Homo sapiens RNA-Seq	GSH_RADONC_RectalCancer_041	GSH_RADONC_RectalCancer_041		ftp.sra.ebi.ac.uk/vol1/fastq/SRR172/086/SRR17222986/SRR17222986_1.fastq.gz;ftp.sra.ebi.ac.uk/vol1/fastq/SRR172/086/SRR17222986/SRR17222986_2.fastq.gz	650c12254cb82cfad4ba539dc7c79abd;27d302bc569b1b1e75b992b1beb91a05	2285970540;2486387669				Homo sapiens	9606.0	RNA-Seq	TRANSCRIPTOMIC	cDNA	PAIRED	SAMN24011608	PRJNA788529
Tumor	no	yes	no	no	unknown	unknown	SRR17222990	PRJNA788529	SRP350625	SAMN24011612	SRS11305576	SRX13402524	SRA1343114	9606.0	Homo sapiens	ILLUMINA	Illumina HiSeq 4000	GSM5732584	RNA-Seq	TRANSCRIPTOMIC	cDNA	PAIRED	30426761	9128028300	2022-01-13	2022-01-13		Inflammatory fibroblasts mediate resistance to neoadjuvant therapy in rectal cancer	Illumina HiSeq 4000 sequencing: GSM5732584: GSH_RADONC_RectalCancer_037 Homo sapiens RNA-Seq	GSH_RADONC_RectalCancer_037	GSH_RADONC_RectalCancer_037		ftp.sra.ebi.ac.uk/vol1/fastq/SRR172/090/SRR17222990/SRR17222990_1.fastq.gz;ftp.sra.ebi.ac.uk/vol1/fastq/SRR172/090/SRR17222990/SRR17222990_2.fastq.gz	d7d794e00d0c18be029fe210d198c7e7;009ff5f59ccfc14de035379e4ddac8ec	1882097990;2021526481				Homo sapiens	9606.0	RNA-Seq	TRANSCRIPTOMIC	cDNA	PAIRED	SAMN24011612	PRJNA788529
Tumor	no	yes	no	no	unknown	unknown	SRR17222992	PRJNA788529	SRP350625	SAMN24011614	SRS11305573	SRX13402522	SRA1343114	9606.0	Homo sapiens	ILLUMINA	Illumina HiSeq 4000	GSM5732582	RNA-Seq	TRANSCRIPTOMIC	cDNA	PAIRED	32061351	9618405300	2022-01-13	2022-01-13		Inflammatory fibroblasts mediate resistance to neoadjuvant therapy in rectal cancer	Illumina HiSeq 4000 sequencing: GSM5732582: GSH_RADONC_RectalCancer_035 Homo sapiens RNA-Seq	GSH_RADONC_RectalCancer_035	GSH_RADONC_RectalCancer_035		ftp.sra.ebi.ac.uk/vol1/fastq/SRR172/092/SRR17222992/SRR17222992_1.fastq.gz;ftp.sra.ebi.ac.uk/vol1/fastq/SRR172/092/SRR17222992/SRR17222992_2.fastq.gz	fc21bc6fb5c2d4980c54fcdbb9112b2e;7c37f30c628c83c094ffbfcea9f35712	1921638001;2070955694				Homo sapiens	9606.0	RNA-Seq	TRANSCRIPTOMIC	cDNA	PAIRED	SAMN24011614	PRJNA788529
Tumor	no	yes	no	no	unknown	unknown	SRR17222910	PRJNA788529	SRP350625	SAMN24011566	SRS11305655	SRX13402604	SRA1343114	9606.0	Homo sapiens	ILLUMINA	Illumina HiSeq 4000	GSM5732630	RNA-Seq	TRANSCRIPTOMIC	cDNA	PAIRED	36218398	10865519400	2022-01-13	2022-01-13		Inflammatory fibroblasts mediate resistance to neoadjuvant therapy in rectal cancer	Illumina HiSeq 4000 sequencing: GSM5732630: GSH_RADONC_RectalCancer_083 Homo sapiens RNA-Seq	GSH_RADONC_RectalCancer_083	GSH_RADONC_RectalCancer_083		ftp.sra.ebi.ac.uk/vol1/fastq/SRR172/010/SRR17222910/SRR17222910_1.fastq.gz;ftp.sra.ebi.ac.uk/vol1/fastq/SRR172/010/SRR17222910/SRR17222910_2.fastq.gz	e6e8121112852af0d2ca3c86382df57e;33660a6fd1d71073b414101071890754	1972260033;2111968068				Homo sapiens	9606.0	RNA-Seq	TRANSCRIPTOMIC	cDNA	PAIRED	SAMN24011566	PRJNA788529
Tumor	no	yes	no	no	unknown	unknown	SRR17222915	PRJNA788529	SRP350625	SAMN24011571	SRS11305650	SRX13402599	SRA1343114	9606.0	Homo sapiens	ILLUMINA	Illumina HiSeq 4000	GSM5732625	RNA-Seq	TRANSCRIPTOMIC	cDNA	PAIRED	31494629	9448388700	2022-01-13	2022-01-13		Inflammatory fibroblasts mediate resistance to neoadjuvant therapy in rectal cancer	Illumina HiSeq 4000 sequencing: GSM5732625: GSH_RADONC_RectalCancer_078 Homo sapiens RNA-Seq	GSH_RADONC_RectalCancer_078	GSH_RADONC_RectalCancer_078		ftp.sra.ebi.ac.uk/vol1/fastq/SRR172/015/SRR17222915/SRR17222915_1.fastq.gz;ftp.sra.ebi.ac.uk/vol1/fastq/SRR172/015/SRR17222915/SRR17222915_2.fastq.gz	227e92d92f2bf9bc66f5a643ff257dd5;8e73ce73e1b16923b1c4dbf71c7fc49d	2810211751;3006867641				Homo sapiens	9606.0	RNA-Seq	TRANSCRIPTOMIC	cDNA	PAIRED	SAMN24011571	PRJNA788529
Tumor	no	yes	no	no	unknown	unknown	SRR17222924	PRJNA788529	SRP350625	SAMN24011580	SRS11305642	SRX13402590	SRA1343114	9606.0	Homo sapiens	ILLUMINA	Illumina HiSeq 4000	GSM5732616	RNA-Seq	TRANSCRIPTOMIC	cDNA	PAIRED	49535539	14860661700	2022-01-13	2022-01-13		Inflammatory fibroblasts mediate resistance to neoadjuvant therapy in rectal cancer	Illumina HiSeq 4000 sequencing: GSM5732616: GSH_RADONC_RectalCancer_069 Homo sapiens RNA-Seq	GSH_RADONC_RectalCancer_069	GSH_RADONC_RectalCancer_069		ftp.sra.ebi.ac.uk/vol1/fastq/SRR172/024/SRR17222924/SRR17222924_1.fastq.gz;ftp.sra.ebi.ac.uk/vol1/fastq/SRR172/024/SRR17222924/SRR17222924_2.fastq.gz	dccf2cbc5c61fbc0f4050e528cbf1da8;2a05e1e193ae6316dfeaa02ce8d1eb3a	3122622304;3299632046				Homo sapiens	9606.0	RNA-Seq	TRANSCRIPTOMIC	cDNA	PAIRED	SAMN24011580	PRJNA788529
Tumor	no	yes	no	no	unknown	unknown	SRR17222933	PRJNA788529	SRP350625	SAMN24011589	SRS11305632	SRX13402581	SRA1343114	9606.0	Homo sapiens	ILLUMINA	Illumina HiSeq 4000	GSM5732607	RNA-Seq	TRANSCRIPTOMIC	cDNA	PAIRED	30496227	9148868100	2022-01-13	2022-01-13		Inflammatory fibroblasts mediate resistance to neoadjuvant therapy in rectal cancer	Illumina HiSeq 4000 sequencing: GSM5732607: GSH_RADONC_RectalCancer_060 Homo sapiens RNA-Seq	GSH_RADONC_RectalCancer_060	GSH_RADONC_RectalCancer_060		ftp.sra.ebi.ac.uk/vol1/fastq/SRR172/033/SRR17222933/SRR17222933_1.fastq.gz;ftp.sra.ebi.ac.uk/vol1/fastq/SRR172/033/SRR17222933/SRR17222933_2.fastq.gz	8fe4ebeafa66e5ba65c751efedb8378a;476e578c04eca20d0b9d2176c66663bc	1705645046;1884741575				Homo sapiens	9606.0	RNA-Seq	TRANSCRIPTOMIC	cDNA	PAIRED	SAMN24011589	PRJNA788529
Tumor	no	yes	no	no	unknown	unknown	SRR17222938	PRJNA788529	SRP350625	SAMN24011534	SRS11305628	SRX13402577	SRA1343114	9606.0	Homo sapiens	ILLUMINA	Illumina HiSeq 4000	GSM5732662	RNA-Seq	TRANSCRIPTOMIC	cDNA	PAIRED	30087445	9026233500	2022-01-13	2022-01-13		Inflammatory fibroblasts mediate resistance to neoadjuvant therapy in rectal cancer	Illumina HiSeq 4000 sequencing: GSM5732662: GSH_RADONC_RectalCancer_115 Homo sapiens RNA-Seq	GSH_RADONC_RectalCancer_115	GSH_RADONC_RectalCancer_115		ftp.sra.ebi.ac.uk/vol1/fastq/SRR172/038/SRR17222938/SRR17222938_1.fastq.gz;ftp.sra.ebi.ac.uk/vol1/fastq/SRR172/038/SRR17222938/SRR17222938_2.fastq.gz	dda60704fecb48dbfa90cf4ba7110f36;81670fef379679602583d1407dfe3f5c	2665292316;2858426978				Homo sapiens	9606.0	RNA-Seq	TRANSCRIPTOMIC	cDNA	PAIRED	SAMN24011534	PRJNA788529
Tumor	no	yes	no	no	unknown	unknown	SRR17222941	PRJNA788529	SRP350625	SAMN24011537	SRS11305625	SRX13402574	SRA1343114	9606.0	Homo sapiens	ILLUMINA	Illumina HiSeq 4000	GSM5732659	RNA-Seq	TRANSCRIPTOMIC	cDNA	PAIRED	21138370	6341511000	2022-01-13	2022-01-13		Inflammatory fibroblasts mediate resistance to neoadjuvant therapy in rectal cancer	Illumina HiSeq 4000 sequencing: GSM5732659: GSH_RADONC_RectalCancer_112 Homo sapiens RNA-Seq	GSH_RADONC_RectalCancer_112	GSH_RADONC_RectalCancer_112		ftp.sra.ebi.ac.uk/vol1/fastq/SRR172/041/SRR17222941/SRR17222941_1.fastq.gz;ftp.sra.ebi.ac.uk/vol1/fastq/SRR172/041/SRR17222941/SRR17222941_2.fastq.gz	5a9cf03559c1bd1172eeaac770ae7390;5961f3d64ef9b6ec38cbd79194d1b010	1542420424;1684820208				Homo sapiens	9606.0	RNA-Seq	TRANSCRIPTOMIC	cDNA	PAIRED	SAMN24011537	PRJNA788529
Tumor	no	yes	no	no	unknown	unknown	SRR17222947	PRJNA788529	SRP350625	SAMN24011543	SRS11305619	SRX13402568	SRA1343114	9606.0	Homo sapiens	ILLUMINA	Illumina HiSeq 4000	GSM5732653	RNA-Seq	TRANSCRIPTOMIC	cDNA	PAIRED	54649121	16394736300	2022-01-13	2022-01-13		Inflammatory fibroblasts mediate resistance to neoadjuvant therapy in rectal cancer	Illumina HiSeq 4000 sequencing: GSM5732653: GSH_RADONC_RectalCancer_106 Homo sapiens RNA-Seq	GSH_RADONC_RectalCancer_106	GSH_RADONC_RectalCancer_106		ftp.sra.ebi.ac.uk/vol1/fastq/SRR172/047/SRR17222947/SRR17222947_1.fastq.gz;ftp.sra.ebi.ac.uk/vol1/fastq/SRR172/047/SRR17222947/SRR17222947_2.fastq.gz	beeb79be86c7564c70b797264f24a73c;76ad9182028a273e439d987af087ede6	2429225969;2614060387				Homo sapiens	9606.0	RNA-Seq	TRANSCRIPTOMIC	cDNA	PAIRED	SAMN24011543	PRJNA788529
Tumor	no	yes	no	no	unknown	unknown	SRR17222951	PRJNA788529	SRP350625	SAMN24011547	SRS11305615	SRX13402564	SRA1343114	9606.0	Homo sapiens	ILLUMINA	Illumina HiSeq 4000	GSM5732649	RNA-Seq	TRANSCRIPTOMIC	cDNA	PAIRED	33092900	9927870000	2022-01-13	2022-01-13		Inflammatory fibroblasts mediate resistance to neoadjuvant therapy in rectal cancer	Illumina HiSeq 4000 sequencing: GSM5732649: GSH_RADONC_RectalCancer_102 Homo sapiens RNA-Seq	GSH_RADONC_RectalCancer_102	GSH_RADONC_RectalCancer_102		ftp.sra.ebi.ac.uk/vol1/fastq/SRR172/051/SRR17222951/SRR17222951_1.fastq.gz;ftp.sra.ebi.ac.uk/vol1/fastq/SRR172/051/SRR17222951/SRR17222951_2.fastq.gz	97b25f770422a19d17038958aa2d0e2a;81011b81e57672c376705bfeb7efb2af	2025393676;2178579262				Homo sapiens	9606.0	RNA-Seq	TRANSCRIPTOMIC	cDNA	PAIRED	SAMN24011547	PRJNA788529
Tumor	no	yes	no	no	unknown	unknown	SRR17222955	PRJNA788529	SRP350625	SAMN24011551	SRS11305611	SRX13402560	SRA1343114	9606.0	Homo sapiens	ILLUMINA	Illumina HiSeq 4000	GSM5732645	RNA-Seq	TRANSCRIPTOMIC	cDNA	PAIRED	44187565	13256269500	2022-01-13	2022-01-13		Inflammatory fibroblasts mediate resistance to neoadjuvant therapy in rectal cancer	Illumina HiSeq 4000 sequencing: GSM5732645: GSH_RADONC_RectalCancer_098 Homo sapiens RNA-Seq	GSH_RADONC_RectalCancer_098	GSH_RADONC_RectalCancer_098		ftp.sra.ebi.ac.uk/vol1/fastq/SRR172/055/SRR17222955/SRR17222955_1.fastq.gz;ftp.sra.ebi.ac.uk/vol1/fastq/SRR172/055/SRR17222955/SRR17222955_2.fastq.gz	bf30006ee3946bdb30b959d039b93605;78456f8f358679e1270810593ce2eb79	2648671523;2812403502				Homo sapiens	9606.0	RNA-Seq	TRANSCRIPTOMIC	cDNA	PAIRED	SAMN24011551	PRJNA788529
Tumor	no	yes	no	no	unknown	unknown	SRR17222971	PRJNA788529	SRP350625	SAMN24011593	SRS11305594	SRX13402543	SRA1343114	9606.0	Homo sapiens	ILLUMINA	Illumina HiSeq 4000	GSM5732603	RNA-Seq	TRANSCRIPTOMIC	cDNA	PAIRED	31777393	9533217900	2022-01-13	2022-01-13		Inflammatory fibroblasts mediate resistance to neoadjuvant therapy in rectal cancer	Illumina HiSeq 4000 sequencing: GSM5732603: GSH_RADONC_RectalCancer_056 Homo sapiens RNA-Seq	GSH_RADONC_RectalCancer_056	GSH_RADONC_RectalCancer_056		ftp.sra.ebi.ac.uk/vol1/fastq/SRR172/071/SRR17222971/SRR17222971_1.fastq.gz;ftp.sra.ebi.ac.uk/vol1/fastq/SRR172/071/SRR17222971/SRR17222971_2.fastq.gz	9e1432d0206e4f7eaabb400c889b2ed5;93d4c2508a2622d4520846f9bfb4b9fb	1853437998;2015853446				Homo sapiens	9606.0	RNA-Seq	TRANSCRIPTOMIC	cDNA	PAIRED	SAMN24011593	PRJNA788529
Tumor	no	yes	no	no	unknown	unknown	SRR17222980	PRJNA788529	SRP350625	SAMN24011602	SRS11305585	SRX13402534	SRA1343114	9606.0	Homo sapiens	ILLUMINA	Illumina HiSeq 4000	GSM5732594	RNA-Seq	TRANSCRIPTOMIC	cDNA	PAIRED	32764310	9829293000	2022-01-13	2022-01-13		Inflammatory fibroblasts mediate resistance to neoadjuvant therapy in rectal cancer	Illumina HiSeq 4000 sequencing: GSM5732594: GSH_RADONC_RectalCancer_047 Homo sapiens RNA-Seq	GSH_RADONC_RectalCancer_047	GSH_RADONC_RectalCancer_047		ftp.sra.ebi.ac.uk/vol1/fastq/SRR172/080/SRR17222980/SRR17222980_1.fastq.gz;ftp.sra.ebi.ac.uk/vol1/fastq/SRR172/080/SRR17222980/SRR17222980_2.fastq.gz	398d80200bfc025c6480dbb43fb2b55b;445b17495255687f803e8a82c2faef4d	2017652534;2184155751				Homo sapiens	9606.0	RNA-Seq	TRANSCRIPTOMIC	cDNA	PAIRED	SAMN24011602	PRJNA788529
Tumor	no	yes	no	no	unknown	unknown	SRR17222998	PRJNA788529	SRP350625	SAMN24011620	SRS11305567	SRX13402516	SRA1343114	9606.0	Homo sapiens	ILLUMINA	Illumina HiSeq 4000	GSM5732576	RNA-Seq	TRANSCRIPTOMIC	cDNA	PAIRED	32234241	9670272300	2022-01-13	2022-01-13		Inflammatory fibroblasts mediate resistance to neoadjuvant therapy in rectal cancer	Illumina HiSeq 4000 sequencing: GSM5732576: GSH_RADONC_RectalCancer_029 Homo sapiens RNA-Seq	GSH_RADONC_RectalCancer_029	GSH_RADONC_RectalCancer_029		ftp.sra.ebi.ac.uk/vol1/fastq/SRR172/098/SRR17222998/SRR17222998_1.fastq.gz;ftp.sra.ebi.ac.uk/vol1/fastq/SRR172/098/SRR17222998/SRR17222998_2.fastq.gz	ae21720256cb55750500f5acda8e8c36;37864a64e19c6e97382b54ad42f65dd2	1854804683;2022051341				Homo sapiens	9606.0	RNA-Seq	TRANSCRIPTOMIC	cDNA	PAIRED	SAMN24011620	PRJNA788529
Tumor	no	yes	no	no	unknown	unknown	SRR17222999	PRJNA788529	SRP350625	SAMN24011621	SRS11305566	SRX13402515	SRA1343114	9606.0	Homo sapiens	ILLUMINA	Illumina HiSeq 4000	GSM5732575	RNA-Seq	TRANSCRIPTOMIC	cDNA	PAIRED	29023555	8707066500	2022-01-13	2022-01-13		Inflammatory fibroblasts mediate resistance to neoadjuvant therapy in rectal cancer	Illumina HiSeq 4000 sequencing: GSM5732575: GSH_RADONC_RectalCancer_028 Homo sapiens RNA-Seq	GSH_RADONC_RectalCancer_028	GSH_RADONC_RectalCancer_028		ftp.sra.ebi.ac.uk/vol1/fastq/SRR172/099/SRR17222999/SRR17222999_1.fastq.gz;ftp.sra.ebi.ac.uk/vol1/fastq/SRR172/099/SRR17222999/SRR17222999_2.fastq.gz	60cab43c8a7ac96a26d732c5e82d2b0f;76e9260c5c03f0351da9ae70f64cacf4	1687450564;1827424452				Homo sapiens	9606.0	RNA-Seq	TRANSCRIPTOMIC	cDNA	PAIRED	SAMN24011621	PRJNA788529
Tumor	no	yes	no	no	unknown	unknown	SRR17223001	PRJNA788529	SRP350625	SAMN24011623	SRS11305564	SRX13402513	SRA1343114	9606.0	Homo sapiens	ILLUMINA	Illumina HiSeq 4000	GSM5732573	RNA-Seq	TRANSCRIPTOMIC	cDNA	PAIRED	32200876	9660262800	2022-01-13	2022-01-13		Inflammatory fibroblasts mediate resistance to neoadjuvant therapy in rectal cancer	Illumina HiSeq 4000 sequencing: GSM5732573: GSH_RADONC_RectalCancer_026 Homo sapiens RNA-Seq	GSH_RADONC_RectalCancer_026	GSH_RADONC_RectalCancer_026		ftp.sra.ebi.ac.uk/vol1/fastq/SRR172/001/SRR17223001/SRR17223001_1.fastq.gz;ftp.sra.ebi.ac.uk/vol1/fastq/SRR172/001/SRR17223001/SRR17223001_2.fastq.gz	4f697670130ca9fe78d6d0477564dc1e;5476e0092bd3a1561f48f44824e19a80	1880417054;2016853527				Homo sapiens	9606.0	RNA-Seq	TRANSCRIPTOMIC	cDNA	PAIRED	SAMN24011623	PRJNA788529
Tumor	no	yes	no	no	unknown	unknown	SRR17223011	PRJNA788529	SRP350625	SAMN24011633	SRS11305555	SRX13402503	SRA1343114	9606.0	Homo sapiens	ILLUMINA	Illumina HiSeq 4000	GSM5732563	RNA-Seq	TRANSCRIPTOMIC	cDNA	PAIRED	32353265	9705979500	2022-01-13	2022-01-13		Inflammatory fibroblasts mediate resistance to neoadjuvant therapy in rectal cancer	Illumina HiSeq 4000 sequencing: GSM5732563: GSH_RADONC_RectalCancer_016 Homo sapiens RNA-Seq	GSH_RADONC_RectalCancer_016	GSH_RADONC_RectalCancer_016		ftp.sra.ebi.ac.uk/vol1/fastq/SRR172/011/SRR17223011/SRR17223011_1.fastq.gz;ftp.sra.ebi.ac.uk/vol1/fastq/SRR172/011/SRR17223011/SRR17223011_2.fastq.gz	3a265ac6b70dd9db676fac1abe01bc25;6004150b23412143991c8c6f8eedca7a	2023705144;2147720469				Homo sapiens	9606.0	RNA-Seq	TRANSCRIPTOMIC	cDNA	PAIRED	SAMN24011633	PRJNA788529
Tumor	no	yes	no	no	unknown	unknown	SRR17223014	PRJNA788529	SRP350625	SAMN24011636	SRS11305552	SRX13402500	SRA1343114	9606.0	Homo sapiens	ILLUMINA	Illumina HiSeq 4000	GSM5732560	RNA-Seq	TRANSCRIPTOMIC	cDNA	PAIRED	36395789	10918736700	2022-01-13	2022-01-13		Inflammatory fibroblasts mediate resistance to neoadjuvant therapy in rectal cancer	Illumina HiSeq 4000 sequencing: GSM5732560: GSH_RADONC_RectalCancer_013 Homo sapiens RNA-Seq	GSH_RADONC_RectalCancer_013	GSH_RADONC_RectalCancer_013		ftp.sra.ebi.ac.uk/vol1/fastq/SRR172/014/SRR17223014/SRR17223014_1.fastq.gz;ftp.sra.ebi.ac.uk/vol1/fastq/SRR172/014/SRR17223014/SRR17223014_2.fastq.gz	06c48866bdbc077088809873c9b37bcc;4e26c8fa18afca6a41a1bb217007cbb8	2138272871;2365085895				Homo sapiens	9606.0	RNA-Seq	TRANSCRIPTOMIC	cDNA	PAIRED	SAMN24011636	PRJNA788529
Tumor	no	yes	no	no	unknown	unknown	SRR17223017	PRJNA788529	SRP350625	SAMN24011639	SRS11306363	SRX13402497	SRA1343114	9606.0	Homo sapiens	ILLUMINA	Illumina HiSeq 4000	GSM5732557	RNA-Seq	TRANSCRIPTOMIC	cDNA	PAIRED	28753154	8625946200	2022-01-13	2022-01-13		Inflammatory fibroblasts mediate resistance to neoadjuvant therapy in rectal cancer	Illumina HiSeq 4000 sequencing: GSM5732557: GSH_RADONC_RectalCancer_010 Homo sapiens RNA-Seq	GSH_RADONC_RectalCancer_010	GSH_RADONC_RectalCancer_010		ftp.sra.ebi.ac.uk/vol1/fastq/SRR172/017/SRR17223017/SRR17223017_1.fastq.gz;ftp.sra.ebi.ac.uk/vol1/fastq/SRR172/017/SRR17223017/SRR17223017_2.fastq.gz	afb8d8fedc5fabf2a55de29a4b1d43fc;3c6609439022280d9bc18466eac5c1bd	2481920059;2656513115				Homo sapiens	9606.0	RNA-Seq	TRANSCRIPTOMIC	cDNA	PAIRED	SAMN24011639	PRJNA788529
Tumor	no	no	no	no	unknown	liver	SRR13781086	PRJNA298376	SRP278662	SAMN17814890	SRS8317178	SRX10166566	SRA1199949	9606.0	Homo sapiens	ILLUMINA	NextSeq 550	4323Met-Frag1_rna_Sample	RNA-Seq	TRANSCRIPTOMIC	Hybrid Selection	PAIRED	0	0	2021-03-29	2021-03-29	NIH-phs001003	Prospective Procurement of Solid Tumor Tissue to Identify Novel Therapeutic Targets	NextSeq 550 sequencing: RNA-Seq of 4323 Rectal Cancer sample: Sample 4323Met-Frag1_FrTu_September_10_2018_rna	Tumor RNA sample from liver of a human male participant in the dbGaP study Prospective Procurement of Solid Tumor Tissue to Identify Novel Therapeutic Targets	Tumor RNA sample from liver of a human male participant in the dbGaP study Prospective Procurement of Solid Tumor Tissue to Identify Novel Therapeutic Targets					Protected file(s). Go to dbGap										
Tumor	no	no	no	no	unknown	liver	SRR13781090	PRJNA298376	SRP278662	SAMN17814707	SRS8317183	SRX10166570	SRA1199949	9606.0	Homo sapiens	ILLUMINA	NextSeq 550	4323Met-Frag7_rna_Sample	RNA-Seq	TRANSCRIPTOMIC	Hybrid Selection	PAIRED	0	0	2021-03-29	2021-03-29	NIH-phs001003	Prospective Procurement of Solid Tumor Tissue to Identify Novel Therapeutic Targets	NextSeq 550 sequencing: RNA-Seq of 4323 Rectal Cancer sample: Sample 4323Met-Frag7_FrTu_September_10_2018_rna	Tumor RNA sample from liver of a human male participant in the dbGaP study Prospective Procurement of Solid Tumor Tissue to Identify Novel Therapeutic Targets	Tumor RNA sample from liver of a human male participant in the dbGaP study Prospective Procurement of Solid Tumor Tissue to Identify Novel Therapeutic Targets					Protected file(s). Go to dbGap			Homo sapiens	9606.0	RNA-Seq	TRANSCRIPTOMIC	Hybrid Selection	PAIRED	SAMN17814707	PRJNA298376
Tumor	no	no	no	no	unknown	liver	SRR13781088	PRJNA298376	SRP278662	SAMN17814892	SRS8317180	SRX10166568	SRA1199949	9606.0	Homo sapiens	ILLUMINA	NextSeq 550	4323Met-Frag13_rna_Sample	RNA-Seq	TRANSCRIPTOMIC	Hybrid Selection	PAIRED	0	0	2021-03-29	2021-03-29	NIH-phs001003	Prospective Procurement of Solid Tumor Tissue to Identify Novel Therapeutic Targets	NextSeq 550 sequencing: RNA-Seq of 4323 Rectal Cancer sample: Sample 4323Met-Frag13_FrTu_September_10_2018_rna	Tumor RNA sample from liver of a human male participant in the dbGaP study Prospective Procurement of Solid Tumor Tissue to Identify Novel Therapeutic Targets	Tumor RNA sample from liver of a human male participant in the dbGaP study Prospective Procurement of Solid Tumor Tissue to Identify Novel Therapeutic Targets					Protected file(s). Go to dbGap			Homo sapiens	9606.0	RNA-Seq	TRANSCRIPTOMIC	Hybrid Selection	PAIRED	SAMN17814892	PRJNA298376
Tumor	no	yes	no	no	unknown	unknown	SRR12454950	PRJNA657259	SRP277545	SAMN15823060	SRS7204617	SRX8949339	SRA1112961	9606.0	Homo sapiens	ILLUMINA	Illumina NovaSeq 6000		RNA-Seq	TRANSCRIPTOMIC	cDNA	PAIRED	23468509	7040552700	2023-08-18	2023-08-19	GEO	Therapy-induced senescence of cancer-associated fibroblasts determines survival in rectal cancer	Illumina NovaSeq 6000 sequencing: GSM4728160: 103306-17 Tumor biopsy Homo sapiens RNA-Seq	103306-17 Tumor biopsy	103306-17 Tumor biopsy		ftp.sra.ebi.ac.uk/vol1/fastq/SRR124/050/SRR12454950/SRR12454950_1.fastq.gz;ftp.sra.ebi.ac.uk/vol1/fastq/SRR124/050/SRR12454950/SRR12454950_2.fastq.gz	4d2add1108c570b43f62c0002c9b022f;a845558fc29e3b244f8263ba1838c04d	1231617426;1232250817				Homo sapiens	9606.0	RNA-Seq	TRANSCRIPTOMIC	cDNA	PAIRED	SAMN15823060	PRJNA657259
Tumor	no	yes	no	no	unknown	unknown	SRR12454951	PRJNA657259	SRP277545	SAMN15823059	SRS7204619	SRX8949340	SRA1112961	9606.0	Homo sapiens	ILLUMINA	Illumina NovaSeq 6000		RNA-Seq	TRANSCRIPTOMIC	cDNA	PAIRED	32477151	9743145300	2023-08-18	2023-08-19	GEO	Therapy-induced senescence of cancer-associated fibroblasts determines survival in rectal cancer	Illumina NovaSeq 6000 sequencing: GSM4728161: 1067-13 Tumor biopsy Homo sapiens RNA-Seq	1067-13 Tumor biopsy	1067-13 Tumor biopsy		ftp.sra.ebi.ac.uk/vol1/fastq/SRR124/051/SRR12454951/SRR12454951_1.fastq.gz;ftp.sra.ebi.ac.uk/vol1/fastq/SRR124/051/SRR12454951/SRR12454951_2.fastq.gz	72b14683dc18b51b4bf896c34a0d803e;cfab4112bdcd1f457bd5046ba6293328	1478042153;1519591592				Homo sapiens	9606.0	RNA-Seq	TRANSCRIPTOMIC	cDNA	PAIRED	SAMN15823059	PRJNA657259
Tumor	no	yes	no	no	unknown	unknown	SRR12454952	PRJNA657259	SRP277545	SAMN15823058	SRS7204618	SRX8949341	SRA1112961	9606.0	Homo sapiens	ILLUMINA	Illumina NovaSeq 6000		RNA-Seq	TRANSCRIPTOMIC	cDNA	PAIRED	37681867	11304560100	2023-08-18	2023-08-19	GEO	Therapy-induced senescence of cancer-associated fibroblasts determines survival in rectal cancer	Illumina NovaSeq 6000 sequencing: GSM4728162: 10859-10 Tumor biopsy Homo sapiens RNA-Seq	10859-10 Tumor biopsy	10859-10 Tumor biopsy		ftp.sra.ebi.ac.uk/vol1/fastq/SRR124/052/SRR12454952/SRR12454952_1.fastq.gz;ftp.sra.ebi.ac.uk/vol1/fastq/SRR124/052/SRR12454952/SRR12454952_2.fastq.gz	a9c603a3ed193d383804a53a32e7f420;3efc54fe7f389d3abbb796ad1ab64916	1677738591;1736908311				Homo sapiens	9606.0	RNA-Seq	TRANSCRIPTOMIC	cDNA	PAIRED	SAMN15823058	PRJNA657259
Tumor	no	yes	no	no	unknown	unknown	SRR12454955	PRJNA657259	SRP277545	SAMN15823055	SRS7204622	SRX8949344	SRA1112961	9606.0	Homo sapiens	ILLUMINA	Illumina NovaSeq 6000		RNA-Seq	TRANSCRIPTOMIC	cDNA	PAIRED	52585193	15775557900	2023-08-18	2023-08-19	GEO	Therapy-induced senescence of cancer-associated fibroblasts determines survival in rectal cancer	Illumina NovaSeq 6000 sequencing: GSM4728165: 11081-14 Tumor biopsy Homo sapiens RNA-Seq	11081-14 Tumor biopsy	11081-14 Tumor biopsy		ftp.sra.ebi.ac.uk/vol1/fastq/SRR124/055/SRR12454955/SRR12454955_1.fastq.gz;ftp.sra.ebi.ac.uk/vol1/fastq/SRR124/055/SRR12454955/SRR12454955_2.fastq.gz	114b05c3e5bd7d3fbe077670be4bc2f4;2e460d34af4539171673cbde4cdbc529	1561228258;1604287816				Homo sapiens	9606.0	RNA-Seq	TRANSCRIPTOMIC	cDNA	PAIRED	SAMN15823055	PRJNA657259
Tumor	no	yes	no	no	unknown	unknown	SRR12454957	PRJNA657259	SRP277545	SAMN15823097	SRS7204624	SRX8949346	SRA1112961	9606.0	Homo sapiens	ILLUMINA	Illumina NovaSeq 6000		RNA-Seq	TRANSCRIPTOMIC	cDNA	PAIRED	33043135	9912940500	2023-08-18	2023-08-19	GEO	Therapy-induced senescence of cancer-associated fibroblasts determines survival in rectal cancer	Illumina NovaSeq 6000 sequencing: GSM4728167: 14997-10 Tumor biopsy Homo sapiens RNA-Seq	14997-10 Tumor biopsy	14997-10 Tumor biopsy		ftp.sra.ebi.ac.uk/vol1/fastq/SRR124/057/SRR12454957/SRR12454957_1.fastq.gz;ftp.sra.ebi.ac.uk/vol1/fastq/SRR124/057/SRR12454957/SRR12454957_2.fastq.gz	3f19800f5f1ff5f21f0324dde9061e2b;b3f460ae70030d25fab61168fff56d38	1283933919;1352207946				Homo sapiens	9606.0	RNA-Seq	TRANSCRIPTOMIC	cDNA	PAIRED	SAMN15823097	PRJNA657259
Tumor	no	yes	no	no	unknown	unknown	SRR12454959	PRJNA657259	SRP277545	SAMN15823095	SRS7204626	SRX8949348	SRA1112961	9606.0	Homo sapiens	ILLUMINA	Illumina NovaSeq 6000		RNA-Seq	TRANSCRIPTOMIC	cDNA	PAIRED	32234241	9670272300	2023-08-18	2023-08-19	GEO	Therapy-induced senescence of cancer-associated fibroblasts determines survival in rectal cancer	Illumina NovaSeq 6000 sequencing: GSM4728169: 16013-12 Tumor biopsy Homo sapiens RNA-Seq	16013-12 Tumor biopsy	16013-12 Tumor biopsy		ftp.sra.ebi.ac.uk/vol1/fastq/SRR124/059/SRR12454959/SRR12454959_1.fastq.gz;ftp.sra.ebi.ac.uk/vol1/fastq/SRR124/059/SRR12454959/SRR12454959_2.fastq.gz	eb23aa82bce36b5e498c432cc0e414db;07bc607cb5188f23ff18d973ca77364d	1382335213;1433187452				Homo sapiens	9606.0	RNA-Seq	TRANSCRIPTOMIC	cDNA	PAIRED	SAMN15823095	PRJNA657259
Tumor	no	yes	no	no	unknown	unknown	SRR12454960	PRJNA657259	SRP277545	SAMN15823094	SRS7204627	SRX8949349	SRA1112961	9606.0	Homo sapiens	ILLUMINA	Illumina NovaSeq 6000		RNA-Seq	TRANSCRIPTOMIC	cDNA	PAIRED	37983192	11394957600	2023-08-18	2023-08-19	GEO	Therapy-induced senescence of cancer-associated fibroblasts determines survival in rectal cancer	Illumina NovaSeq 6000 sequencing: GSM4728170: 16386 Tumor biopsy Homo sapiens RNA-Seq	16386 Tumor biopsy	16386 Tumor biopsy		ftp.sra.ebi.ac.uk/vol1/fastq/SRR124/060/SRR12454960/SRR12454960_1.fastq.gz;ftp.sra.ebi.ac.uk/vol1/fastq/SRR124/060/SRR12454960/SRR12454960_2.fastq.gz	91422a6ce27a0c3af7ffbc7c3adff1a6;d131f2b7190f3edcd7c623bc4c1f7ace	1626551045;1694109823				Homo sapiens	9606.0	RNA-Seq	TRANSCRIPTOMIC	cDNA	PAIRED	SAMN15823094	PRJNA657259
Tumor	no	yes	no	no	unknown	unknown	SRR12454961	PRJNA657259	SRP277545	SAMN15823093	SRS7204628	SRX8949350	SRA1112961	9606.0	Homo sapiens	ILLUMINA	Illumina NovaSeq 6000		RNA-Seq	TRANSCRIPTOMIC	cDNA	PAIRED	30618159	9185447700	2023-08-18	2023-08-19	GEO	Therapy-induced senescence of cancer-associated fibroblasts determines survival in rectal cancer	Illumina NovaSeq 6000 sequencing: GSM4728171: 1649 Tumor biopsy Homo sapiens RNA-Seq	1649 Tumor biopsy	1649 Tumor biopsy		ftp.sra.ebi.ac.uk/vol1/fastq/SRR124/061/SRR12454961/SRR12454961_1.fastq.gz;ftp.sra.ebi.ac.uk/vol1/fastq/SRR124/061/SRR12454961/SRR12454961_2.fastq.gz	9001b01a1e51e69151302e6f1602f4ba;918e5a02767c4a4076f1d18e9932d1a3	1331467039;1382171670											
Tumor	no	yes	no	no	unknown	unknown	SRR12454963	PRJNA657259	SRP277545	SAMN15823091	SRS7204630	SRX8949352	SRA1112961	9606.0	Homo sapiens	ILLUMINA	Illumina NovaSeq 6000		RNA-Seq	TRANSCRIPTOMIC	cDNA	PAIRED	34000698	10200209400	2023-08-18	2023-08-19	GEO	Therapy-induced senescence of cancer-associated fibroblasts determines survival in rectal cancer	Illumina NovaSeq 6000 sequencing: GSM4728173: 17424-I2 Tumor biopsy Homo sapiens RNA-Seq	17424-I2 Tumor biopsy	17424-I2 Tumor biopsy		ftp.sra.ebi.ac.uk/vol1/fastq/SRR124/063/SRR12454963/SRR12454963_1.fastq.gz;ftp.sra.ebi.ac.uk/vol1/fastq/SRR124/063/SRR12454963/SRR12454963_2.fastq.gz	693a7e85bc937e1db44f2abe8cbe34f6;a6edf5403014d05db5397ac2f420b283	1593837711;1643010409				Homo sapiens	9606.0	RNA-Seq	TRANSCRIPTOMIC	cDNA	PAIRED	SAMN15823091	PRJNA657259
Tumor	no	yes	no	no	unknown	unknown	SRR12454967	PRJNA657259	SRP277545	SAMN15823087	SRS7204634	SRX8949356	SRA1112961	9606.0	Homo sapiens	ILLUMINA	Illumina NovaSeq 6000		RNA-Seq	TRANSCRIPTOMIC	cDNA	PAIRED	32061351	9618405300	2023-08-18	2023-08-19	GEO	Therapy-induced senescence of cancer-associated fibroblasts determines survival in rectal cancer	Illumina NovaSeq 6000 sequencing: GSM4728177: 19482-14 Tumor biopsy Homo sapiens RNA-Seq	19482-14 Tumor biopsy	19482-14 Tumor biopsy		ftp.sra.ebi.ac.uk/vol1/fastq/SRR124/067/SRR12454967/SRR12454967_1.fastq.gz;ftp.sra.ebi.ac.uk/vol1/fastq/SRR124/067/SRR12454967/SRR12454967_2.fastq.gz	53cc2b3a667b350e4b22591aedbd9c45;196a78d38a7780da60dcfe72399b1398	1422602924;1468543498											
Tumor	no	yes	no	no	unknown	unknown	SRR12454969	PRJNA657259	SRP277545	SAMN15823085	SRS7204635	SRX8949358	SRA1112961	9606.0	Homo sapiens	ILLUMINA	Illumina NovaSeq 6000		RNA-Seq	TRANSCRIPTOMIC	cDNA	PAIRED	30426761	9128028300	2023-08-18	2023-08-19	GEO	Therapy-induced senescence of cancer-associated fibroblasts determines survival in rectal cancer	Illumina NovaSeq 6000 sequencing: GSM4728179: 23493-13 Tumor biopsy Homo sapiens RNA-Seq	23493-13 Tumor biopsy	23493-13 Tumor biopsy		ftp.sra.ebi.ac.uk/vol1/fastq/SRR124/069/SRR12454969/SRR12454969_1.fastq.gz;ftp.sra.ebi.ac.uk/vol1/fastq/SRR124/069/SRR12454969/SRR12454969_2.fastq.gz	85bc86aae40b2cc36eb096865c67d5dd;4181ea5ea3749b62011f1411156fe5e1	1405036935;1436290649				Homo sapiens	9606.0	RNA-Seq	TRANSCRIPTOMIC	cDNA	PAIRED	SAMN15823085	PRJNA657259
Tumor	no	yes	no	no	unknown	unknown	SRR12454970	PRJNA657259	SRP277545	SAMN15823084	SRS7204637	SRX8949359	SRA1112961	9606.0	Homo sapiens	ILLUMINA	Illumina NovaSeq 6000		RNA-Seq	TRANSCRIPTOMIC	cDNA	PAIRED	28974198	8692259400	2023-08-18	2023-08-19	GEO	Therapy-induced senescence of cancer-associated fibroblasts determines survival in rectal cancer	Illumina NovaSeq 6000 sequencing: GSM4728180: 2674-12 Tumor biopsy Homo sapiens RNA-Seq	2674-12 Tumor biopsy	2674-12 Tumor biopsy		ftp.sra.ebi.ac.uk/vol1/fastq/SRR124/070/SRR12454970/SRR12454970_1.fastq.gz;ftp.sra.ebi.ac.uk/vol1/fastq/SRR124/070/SRR12454970/SRR12454970_2.fastq.gz	6250d45c16f1cd31ff62b2cd4b19b536;4011d0ac9c26a447a28402569cfc4bc2	1220770903;1265856875				Homo sapiens	9606.0	RNA-Seq	TRANSCRIPTOMIC	cDNA	PAIRED	SAMN15823084	PRJNA657259
Tumor	no	yes	no	no	unknown	unknown	SRR12454972	PRJNA657259	SRP277545	SAMN15823082	SRS7204639	SRX8949361	SRA1112961	9606.0	Homo sapiens	ILLUMINA	Illumina NovaSeq 6000		RNA-Seq	TRANSCRIPTOMIC	cDNA	PAIRED	36395789	10918736700	2023-08-18	2023-08-19	GEO	Therapy-induced senescence of cancer-associated fibroblasts determines survival in rectal cancer	Illumina NovaSeq 6000 sequencing: GSM4728182: 278 Tumor biopsy Homo sapiens RNA-Seq	278 Tumor biopsy	278 Tumor biopsy		ftp.sra.ebi.ac.uk/vol1/fastq/SRR124/072/SRR12454972/SRR12454972_1.fastq.gz;ftp.sra.ebi.ac.uk/vol1/fastq/SRR124/072/SRR12454972/SRR12454972_2.fastq.gz	712f350ea32232933df8916c66e2dd81;14e8edf9ffc244fcd4cc10478ec48da9	1602666151;1664666622											
Tumor	no	yes	no	no	unknown	unknown	SRR12454976	PRJNA657259	SRP277545	SAMN15823078	SRS7204643	SRX8949365	SRA1112961	9606.0	Homo sapiens	ILLUMINA	Illumina NovaSeq 6000		RNA-Seq	TRANSCRIPTOMIC	cDNA	PAIRED	33906492	10171947600	2023-08-18	2023-08-19	GEO	Therapy-induced senescence of cancer-associated fibroblasts determines survival in rectal cancer	Illumina NovaSeq 6000 sequencing: GSM4728186: 4362-II Tumor biopsy Homo sapiens RNA-Seq	4362-II Tumor biopsy	4362-II Tumor biopsy		ftp.sra.ebi.ac.uk/vol1/fastq/SRR124/076/SRR12454976/SRR12454976_1.fastq.gz;ftp.sra.ebi.ac.uk/vol1/fastq/SRR124/076/SRR12454976/SRR12454976_2.fastq.gz	8613ba0f9f9896a150406e328c5acfdf;2d2e07d54ac9e7a8c384004513b21945	1370895338;1419526645											
Tumor	no	yes	no	no	unknown	unknown	SRR12454977	PRJNA657259	SRP277545	SAMN15823077	SRS7204645	SRX8949366	SRA1112961	9606.0	Homo sapiens	ILLUMINA	Illumina NovaSeq 6000		RNA-Seq	TRANSCRIPTOMIC	cDNA	PAIRED	29735129	8920538700	2023-08-18	2023-08-19	GEO	Therapy-induced senescence of cancer-associated fibroblasts determines survival in rectal cancer	Illumina NovaSeq 6000 sequencing: GSM4728187: 44561-14 Tumor biopsy Homo sapiens RNA-Seq	44561-14 Tumor biopsy	44561-14 Tumor biopsy		ftp.sra.ebi.ac.uk/vol1/fastq/SRR124/077/SRR12454977/SRR12454977_1.fastq.gz;ftp.sra.ebi.ac.uk/vol1/fastq/SRR124/077/SRR12454977/SRR12454977_2.fastq.gz	f8fe8c57b096416737accccdb270dd12;104a54096a3d10b18c452a708498d1c5	1354048860;1378614324				Homo sapiens	9606.0	RNA-Seq	TRANSCRIPTOMIC	cDNA	PAIRED	SAMN15823077	PRJNA657259
Tumor	no	yes	no	no	unknown	unknown	SRR12454981	PRJNA657259	SRP277545	SAMN15823117	SRS7204648	SRX8949370	SRA1112961	9606.0	Homo sapiens	ILLUMINA	Illumina NovaSeq 6000		RNA-Seq	TRANSCRIPTOMIC	cDNA	PAIRED	33501032	10050309600	2023-08-18	2023-08-19	GEO	Therapy-induced senescence of cancer-associated fibroblasts determines survival in rectal cancer	Illumina NovaSeq 6000 sequencing: GSM4728191: 50132-09 Tumor biopsy Homo sapiens RNA-Seq	50132-09 Tumor biopsy	50132-09 Tumor biopsy		ftp.sra.ebi.ac.uk/vol1/fastq/SRR124/081/SRR12454981/SRR12454981_1.fastq.gz;ftp.sra.ebi.ac.uk/vol1/fastq/SRR124/081/SRR12454981/SRR12454981_2.fastq.gz	2a9adbeee30f23c92948dfd252936dde;fb64edb71d84d0019a4dc75976df940c	1422788713;1487522962				Homo sapiens	9606.0	RNA-Seq	TRANSCRIPTOMIC	cDNA	PAIRED	SAMN15823117	PRJNA657259
Tumor	no	yes	no	no	unknown	unknown	SRR12454982	PRJNA657259	SRP277545	SAMN15823116	SRS7204649	SRX8949371	SRA1112961	9606.0	Homo sapiens	ILLUMINA	Illumina NovaSeq 6000		RNA-Seq	TRANSCRIPTOMIC	cDNA	PAIRED	32353265	9705979500	2023-08-18	2023-08-19	GEO	Therapy-induced senescence of cancer-associated fibroblasts determines survival in rectal cancer	Illumina NovaSeq 6000 sequencing: GSM4728192: 5023 Tumor biopsy Homo sapiens RNA-Seq	5023 Tumor biopsy	5023 Tumor biopsy		ftp.sra.ebi.ac.uk/vol1/fastq/SRR124/082/SRR12454982/SRR12454982_1.fastq.gz;ftp.sra.ebi.ac.uk/vol1/fastq/SRR124/082/SRR12454982/SRR12454982_2.fastq.gz	b426f0f4202ef1232af0595ae7475ba0;bdb45f8a239d349e7416c043fb66a41e	1506991434;1545185347				Homo sapiens	9606.0	RNA-Seq	TRANSCRIPTOMIC	cDNA	PAIRED	SAMN15823116	PRJNA657259
Tumor	no	yes	no	no	unknown	unknown	SRR12454984	PRJNA657259	SRP277545	SAMN15823114	SRS7204652	SRX8949373	SRA1112961	9606.0	Homo sapiens	ILLUMINA	Illumina NovaSeq 6000		RNA-Seq	TRANSCRIPTOMIC	cDNA	PAIRED	33076951	9923085300	2023-08-18	2023-08-19	GEO	Therapy-induced senescence of cancer-associated fibroblasts determines survival in rectal cancer	Illumina NovaSeq 6000 sequencing: GSM4728194: 55726-08 Tumor biopsy Homo sapiens RNA-Seq	55726-08 Tumor biopsy	55726-08 Tumor biopsy		ftp.sra.ebi.ac.uk/vol1/fastq/SRR124/084/SRR12454984/SRR12454984_1.fastq.gz;ftp.sra.ebi.ac.uk/vol1/fastq/SRR124/084/SRR12454984/SRR12454984_2.fastq.gz	f248d275e18b8f73c6d05f95e5a65272;62bd4812b6df55bfe454b37438237512	1361458669;1411449368				Homo sapiens	9606.0	RNA-Seq	TRANSCRIPTOMIC	cDNA	PAIRED	SAMN15823114	PRJNA657259
Tumor	no	yes	no	no	unknown	unknown	SRR12454985	PRJNA657259	SRP277545	SAMN15823113	SRS7204651	SRX8949374	SRA1112961	9606.0	Homo sapiens	ILLUMINA	Illumina NovaSeq 6000		RNA-Seq	TRANSCRIPTOMIC	cDNA	PAIRED	32995337	9898601100	2023-08-18	2023-08-19	GEO	Therapy-induced senescence of cancer-associated fibroblasts determines survival in rectal cancer	Illumina NovaSeq 6000 sequencing: GSM4728195: 56233-11 Tumor biopsy Homo sapiens RNA-Seq	56233-11 Tumor biopsy	56233-11 Tumor biopsy		ftp.sra.ebi.ac.uk/vol1/fastq/SRR124/085/SRR12454985/SRR12454985_1.fastq.gz;ftp.sra.ebi.ac.uk/vol1/fastq/SRR124/085/SRR12454985/SRR12454985_2.fastq.gz	d5d419b149748c7098ac667f143e0455;da9d560e30467ba195659008bed657d7	1543140508;1563481010				Homo sapiens	9606.0	RNA-Seq	TRANSCRIPTOMIC	cDNA	PAIRED	SAMN15823113	PRJNA657259
Tumor	no	yes	no	no	unknown	unknown	SRR12454986	PRJNA657259	SRP277545	SAMN15823112	SRS7204653	SRX8949375	SRA1112961	9606.0	Homo sapiens	ILLUMINA	Illumina NovaSeq 6000		RNA-Seq	TRANSCRIPTOMIC	cDNA	PAIRED	32764310	9829293000	2023-08-18	2023-08-19	GEO	Therapy-induced senescence of cancer-associated fibroblasts determines survival in rectal cancer	Illumina NovaSeq 6000 sequencing: GSM4728196: 5763-13 Tumor biopsy Homo sapiens RNA-Seq	5763-13 Tumor biopsy	5763-13 Tumor biopsy		ftp.sra.ebi.ac.uk/vol1/fastq/SRR124/086/SRR12454986/SRR12454986_1.fastq.gz;ftp.sra.ebi.ac.uk/vol1/fastq/SRR124/086/SRR12454986/SRR12454986_2.fastq.gz	f34829a55a165bc19d48ad5f5edc0e88;3f7bf6e88cfba01b6b1ec82465fc51f0	1483761013;1539669155				Homo sapiens	9606.0	RNA-Seq	TRANSCRIPTOMIC	cDNA	PAIRED	SAMN15823112	PRJNA657259
Tumor	no	yes	no	no	unknown	unknown	SRR12454995	PRJNA657259	SRP277545	SAMN15823103	SRS7204662	SRX8949384	SRA1112961	9606.0	Homo sapiens	ILLUMINA	Illumina NovaSeq 6000		RNA-Seq	TRANSCRIPTOMIC	cDNA	PAIRED	30668328	9200498400	2023-08-18	2023-08-19	GEO	Therapy-induced senescence of cancer-associated fibroblasts determines survival in rectal cancer	Illumina NovaSeq 6000 sequencing: GSM4728205: 68433-06 Tumor biopsy Homo sapiens RNA-Seq	68433-06 Tumor biopsy	68433-06 Tumor biopsy		ftp.sra.ebi.ac.uk/vol1/fastq/SRR124/095/SRR12454995/SRR12454995_1.fastq.gz;ftp.sra.ebi.ac.uk/vol1/fastq/SRR124/095/SRR12454995/SRR12454995_2.fastq.gz	199bdc4cd583b533112620a2ca44fcf8;ce87b68d8286faeadb0582eb1a4c7121	1317778721;1385243499				Homo sapiens	9606.0	RNA-Seq	TRANSCRIPTOMIC	cDNA	PAIRED	SAMN15823103	PRJNA657259
Tumor	no	yes	no	no	unknown	unknown	SRR12455005	PRJNA657259	SRP277545	SAMN15823126	SRS7204671	SRX8949394	SRA1112961	9606.0	Homo sapiens	ILLUMINA	Illumina NovaSeq 6000		RNA-Seq	TRANSCRIPTOMIC	cDNA	PAIRED	41944409	12583322700	2023-08-18	2023-08-19	GEO	Therapy-induced senescence of cancer-associated fibroblasts determines survival in rectal cancer	Illumina NovaSeq 6000 sequencing: GSM4728215: H00146-14 Tumor biopsy Homo sapiens RNA-Seq	H00146-14 Tumor biopsy	H00146-14 Tumor biopsy		ftp.sra.ebi.ac.uk/vol1/fastq/SRR124/005/SRR12455005/SRR12455005_1.fastq.gz;ftp.sra.ebi.ac.uk/vol1/fastq/SRR124/005/SRR12455005/SRR12455005_2.fastq.gz	b5f3db8ee2165df528b96e7ce64db257;cd52a75d9ac6008e755c492c1017a3ba	1784016932;1824468582				Homo sapiens	9606.0	RNA-Seq	TRANSCRIPTOMIC	cDNA	PAIRED	SAMN15823126	PRJNA657259
Tumor	no	yes	no	no	unknown	unknown	SRR12455006	PRJNA657259	SRP277545	SAMN15823125	SRS7204674	SRX8949395	SRA1112961	9606.0	Homo sapiens	ILLUMINA	Illumina NovaSeq 6000		RNA-Seq	TRANSCRIPTOMIC	cDNA	PAIRED	36906336	11071900800	2023-08-18	2023-08-19	GEO	Therapy-induced senescence of cancer-associated fibroblasts determines survival in rectal cancer	Illumina NovaSeq 6000 sequencing: GSM4728216: H00373-14 Tumor biopsy Homo sapiens RNA-Seq	H00373-14 Tumor biopsy	H00373-14 Tumor biopsy		ftp.sra.ebi.ac.uk/vol1/fastq/SRR124/006/SRR12455006/SRR12455006_1.fastq.gz;ftp.sra.ebi.ac.uk/vol1/fastq/SRR124/006/SRR12455006/SRR12455006_2.fastq.gz	9399b857bd9dd63d0ec47c50ff947f52;a534d05b6f97dc2a48beee345c529dfd	1631416893;1656621873				Homo sapiens	9606.0	RNA-Seq	TRANSCRIPTOMIC	cDNA	PAIRED	SAMN15823125	PRJNA657259
Tumor	no	yes	no	no	unknown	unknown	SRR12455008	PRJNA657259	SRP277545	SAMN15823042	SRS7204675	SRX8949397	SRA1112961	9606.0	Homo sapiens	ILLUMINA	Illumina NovaSeq 6000		RNA-Seq	TRANSCRIPTOMIC	cDNA	PAIRED	46173537	13852061100	2023-08-18	2023-08-19	GEO	Therapy-induced senescence of cancer-associated fibroblasts determines survival in rectal cancer	Illumina NovaSeq 6000 sequencing: GSM4728218: H04068-13 Tumor biopsy Homo sapiens RNA-Seq	H04068-13 Tumor biopsy	H04068-13 Tumor biopsy		ftp.sra.ebi.ac.uk/vol1/fastq/SRR124/008/SRR12455008/SRR12455008_1.fastq.gz;ftp.sra.ebi.ac.uk/vol1/fastq/SRR124/008/SRR12455008/SRR12455008_2.fastq.gz	c4e3c4bfd353e460db97b78b9cb65006;007a32dbdc482b30a48fd4139b01275e	1982750576;2018531881				Homo sapiens	9606.0	RNA-Seq	TRANSCRIPTOMIC	cDNA	PAIRED	SAMN15823042	PRJNA657259
Tumor	no	yes	no	no	unknown	unknown	SRR12455012	PRJNA657259	SRP277545	SAMN15823039	SRS7204679	SRX8949401	SRA1112961	9606.0	Homo sapiens	ILLUMINA	Illumina NovaSeq 6000		RNA-Seq	TRANSCRIPTOMIC	cDNA	PAIRED	34171390	10251417000	2023-08-18	2023-08-19	GEO	Therapy-induced senescence of cancer-associated fibroblasts determines survival in rectal cancer	Illumina NovaSeq 6000 sequencing: GSM4728222: H112683-12 Tumor biopsy Homo sapiens RNA-Seq	H112683-12 Tumor biopsy	H112683-12 Tumor biopsy		ftp.sra.ebi.ac.uk/vol1/fastq/SRR124/012/SRR12455012/SRR12455012_1.fastq.gz;ftp.sra.ebi.ac.uk/vol1/fastq/SRR124/012/SRR12455012/SRR12455012_2.fastq.gz	060c9e3a81ebf8f750c451c28439b361;2bf1ad3580e15da8cd6ec8a59543b82c	1491969062;1502228523				Homo sapiens	9606.0	RNA-Seq	TRANSCRIPTOMIC	cDNA	PAIRED	SAMN15823039	PRJNA657259
Tumor	no	yes	no	no	unknown	unknown	SRR12455017	PRJNA657259	SRP277545	SAMN15823033	SRS7204684	SRX8949406	SRA1112961	9606.0	Homo sapiens	ILLUMINA	Illumina NovaSeq 6000		RNA-Seq	TRANSCRIPTOMIC	cDNA	PAIRED	59126725	17738017500	2023-08-18	2023-08-19	GEO	Therapy-induced senescence of cancer-associated fibroblasts determines survival in rectal cancer	Illumina NovaSeq 6000 sequencing: GSM4728227: H136484-17 Tumor biopsy Homo sapiens RNA-Seq	H136484-17 Tumor biopsy	H136484-17 Tumor biopsy		ftp.sra.ebi.ac.uk/vol1/fastq/SRR124/017/SRR12455017/SRR12455017_1.fastq.gz;ftp.sra.ebi.ac.uk/vol1/fastq/SRR124/017/SRR12455017/SRR12455017_2.fastq.gz	d5cdac9bc2fd78d7ecfd92ad89cd2ca7;61d31be15289f90028b7af8783aa5d55	2756390431;2750744136				Homo sapiens	9606.0	RNA-Seq	TRANSCRIPTOMIC	cDNA	PAIRED	SAMN15823033	PRJNA657259
Tumor	no	yes	no	no	unknown	unknown	SRR12455018	PRJNA657259	SRP277545	SAMN15823032	SRS7204685	SRX8949407	SRA1112961	9606.0	Homo sapiens	ILLUMINA	Illumina NovaSeq 6000		RNA-Seq	TRANSCRIPTOMIC	cDNA	PAIRED	42710901	12813270300	2023-08-18	2023-08-19	GEO	Therapy-induced senescence of cancer-associated fibroblasts determines survival in rectal cancer	Illumina NovaSeq 6000 sequencing: GSM4728228: H13761-17 Tumor biopsy Homo sapiens RNA-Seq	H13761-17 Tumor biopsy	H13761-17 Tumor biopsy		ftp.sra.ebi.ac.uk/vol1/fastq/SRR124/018/SRR12455018/SRR12455018_1.fastq.gz;ftp.sra.ebi.ac.uk/vol1/fastq/SRR124/018/SRR12455018/SRR12455018_2.fastq.gz	b1a1003cb4a6dff17324779959dea4fd;6224280656a75248e998c3c2155cdbed	1934624729;1942305759				Homo sapiens	9606.0	RNA-Seq	TRANSCRIPTOMIC	cDNA	PAIRED	SAMN15823032	PRJNA657259
Tumor	no	yes	no	no	unknown	unknown	SRR12455019	PRJNA657259	SRP277545	SAMN15823031	SRS7204686	SRX8949408	SRA1112961	9606.0	Homo sapiens	ILLUMINA	Illumina NovaSeq 6000		RNA-Seq	TRANSCRIPTOMIC	cDNA	PAIRED	37259548	11177864400	2023-08-18	2023-08-19	GEO	Therapy-induced senescence of cancer-associated fibroblasts determines survival in rectal cancer	Illumina NovaSeq 6000 sequencing: GSM4728229: H137877-17 Tumor biopsy Homo sapiens RNA-Seq	H137877-17 Tumor biopsy	H137877-17 Tumor biopsy		ftp.sra.ebi.ac.uk/vol1/fastq/SRR124/019/SRR12455019/SRR12455019_1.fastq.gz;ftp.sra.ebi.ac.uk/vol1/fastq/SRR124/019/SRR12455019/SRR12455019_2.fastq.gz	fc6b2eec1a6d49affa47cb8f02ff2d5a;f6099b41af5e2ce71f31a8b256dea628	1908545861;1912139227				Homo sapiens	9606.0	RNA-Seq	TRANSCRIPTOMIC	cDNA	PAIRED	SAMN15823031	PRJNA657259
Tumor	no	yes	no	no	unknown	unknown	SRR12455021	PRJNA657259	SRP277545	SAMN15823029	SRS7204688	SRX8949410	SRA1112961	9606.0	Homo sapiens	ILLUMINA	Illumina NovaSeq 6000		RNA-Seq	TRANSCRIPTOMIC	cDNA	PAIRED	47383350	14215005000	2023-08-18	2023-08-19	GEO	Therapy-induced senescence of cancer-associated fibroblasts determines survival in rectal cancer	Illumina NovaSeq 6000 sequencing: GSM4728231: H15491-10 Tumor biopsy Homo sapiens RNA-Seq	H15491-10 Tumor biopsy	H15491-10 Tumor biopsy		ftp.sra.ebi.ac.uk/vol1/fastq/SRR124/021/SRR12455021/SRR12455021_1.fastq.gz;ftp.sra.ebi.ac.uk/vol1/fastq/SRR124/021/SRR12455021/SRR12455021_2.fastq.gz	4dd11807b4a95a73aa77e43009e5f774;95df67e9ead242f5478d9c6efad8e757	1936582682;1970191501				Homo sapiens	9606.0	RNA-Seq	TRANSCRIPTOMIC	cDNA	PAIRED	SAMN15823029	PRJNA657259
Tumor	no	yes	no	no	unknown	unknown	SRR12455022	PRJNA657259	SRP277545	SAMN15823075	SRS7204689	SRX8949411	SRA1112961	9606.0	Homo sapiens	ILLUMINA	Illumina NovaSeq 6000		RNA-Seq	TRANSCRIPTOMIC	cDNA	PAIRED	31841737	9552521100	2023-08-18	2023-08-19	GEO	Therapy-induced senescence of cancer-associated fibroblasts determines survival in rectal cancer	Illumina NovaSeq 6000 sequencing: GSM4728232: H21502-17 Tumor biopsy Homo sapiens RNA-Seq	H21502-17 Tumor biopsy	H21502-17 Tumor biopsy		ftp.sra.ebi.ac.uk/vol1/fastq/SRR124/022/SRR12455022/SRR12455022_1.fastq.gz;ftp.sra.ebi.ac.uk/vol1/fastq/SRR124/022/SRR12455022/SRR12455022_2.fastq.gz	43491ddd5287073c50b50beb8026b144;5c8e6fb803d86da57e6275e1ba9f78aa	1643084188;1644568704				Homo sapiens	9606.0	RNA-Seq	TRANSCRIPTOMIC	cDNA	PAIRED	SAMN15823075	PRJNA657259
Tumor	no	yes	no	no	unknown	unknown	SRR12455023	PRJNA657259	SRP277545	SAMN15823074	SRS7204690	SRX8949412	SRA1112961	9606.0	Homo sapiens	ILLUMINA	Illumina NovaSeq 6000		RNA-Seq	TRANSCRIPTOMIC	cDNA	PAIRED	37008438	11102531400	2023-08-18	2023-08-19	GEO	Therapy-induced senescence of cancer-associated fibroblasts determines survival in rectal cancer	Illumina NovaSeq 6000 sequencing: GSM4728233: H21539-14 Tumor biopsy Homo sapiens RNA-Seq	H21539-14 Tumor biopsy	H21539-14 Tumor biopsy		ftp.sra.ebi.ac.uk/vol1/fastq/SRR124/023/SRR12455023/SRR12455023_1.fastq.gz;ftp.sra.ebi.ac.uk/vol1/fastq/SRR124/023/SRR12455023/SRR12455023_2.fastq.gz	91f871f0bf4723277287337d1e0a91c1;4a775b0c2aa399e03b70d552e59b1cab	1592031228;1596554355				Homo sapiens	9606.0	RNA-Seq	TRANSCRIPTOMIC	cDNA	PAIRED	SAMN15823074	PRJNA657259
Tumor	no	yes	no	no	unknown	unknown	SRR12455025	PRJNA657259	SRP277545	SAMN15823072	SRS7204692	SRX8949414	SRA1112961	9606.0	Homo sapiens	ILLUMINA	Illumina NovaSeq 6000		RNA-Seq	TRANSCRIPTOMIC	cDNA	PAIRED	47134573	14140371900	2023-08-18	2023-08-19	GEO	Therapy-induced senescence of cancer-associated fibroblasts determines survival in rectal cancer	Illumina NovaSeq 6000 sequencing: GSM4728235: H22037-18 Tumor biopsy Homo sapiens RNA-Seq	H22037-18 Tumor biopsy	H22037-18 Tumor biopsy		ftp.sra.ebi.ac.uk/vol1/fastq/SRR124/025/SRR12455025/SRR12455025_1.fastq.gz;ftp.sra.ebi.ac.uk/vol1/fastq/SRR124/025/SRR12455025/SRR12455025_2.fastq.gz	71072f14036a22415b32990c34319afc;c436fb149577c6778d4b8b81fe0cbc26	2114170368;2112186920				Homo sapiens	9606.0	RNA-Seq	TRANSCRIPTOMIC	cDNA	PAIRED	SAMN15823072	PRJNA657259
Tumor	no	yes	no	no	unknown	unknown	SRR12455027	PRJNA657259	SRP277545	SAMN15823070	SRS7204694	SRX8949416	SRA1112961	9606.0	Homo sapiens	ILLUMINA	Illumina NovaSeq 6000		RNA-Seq	TRANSCRIPTOMIC	cDNA	PAIRED	43119409	12935822700	2023-08-18	2023-08-19	GEO	Therapy-induced senescence of cancer-associated fibroblasts determines survival in rectal cancer	Illumina NovaSeq 6000 sequencing: GSM4728237: H27913-18 Tumor biopsy Homo sapiens RNA-Seq	H27913-18 Tumor biopsy	H27913-18 Tumor biopsy		ftp.sra.ebi.ac.uk/vol1/fastq/SRR124/027/SRR12455027/SRR12455027_1.fastq.gz;ftp.sra.ebi.ac.uk/vol1/fastq/SRR124/027/SRR12455027/SRR12455027_2.fastq.gz	764cac2b634c844b0bbc04ec29ddabeb;20846d5caa51f227f807312034310e9a	1950112801;1979164314				Homo sapiens	9606.0	RNA-Seq	TRANSCRIPTOMIC	cDNA	PAIRED	SAMN15823070	PRJNA657259
Tumor	no	yes	no	no	unknown	unknown	SRR12455030	PRJNA657259	SRP277545	SAMN15823067	SRS7204698	SRX8949419	SRA1112961	9606.0	Homo sapiens	ILLUMINA	Illumina NovaSeq 6000		RNA-Seq	TRANSCRIPTOMIC	cDNA	PAIRED	52429438	15728831400	2023-08-18	2023-08-19	GEO	Therapy-induced senescence of cancer-associated fibroblasts determines survival in rectal cancer	Illumina NovaSeq 6000 sequencing: GSM4728240: H35383-18 Tumor biopsy Homo sapiens RNA-Seq	H35383-18 Tumor biopsy	H35383-18 Tumor biopsy		ftp.sra.ebi.ac.uk/vol1/fastq/SRR124/030/SRR12455030/SRR12455030_1.fastq.gz;ftp.sra.ebi.ac.uk/vol1/fastq/SRR124/030/SRR12455030/SRR12455030_2.fastq.gz	225963ce1636861dcd03c68d9cf36acc;241f77b59de58ab806453650986d1b92	2287270361;2295530359											
Tumor	no	yes	no	no	unknown	unknown	SRR12455031	PRJNA657259	SRP277545	SAMN15823066	SRS7204697	SRX8949420	SRA1112961	9606.0	Homo sapiens	ILLUMINA	Illumina NovaSeq 6000		RNA-Seq	TRANSCRIPTOMIC	cDNA	PAIRED	48491281	14547384300	2023-08-18	2023-08-19	GEO	Therapy-induced senescence of cancer-associated fibroblasts determines survival in rectal cancer	Illumina NovaSeq 6000 sequencing: GSM4728241: H36899-18 Tumor biopsy Homo sapiens RNA-Seq	H36899-18 Tumor biopsy	H36899-18 Tumor biopsy		ftp.sra.ebi.ac.uk/vol1/fastq/SRR124/031/SRR12455031/SRR12455031_1.fastq.gz;ftp.sra.ebi.ac.uk/vol1/fastq/SRR124/031/SRR12455031/SRR12455031_2.fastq.gz	6fb59facaaed87547ffadb9ac2518542;d78304b0b06a460decfb1db2b65b6ceb	2069922788;2034189485											
Tumor	no	yes	no	no	unknown	unknown	SRR12455032	PRJNA657259	SRP277545	SAMN15823065	SRS7204699	SRX8949421	SRA1112961	9606.0	Homo sapiens	ILLUMINA	Illumina NovaSeq 6000		RNA-Seq	TRANSCRIPTOMIC	cDNA	PAIRED	52079731	15623919300	2023-08-18	2023-08-19	GEO	Therapy-induced senescence of cancer-associated fibroblasts determines survival in rectal cancer	Illumina NovaSeq 6000 sequencing: GSM4728242: H43163-15 Tumor biopsy Homo sapiens RNA-Seq	H43163-15 Tumor biopsy	H43163-15 Tumor biopsy		ftp.sra.ebi.ac.uk/vol1/fastq/SRR124/032/SRR12455032/SRR12455032_1.fastq.gz;ftp.sra.ebi.ac.uk/vol1/fastq/SRR124/032/SRR12455032/SRR12455032_2.fastq.gz	b3ea650c737fd2f50b89d56d1f73959c;ccd8357fb764bdc47eeecc31013ad761	2237945370;2243904039				Homo sapiens	9606.0	RNA-Seq	TRANSCRIPTOMIC	cDNA	PAIRED	SAMN15823065	PRJNA657259
Tumor	no	yes	no	no	unknown	unknown	SRR12455033	PRJNA657259	SRP277545	SAMN15823064	SRS7204700	SRX8949422	SRA1112961	9606.0	Homo sapiens	ILLUMINA	Illumina NovaSeq 6000		RNA-Seq	TRANSCRIPTOMIC	cDNA	PAIRED	31212328	9363698400	2023-08-18	2023-08-19	GEO	Therapy-induced senescence of cancer-associated fibroblasts determines survival in rectal cancer	Illumina NovaSeq 6000 sequencing: GSM4728243: H43290-14 Tumor biopsy Homo sapiens RNA-Seq	H43290-14 Tumor biopsy	H43290-14 Tumor biopsy		ftp.sra.ebi.ac.uk/vol1/fastq/SRR124/033/SRR12455033/SRR12455033_1.fastq.gz;ftp.sra.ebi.ac.uk/vol1/fastq/SRR124/033/SRR12455033/SRR12455033_2.fastq.gz	bbe3417d72811cb1031833125f217dc1;16d599f72363c9f8dd82287df6c8f03b	1373055479;1409011107				Homo sapiens	9606.0	RNA-Seq	TRANSCRIPTOMIC	cDNA	PAIRED	SAMN15823064	PRJNA657259
Tumor	no	yes	no	no	unknown	unknown	SRR12455039	PRJNA657259	SRP277545	SAMN15823026	SRS7204706	SRX8949428	SRA1112961	9606.0	Homo sapiens	ILLUMINA	Illumina NovaSeq 6000		RNA-Seq	TRANSCRIPTOMIC	cDNA	PAIRED	48678885	14603665500	2023-08-18	2023-08-19	GEO	Therapy-induced senescence of cancer-associated fibroblasts determines survival in rectal cancer	Illumina NovaSeq 6000 sequencing: GSM4728249: H69414-18 Tumor biopsy Homo sapiens RNA-Seq	H69414-18 Tumor biopsy	H69414-18 Tumor biopsy		ftp.sra.ebi.ac.uk/vol1/fastq/SRR124/039/SRR12455039/SRR12455039_1.fastq.gz;ftp.sra.ebi.ac.uk/vol1/fastq/SRR124/039/SRR12455039/SRR12455039_2.fastq.gz	ac988bd6541ced9dfbe022d4b84cb94a;fc3b10a59d4fb008226ea13ccea1abd3	1547997937;1600074724				Homo sapiens	9606.0	RNA-Seq	TRANSCRIPTOMIC	cDNA	PAIRED	SAMN15823026	PRJNA657259
Tumor	no	yes	no	no	unknown	unknown	SRR12455041	PRJNA657259	SRP277545	SAMN15823025	SRS7204708	SRX8949430	SRA1112961	9606.0	Homo sapiens	ILLUMINA	Illumina NovaSeq 6000		RNA-Seq	TRANSCRIPTOMIC	cDNA	PAIRED	43442918	13032875400	2023-08-18	2023-08-19	GEO	Therapy-induced senescence of cancer-associated fibroblasts determines survival in rectal cancer	Illumina NovaSeq 6000 sequencing: GSM4728251: H78587-11 Tumor biopsy Homo sapiens RNA-Seq	H78587-11 Tumor biopsy	H78587-11 Tumor biopsy		ftp.sra.ebi.ac.uk/vol1/fastq/SRR124/041/SRR12455041/SRR12455041_1.fastq.gz;ftp.sra.ebi.ac.uk/vol1/fastq/SRR124/041/SRR12455041/SRR12455041_2.fastq.gz	6c8b446eb9709274c69c73b89a78eaf3;8503424e3cebb75de418c9d6f5f8425a	1895906342;1892304854				Homo sapiens	9606.0	RNA-Seq	TRANSCRIPTOMIC	cDNA	PAIRED	SAMN15823025	PRJNA657259
Tumor	no	yes	no	no	unknown	unknown	SRR12455045	PRJNA657259	SRP277545	SAMN15823021	SRS7204712	SRX8949434	SRA1112961	9606.0	Homo sapiens	ILLUMINA	Illumina NovaSeq 6000		RNA-Seq	TRANSCRIPTOMIC	cDNA	PAIRED	25024346	7507303800	2023-08-18	2023-08-19	GEO	Therapy-induced senescence of cancer-associated fibroblasts determines survival in rectal cancer	Illumina NovaSeq 6000 sequencing: GSM4728255: K02975-16 Tumor biopsy Homo sapiens RNA-Seq	K02975-16 Tumor biopsy	K02975-16 Tumor biopsy		ftp.sra.ebi.ac.uk/vol1/fastq/SRR124/045/SRR12455045/SRR12455045_1.fastq.gz;ftp.sra.ebi.ac.uk/vol1/fastq/SRR124/045/SRR12455045/SRR12455045_2.fastq.gz	8d381ea560d44bdd13d3069aa006bd2d;63951c0c61a27f74d2c908383dcc2ec9	1273097614;1275673927				Homo sapiens	9606.0	RNA-Seq	TRANSCRIPTOMIC	cDNA	PAIRED	SAMN15823021	PRJNA657259
Tumor	no	yes	no	no	unknown	unknown	SRR12455051	PRJNA657259	SRP277545	SAMN15823015	SRS7204718	SRX8949440	SRA1112961	9606.0	Homo sapiens	ILLUMINA	Illumina NovaSeq 6000		RNA-Seq	TRANSCRIPTOMIC	cDNA	PAIRED	28422555	8526766500	2023-08-18	2023-08-19	GEO	Therapy-induced senescence of cancer-associated fibroblasts determines survival in rectal cancer	Illumina NovaSeq 6000 sequencing: GSM4728261: U06312-17 Tumor biopsy Homo sapiens RNA-Seq	U06312-17 Tumor biopsy	U06312-17 Tumor biopsy		ftp.sra.ebi.ac.uk/vol1/fastq/SRR124/051/SRR12455051/SRR12455051_1.fastq.gz;ftp.sra.ebi.ac.uk/vol1/fastq/SRR124/051/SRR12455051/SRR12455051_2.fastq.gz	bd515d3d863f8b182bf3808983a22a33;f5e5862b143abc73aff73cbab96af407	1483883098;1485101869				Homo sapiens	9606.0	RNA-Seq	TRANSCRIPTOMIC	cDNA	PAIRED	SAMN15823015	PRJNA657259
Tumor	no	yes	no	no	unknown	unknown	SRR12455053	PRJNA657259	SRP277545	SAMN15823013	SRS7204720	SRX8949442	SRA1112961	9606.0	Homo sapiens	ILLUMINA	Illumina NovaSeq 6000		RNA-Seq	TRANSCRIPTOMIC	cDNA	PAIRED	32208160	9662448000	2023-08-18	2023-08-19	GEO	Therapy-induced senescence of cancer-associated fibroblasts determines survival in rectal cancer	Illumina NovaSeq 6000 sequencing: GSM4728263: WH054724-01 Tumor biopsy Homo sapiens RNA-Seq	WH054724-01 Tumor biopsy	WH054724-01 Tumor biopsy		ftp.sra.ebi.ac.uk/vol1/fastq/SRR124/053/SRR12455053/SRR12455053_1.fastq.gz;ftp.sra.ebi.ac.uk/vol1/fastq/SRR124/053/SRR12455053/SRR12455053_2.fastq.gz	1e569a4dedb268a432b96ebf35ce1b31;504436c8483a8e3e81c968afda48b4b6	1671283591;1673448941				Homo sapiens	9606.0	RNA-Seq	TRANSCRIPTOMIC	cDNA	PAIRED	SAMN15823013	PRJNA657259
Tumor	no	yes	no	no	unknown	unknown	SRR12455054	PRJNA657259	SRP277545	SAMN15823012	SRS7204721	SRX8949443	SRA1112961	9606.0	Homo sapiens	ILLUMINA	Illumina NovaSeq 6000		RNA-Seq	TRANSCRIPTOMIC	cDNA	PAIRED	44227819	13268345700	2023-08-18	2023-08-19	GEO	Therapy-induced senescence of cancer-associated fibroblasts determines survival in rectal cancer	Illumina NovaSeq 6000 sequencing: GSM4728264: H00130-09 Tumor biopsy Homo sapiens RNA-Seq	H00130-09 Tumor biopsy	H00130-09 Tumor biopsy		ftp.sra.ebi.ac.uk/vol1/fastq/SRR124/054/SRR12455054/SRR12455054_1.fastq.gz;ftp.sra.ebi.ac.uk/vol1/fastq/SRR124/054/SRR12455054/SRR12455054_2.fastq.gz	438262b4cf8b652e0e7ae4e6ad3e0a9e;65dce9fcac8a455f65f47974fe07950f	1503701511;1539673563				Homo sapiens	9606.0	RNA-Seq	TRANSCRIPTOMIC	cDNA	PAIRED	SAMN15823012	PRJNA657259
Tumor	no	yes	no	no	unknown	unknown	SRR12455058	PRJNA657259	SRP277545	SAMN15823051	SRS7204725	SRX8949447	SRA1112961	9606.0	Homo sapiens	ILLUMINA	Illumina NovaSeq 6000		RNA-Seq	TRANSCRIPTOMIC	cDNA	PAIRED	33963013	10188903900	2023-08-18	2023-08-19	GEO	Therapy-induced senescence of cancer-associated fibroblasts determines survival in rectal cancer	Illumina NovaSeq 6000 sequencing: GSM4728268: H03410-18-01 Tumor biopsy Homo sapiens RNA-Seq	H03410-18-01 Tumor biopsy	H03410-18-01 Tumor biopsy		ftp.sra.ebi.ac.uk/vol1/fastq/SRR124/058/SRR12455058/SRR12455058_1.fastq.gz;ftp.sra.ebi.ac.uk/vol1/fastq/SRR124/058/SRR12455058/SRR12455058_2.fastq.gz	aea8023807ac050e93b13eeff26782fd;b4a5c6c297f5a51debc939910cf27c97	1088829713;1102311817				Homo sapiens	9606.0	RNA-Seq	TRANSCRIPTOMIC	cDNA	PAIRED	SAMN15823051	PRJNA657259
Tumor	no	yes	no	no	unknown	unknown	SRR12455061	PRJNA657259	SRP277545	SAMN15823048	SRS7204728	SRX8949450	SRA1112961	9606.0	Homo sapiens	ILLUMINA	Illumina NovaSeq 6000		RNA-Seq	TRANSCRIPTOMIC	cDNA	PAIRED	47083337	14125001100	2023-08-18	2023-08-19	GEO	Therapy-induced senescence of cancer-associated fibroblasts determines survival in rectal cancer	Illumina NovaSeq 6000 sequencing: GSM4728271: H06240-14 Tumor biopsy Homo sapiens RNA-Seq	H06240-14 Tumor biopsy	H06240-14 Tumor biopsy		ftp.sra.ebi.ac.uk/vol1/fastq/SRR124/061/SRR12455061/SRR12455061_1.fastq.gz;ftp.sra.ebi.ac.uk/vol1/fastq/SRR124/061/SRR12455061/SRR12455061_2.fastq.gz	7f43a065e02bc17086939536e87272e8;4cefafdcc96fd16c39318cfdfd7d5102	1985148581;2013526315				Homo sapiens	9606.0	RNA-Seq	TRANSCRIPTOMIC	cDNA	PAIRED	SAMN15823048	PRJNA657259
Tumor	no	yes	no	no	unknown	unknown	SRR12455062	PRJNA657259	SRP277545	SAMN15823047	SRS7204729	SRX8949451	SRA1112961	9606.0	Homo sapiens	ILLUMINA	Illumina NovaSeq 6000		RNA-Seq	TRANSCRIPTOMIC	cDNA	PAIRED	39760968	11928290400	2023-08-18	2023-08-19	GEO	Therapy-induced senescence of cancer-associated fibroblasts determines survival in rectal cancer	Illumina NovaSeq 6000 sequencing: GSM4728272: H08503-14 Tumor biopsy Homo sapiens RNA-Seq	H08503-14 Tumor biopsy	H08503-14 Tumor biopsy		ftp.sra.ebi.ac.uk/vol1/fastq/SRR124/062/SRR12455062/SRR12455062_1.fastq.gz;ftp.sra.ebi.ac.uk/vol1/fastq/SRR124/062/SRR12455062/SRR12455062_2.fastq.gz	529db61f7c5f225baedce79afe06d9c6;bb7a8f944b9fa870d5a8b802afed93b2	1482353790;1512090549				Homo sapiens	9606.0	RNA-Seq	TRANSCRIPTOMIC	cDNA	PAIRED	SAMN15823047	PRJNA657259
Tumor	no	yes	no	no	unknown	unknown	SRR12455063	PRJNA657259	SRP277545	SAMN15823046	SRS7204731	SRX8949452	SRA1112961	9606.0	Homo sapiens	ILLUMINA	Illumina NovaSeq 6000		RNA-Seq	TRANSCRIPTOMIC	cDNA	PAIRED	38794228	11638268400	2023-08-18	2023-08-19	GEO	Therapy-induced senescence of cancer-associated fibroblasts determines survival in rectal cancer	Illumina NovaSeq 6000 sequencing: GSM4728273: H19548-17-01 Tumor biopsy Homo sapiens RNA-Seq	H19548-17-01 Tumor biopsy	H19548-17-01 Tumor biopsy		ftp.sra.ebi.ac.uk/vol1/fastq/SRR124/063/SRR12455063/SRR12455063_1.fastq.gz;ftp.sra.ebi.ac.uk/vol1/fastq/SRR124/063/SRR12455063/SRR12455063_2.fastq.gz	a46b8eb8b42c37d4eed9be639fd41cc1;2614e967ffacf4692716577617268f76	1950012131;1955499704				Homo sapiens	9606.0	RNA-Seq	TRANSCRIPTOMIC	cDNA	PAIRED	SAMN15823046	PRJNA657259
Tumor	no	yes	no	no	unknown	unknown	SRR12455064	PRJNA657259	SRP277545	SAMN15823045	SRS7204730	SRX8949453	SRA1112961	9606.0	Homo sapiens	ILLUMINA	Illumina NovaSeq 6000		RNA-Seq	TRANSCRIPTOMIC	cDNA	PAIRED	39740389	11922116700	2023-08-18	2023-08-19	GEO	Therapy-induced senescence of cancer-associated fibroblasts determines survival in rectal cancer	Illumina NovaSeq 6000 sequencing: GSM4728274: H50888-2018 Tumor biopsy Homo sapiens RNA-Seq	H50888-2018 Tumor biopsy	H50888-2018 Tumor biopsy		ftp.sra.ebi.ac.uk/vol1/fastq/SRR124/064/SRR12455064/SRR12455064_1.fastq.gz;ftp.sra.ebi.ac.uk/vol1/fastq/SRR124/064/SRR12455064/SRR12455064_2.fastq.gz	5db0713e025164e2183de025803bc1c0;073cb1382babc404b1bce90a3e093061	1843024283;1871801941				Homo sapiens	9606.0	RNA-Seq	TRANSCRIPTOMIC	cDNA	PAIRED	SAMN15823045	PRJNA657259
Tumor	no	yes	no	no	unknown	unknown	SRR12455065	PRJNA657259	SRP277545	SAMN15823044	SRS7204732	SRX8949454	SRA1112961	9606.0	Homo sapiens	ILLUMINA	Illumina NovaSeq 6000		RNA-Seq	TRANSCRIPTOMIC	cDNA	PAIRED	38395150	11518545000	2023-08-18	2023-08-19	GEO	Therapy-induced senescence of cancer-associated fibroblasts determines survival in rectal cancer	Illumina NovaSeq 6000 sequencing: GSM4728275: NH12654-17-01 Tumor biopsy Homo sapiens RNA-Seq	NH12654-17-01 Tumor biopsy	NH12654-17-01 Tumor biopsy		ftp.sra.ebi.ac.uk/vol1/fastq/SRR124/065/SRR12455065/SRR12455065_1.fastq.gz;ftp.sra.ebi.ac.uk/vol1/fastq/SRR124/065/SRR12455065/SRR12455065_2.fastq.gz	41ca6d2054d88b329f47de477613bfcc;79cb0cc1d5417d4a73c6d7452e4785bf	1266321706;1279958820				Homo sapiens	9606.0	RNA-Seq	TRANSCRIPTOMIC	cDNA	PAIRED	SAMN15823044	PRJNA657259
Tumor	no	no	no	no	unknown	unknown	SRR20643234	PRJNA862190	SRP388072	SAMN29960757	SRS14299651	SRX16666519	SRA1462537	9606.0	Homo sapiens	ILLUMINA	Illumina HiSeq 2500	GSM6390445	RNA-Seq	TRANSCRIPTOMIC	cDNA	PAIRED	66762142	6676214200	2022-08-22	2022-08-23		Genomic and transcriptomic determinants of response to neoadjuvant therapy in rectal cancer	Illumina HiSeq 2500 sequencing: GSM6390445: TM232 Homo sapiens RNA-Seq	TM232	TM232		ftp.sra.ebi.ac.uk/vol1/fastq/SRR206/034/SRR20643234/SRR20643234_1.fastq.gz;ftp.sra.ebi.ac.uk/vol1/fastq/SRR206/034/SRR20643234/SRR20643234_2.fastq.gz	191a90aaf3210c0f028422a33cc32990;b8a9a56d9815f4567095b749f929cd91	2618436407;2757632299				Homo sapiens	9606.0	RNA-Seq	TRANSCRIPTOMIC	cDNA	PAIRED	SAMN29960757	PRJNA862190
Tumor	no	no	no	no	unknown	unknown	SRR20643235	PRJNA862190	SRP388072	SAMN29960758	SRS14299652	SRX16666518	SRA1462537	9606.0	Homo sapiens	ILLUMINA	Illumina HiSeq 2500	GSM6390444	RNA-Seq	TRANSCRIPTOMIC	cDNA	PAIRED	116189985	11851378470	2022-08-22	2022-08-22		Genomic and transcriptomic determinants of response to neoadjuvant therapy in rectal cancer	Illumina HiSeq 2500 sequencing: GSM6390444: JM205 Homo sapiens RNA-Seq	JM205	JM205		ftp.sra.ebi.ac.uk/vol1/fastq/SRR206/035/SRR20643235/SRR20643235_1.fastq.gz;ftp.sra.ebi.ac.uk/vol1/fastq/SRR206/035/SRR20643235/SRR20643235_2.fastq.gz	fdc50972a40e085f2c5b46661a856379;4d01135d9ed6986bd16bdaac42ef2bce	3678408152;3905676421				Homo sapiens	9606.0	RNA-Seq	TRANSCRIPTOMIC	cDNA	PAIRED	SAMN29960758	PRJNA862190
Tumor	no	no	no	no	unknown	unknown	SRR20643238	PRJNA862190	SRP388072	SAMN29960761	SRS14299647	SRX16666515	SRA1462537	9606.0	Homo sapiens	ILLUMINA	Illumina HiSeq 2500	GSM6390441	RNA-Seq	TRANSCRIPTOMIC	cDNA	PAIRED	118979509	12135909918	2022-08-22	2022-08-22		Genomic and transcriptomic determinants of response to neoadjuvant therapy in rectal cancer	Illumina HiSeq 2500 sequencing: GSM6390441: JM202 Homo sapiens RNA-Seq	JM202	JM202		ftp.sra.ebi.ac.uk/vol1/fastq/SRR206/038/SRR20643238/SRR20643238_1.fastq.gz;ftp.sra.ebi.ac.uk/vol1/fastq/SRR206/038/SRR20643238/SRR20643238_2.fastq.gz	2cc053d600d59ee5dd62a75b067b8624;e3aed4e2f01b9f26151ef7f62f8887f0	3753948705;4078469091				Homo sapiens	9606.0	RNA-Seq	TRANSCRIPTOMIC	cDNA	PAIRED	SAMN29960761	PRJNA862190
Tumor	no	no	no	no	unknown	unknown	SRR20643239	PRJNA862190	SRP388072	SAMN29960762	SRS14299648	SRX16666514	SRA1462537	9606.0	Homo sapiens	ILLUMINA	Illumina HiSeq 2500	GSM6390440	RNA-Seq	TRANSCRIPTOMIC	cDNA	PAIRED	126525339	12905584578	2022-08-22	2022-08-22		Genomic and transcriptomic determinants of response to neoadjuvant therapy in rectal cancer	Illumina HiSeq 2500 sequencing: GSM6390440: JM201 Homo sapiens RNA-Seq	JM201	JM201		ftp.sra.ebi.ac.uk/vol1/fastq/SRR206/039/SRR20643239/SRR20643239_1.fastq.gz;ftp.sra.ebi.ac.uk/vol1/fastq/SRR206/039/SRR20643239/SRR20643239_2.fastq.gz	e8c1cc7311a3fa38b0e0b5aceae95d3a;86cbbd785dea9d2d8ac52cdd9b84af08	4022526897;4227534948				Homo sapiens	9606.0	RNA-Seq	TRANSCRIPTOMIC	cDNA	PAIRED	SAMN29960762	PRJNA862190
Tumor	no	no	no	no	unknown	unknown	SRR20643247	PRJNA862190	SRP388072	SAMN29960770	SRS14299638	SRX16666506	SRA1462537	9606.0	Homo sapiens	ILLUMINA	Illumina HiSeq 2500	GSM6390432	RNA-Seq	TRANSCRIPTOMIC	cDNA	PAIRED	105061989	10716322878	2022-08-11	2022-08-24		Genomic and transcriptomic determinants of response to neoadjuvant therapy in rectal cancer	Illumina HiSeq 2500 sequencing: GSM6390432: JM190 Homo sapiens RNA-Seq	JM190	JM190		ftp.sra.ebi.ac.uk/vol1/fastq/SRR206/047/SRR20643247/SRR20643247_1.fastq.gz;ftp.sra.ebi.ac.uk/vol1/fastq/SRR206/047/SRR20643247/SRR20643247_2.fastq.gz	83bf298a5a4b1db017a60361c566e100;95dfd41078572e3c97b21cbeffc2057d	3578488233;3280910358				Homo sapiens	9606.0	RNA-Seq	TRANSCRIPTOMIC	cDNA	PAIRED	SAMN29960770	PRJNA862190
Tumor	no	no	no	no	unknown	unknown	SRR20643249	PRJNA862190	SRP388072	SAMN29960772	SRS14299637	SRX16666504	SRA1462537	9606.0	Homo sapiens	ILLUMINA	Illumina HiSeq 2500	GSM6390430	RNA-Seq	TRANSCRIPTOMIC	cDNA	PAIRED	112123678	11436615156	2022-08-22	2022-08-23		Genomic and transcriptomic determinants of response to neoadjuvant therapy in rectal cancer	Illumina HiSeq 2500 sequencing: GSM6390430: JM187 Homo sapiens RNA-Seq	JM187	JM187		ftp.sra.ebi.ac.uk/vol1/fastq/SRR206/049/SRR20643249/SRR20643249_1.fastq.gz;ftp.sra.ebi.ac.uk/vol1/fastq/SRR206/049/SRR20643249/SRR20643249_2.fastq.gz	4aea7b37f3f361477b41aa6cf5db89df;e9b5151bb30965a7535099ef1ca32fae	3527879683;3729636744				Homo sapiens	9606.0	RNA-Seq	TRANSCRIPTOMIC	cDNA	PAIRED	SAMN29960772	PRJNA862190
Tumor	no	no	no	no	unknown	unknown	SRR20643250	PRJNA862190	SRP388072	SAMN29960773	SRS14299636	SRX16666503	SRA1462537	9606.0	Homo sapiens	ILLUMINA	Illumina HiSeq 2500	GSM6390429	RNA-Seq	TRANSCRIPTOMIC	cDNA	PAIRED	115754728	11806982256	2022-09-30	2022-09-30		Genomic and transcriptomic determinants of response to neoadjuvant therapy in rectal cancer	Illumina HiSeq 2500 sequencing: GSM6390429: JM186 Homo sapiens RNA-Seq	JM186	JM186		ftp.sra.ebi.ac.uk/vol1/fastq/SRR206/050/SRR20643250/SRR20643250_1.fastq.gz;ftp.sra.ebi.ac.uk/vol1/fastq/SRR206/050/SRR20643250/SRR20643250_2.fastq.gz	e67ea594e34ae1ebbad6e06363574b70;cb506f18d8db242a867d67405348eaca	3643521327;3838004453				Homo sapiens	9606.0	RNA-Seq	TRANSCRIPTOMIC	cDNA	PAIRED	SAMN29960773	PRJNA862190
Tumor	no	no	no	no	unknown	unknown	SRR20643254	PRJNA862190	SRP388072	SAMN29960777	SRS14299632	SRX16666499	SRA1462537	9606.0	Homo sapiens	ILLUMINA	Illumina HiSeq 2500	GSM6390425	RNA-Seq	TRANSCRIPTOMIC	cDNA	PAIRED	115763666	11807893932	2022-08-22	2022-08-22		Genomic and transcriptomic determinants of response to neoadjuvant therapy in rectal cancer	Illumina HiSeq 2500 sequencing: GSM6390425: JM177 Homo sapiens RNA-Seq	JM177	JM177		ftp.sra.ebi.ac.uk/vol1/fastq/SRR206/054/SRR20643254/SRR20643254_1.fastq.gz;ftp.sra.ebi.ac.uk/vol1/fastq/SRR206/054/SRR20643254/SRR20643254_2.fastq.gz	46ebf91ea897bd62f0c2f1dff73ef499;d5bde7cea1a483603f3252804a5e3702	3487539385;3605389576				Homo sapiens	9606.0	RNA-Seq	TRANSCRIPTOMIC	cDNA	PAIRED	SAMN29960777	PRJNA862190
Tumor	no	no	no	no	unknown	unknown	SRR20643255	PRJNA862190	SRP388072	SAMN29960778	SRS14299631	SRX16666498	SRA1462537	9606.0	Homo sapiens	ILLUMINA	Illumina HiSeq 2500	GSM6390424	RNA-Seq	TRANSCRIPTOMIC	cDNA	PAIRED	124820162	12731656524	2022-08-22	2022-08-22		Genomic and transcriptomic determinants of response to neoadjuvant therapy in rectal cancer	Illumina HiSeq 2500 sequencing: GSM6390424: JM176 Homo sapiens RNA-Seq	JM176	JM176		ftp.sra.ebi.ac.uk/vol1/fastq/SRR206/055/SRR20643255/SRR20643255_1.fastq.gz;ftp.sra.ebi.ac.uk/vol1/fastq/SRR206/055/SRR20643255/SRR20643255_2.fastq.gz	e82b6c6e0274a4d1a702e78bb748fa67;bc05b665c08eb534afa40e69de2c06dd	3970285264;4158948341				Homo sapiens	9606.0	RNA-Seq	TRANSCRIPTOMIC	cDNA	PAIRED	SAMN29960778	PRJNA862190
Tumor	no	no	no	no	unknown	unknown	SRR20643258	PRJNA862190	SRP388072	SAMN29960781	SRS14299628	SRX16666495	SRA1462537	9606.0	Homo sapiens	ILLUMINA	Illumina HiSeq 2500	GSM6390421	RNA-Seq	TRANSCRIPTOMIC	cDNA	PAIRED	117446596	11979552792	2022-08-22	2022-08-22		Genomic and transcriptomic determinants of response to neoadjuvant therapy in rectal cancer	Illumina HiSeq 2500 sequencing: GSM6390421: JM171 Homo sapiens RNA-Seq	JM171	JM171		ftp.sra.ebi.ac.uk/vol1/fastq/SRR206/058/SRR20643258/SRR20643258_1.fastq.gz;ftp.sra.ebi.ac.uk/vol1/fastq/SRR206/058/SRR20643258/SRR20643258_2.fastq.gz	b9abeb571d0f5b3413db4234dd780e52;0fa1fd1477fbd317049afa7aea1f476b	3160062860;3384251789				Homo sapiens	9606.0	RNA-Seq	TRANSCRIPTOMIC	cDNA	PAIRED	SAMN29960781	PRJNA862190
Tumor	no	no	no	no	unknown	unknown	SRR20643259	PRJNA862190	SRP388072	SAMN29960782	SRS14299627	SRX16666494	SRA1462537	9606.0	Homo sapiens	ILLUMINA	Illumina HiSeq 2500	GSM6390420	RNA-Seq	TRANSCRIPTOMIC	cDNA	PAIRED	127638036	13019079672	2022-08-22	2022-08-23		Genomic and transcriptomic determinants of response to neoadjuvant therapy in rectal cancer	Illumina HiSeq 2500 sequencing: GSM6390420: JM170 Homo sapiens RNA-Seq	JM170	JM170		ftp.sra.ebi.ac.uk/vol1/fastq/SRR206/059/SRR20643259/SRR20643259_1.fastq.gz;ftp.sra.ebi.ac.uk/vol1/fastq/SRR206/059/SRR20643259/SRR20643259_2.fastq.gz	5f48414e0bdac57fb0e48f3a9aa84fba;91dfa0ea80807ed0ab7e198ee48c3388	3955468571;4085684676				Homo sapiens	9606.0	RNA-Seq	TRANSCRIPTOMIC	cDNA	PAIRED	SAMN29960782	PRJNA862190
Tumor	no	no	no	no	unknown	unknown	SRR20643260	PRJNA862190	SRP388072	SAMN29960783	SRS14299626	SRX16666493	SRA1462537	9606.0	Homo sapiens	ILLUMINA	Illumina HiSeq 2500	GSM6390419	RNA-Seq	TRANSCRIPTOMIC	cDNA	PAIRED	107417815	10956617130	2022-08-12	2022-08-25		Genomic and transcriptomic determinants of response to neoadjuvant therapy in rectal cancer	Illumina HiSeq 2500 sequencing: GSM6390419: JM169 Homo sapiens RNA-Seq	JM169	JM169		ftp.sra.ebi.ac.uk/vol1/fastq/SRR206/060/SRR20643260/SRR20643260_1.fastq.gz;ftp.sra.ebi.ac.uk/vol1/fastq/SRR206/060/SRR20643260/SRR20643260_2.fastq.gz	f21bb70104b99c4b9b159e8cf51811ab;94f101209696735609da8a9cadbe873f	3250062382;3348559317											
Tumor	no	no	no	no	unknown	unknown	SRR20643262	PRJNA862190	SRP388072	SAMN29960785	SRS14299624	SRX16666491	SRA1462537	9606.0	Homo sapiens	ILLUMINA	Illumina HiSeq 2500	GSM6390417	RNA-Seq	TRANSCRIPTOMIC	cDNA	PAIRED	115268926	11757430452	2022-08-11	2022-08-24		Genomic and transcriptomic determinants of response to neoadjuvant therapy in rectal cancer	Illumina HiSeq 2500 sequencing: GSM6390417: JM167 Homo sapiens RNA-Seq	JM167	JM167		ftp.sra.ebi.ac.uk/vol1/fastq/SRR206/062/SRR20643262/SRR20643262_1.fastq.gz;ftp.sra.ebi.ac.uk/vol1/fastq/SRR206/062/SRR20643262/SRR20643262_2.fastq.gz	f283794dacfa3bcc5b543338e482e922;8979816b9e99270d366ff8ccd64a8599	3453863626;3549968191											
Tumor	no	no	no	no	unknown	unknown	SRR20643266	PRJNA862190	SRP388072	SAMN29960789	SRS14299620	SRX16666487	SRA1462537	9606.0	Homo sapiens	ILLUMINA	Illumina HiSeq 2500	GSM6390413	RNA-Seq	TRANSCRIPTOMIC	cDNA	PAIRED	119646298	12203922396	2022-08-22	2022-08-23		Genomic and transcriptomic determinants of response to neoadjuvant therapy in rectal cancer	Illumina HiSeq 2500 sequencing: GSM6390413: JM161 Homo sapiens RNA-Seq	JM161	JM161		ftp.sra.ebi.ac.uk/vol1/fastq/SRR206/066/SRR20643266/SRR20643266_1.fastq.gz;ftp.sra.ebi.ac.uk/vol1/fastq/SRR206/066/SRR20643266/SRR20643266_2.fastq.gz	8d969f877d41ebd54918fea6e577ae5d;815cc96c880ba3c0fb25432b5f993750	3758194023;3991739522				Homo sapiens	9606.0	RNA-Seq	TRANSCRIPTOMIC	cDNA	PAIRED	SAMN29960789	PRJNA862190
Tumor	no	no	no	no	unknown	unknown	SRR20643267	PRJNA862190	SRP388072	SAMN29960790	SRS14299619	SRX16666486	SRA1462537	9606.0	Homo sapiens	ILLUMINA	Illumina HiSeq 2500	GSM6390412	RNA-Seq	TRANSCRIPTOMIC	cDNA	PAIRED	127842470	13039931940	2022-08-22	2022-08-23		Genomic and transcriptomic determinants of response to neoadjuvant therapy in rectal cancer	Illumina HiSeq 2500 sequencing: GSM6390412: JM160 Homo sapiens RNA-Seq	JM160	JM160		ftp.sra.ebi.ac.uk/vol1/fastq/SRR206/067/SRR20643267/SRR20643267_1.fastq.gz;ftp.sra.ebi.ac.uk/vol1/fastq/SRR206/067/SRR20643267/SRR20643267_2.fastq.gz	879111cc5e50c226d8b9e1c3d70486d8;46d3335a46e5c74106cc69603b2e2e49	4054535096;4270844332				Homo sapiens	9606.0	RNA-Seq	TRANSCRIPTOMIC	cDNA	PAIRED	SAMN29960790	PRJNA862190
Tumor	no	no	no	no	unknown	unknown	SRR20643271	PRJNA862190	SRP388072	SAMN29960794	SRS14299616	SRX16666482	SRA1462537	9606.0	Homo sapiens	ILLUMINA	Illumina HiSeq 2500	GSM6390408	RNA-Seq	TRANSCRIPTOMIC	cDNA	PAIRED	109523427	10952342700	2022-08-22	2022-08-23		Genomic and transcriptomic determinants of response to neoadjuvant therapy in rectal cancer	Illumina HiSeq 2500 sequencing: GSM6390408: JM136 Homo sapiens RNA-Seq	JM136	JM136		ftp.sra.ebi.ac.uk/vol1/fastq/SRR206/071/SRR20643271/SRR20643271_1.fastq.gz;ftp.sra.ebi.ac.uk/vol1/fastq/SRR206/071/SRR20643271/SRR20643271_2.fastq.gz	842b35aef70247631009cbfb0a449d5e;d6aba6528b0dc1360e9111ee5c9d1609	4122328321;4186914693				Homo sapiens	9606.0	RNA-Seq	TRANSCRIPTOMIC	cDNA	PAIRED	SAMN29960794	PRJNA862190
Tumor	no	no	no	no	unknown	unknown	SRR20643273	PRJNA862190	SRP388072	SAMN29960796	SRS14299613	SRX16666480	SRA1462537	9606.0	Homo sapiens	ILLUMINA	Illumina HiSeq 2500	GSM6390406	RNA-Seq	TRANSCRIPTOMIC	cDNA	PAIRED	82382455	8238245500	2022-08-22	2022-08-23		Genomic and transcriptomic determinants of response to neoadjuvant therapy in rectal cancer	Illumina HiSeq 2500 sequencing: GSM6390406: JM130 Homo sapiens RNA-Seq	JM130	JM130		ftp.sra.ebi.ac.uk/vol1/fastq/SRR206/073/SRR20643273/SRR20643273_1.fastq.gz;ftp.sra.ebi.ac.uk/vol1/fastq/SRR206/073/SRR20643273/SRR20643273_2.fastq.gz	cb98dcc1a4e1e3972988f78df93d673e;b89f28ee4e2c490af9cd2a6487884e85	3127913262;3097731698				Homo sapiens	9606.0	RNA-Seq	TRANSCRIPTOMIC	cDNA	PAIRED	SAMN29960796	PRJNA862190
Tumor	no	no	no	no	unknown	unknown	SRR20643277	PRJNA862190	SRP388072	SAMN29960800	SRS14299609	SRX16666476	SRA1462537	9606.0	Homo sapiens	ILLUMINA	Illumina HiSeq 2500	GSM6390402	RNA-Seq	TRANSCRIPTOMIC	cDNA	PAIRED	102298090	10229809000	2022-08-22	2022-08-22		Genomic and transcriptomic determinants of response to neoadjuvant therapy in rectal cancer	Illumina HiSeq 2500 sequencing: GSM6390402: JM126 Homo sapiens RNA-Seq	JM126	JM126		ftp.sra.ebi.ac.uk/vol1/fastq/SRR206/077/SRR20643277/SRR20643277_1.fastq.gz;ftp.sra.ebi.ac.uk/vol1/fastq/SRR206/077/SRR20643277/SRR20643277_2.fastq.gz	ed11d9dea707e4a75d577ba3b684cad9;50d37abcdea449c1b3ad9cc7eff26231	3790534166;3961408601											
Tumor	no	no	no	no	unknown	unknown	SRR20643280	PRJNA862190	SRP388072	SAMN29960740	SRS14299606	SRX16666473	SRA1462537	9606.0	Homo sapiens	ILLUMINA	Illumina HiSeq 2500	GSM6390462	RNA-Seq	TRANSCRIPTOMIC	cDNA	PAIRED	76698944	7669894400	2022-09-30	2022-09-30		Genomic and transcriptomic determinants of response to neoadjuvant therapy in rectal cancer	Illumina HiSeq 2500 sequencing: GSM6390462: TM307 Homo sapiens RNA-Seq	TM307	TM307		ftp.sra.ebi.ac.uk/vol1/fastq/SRR206/080/SRR20643280/SRR20643280_1.fastq.gz;ftp.sra.ebi.ac.uk/vol1/fastq/SRR206/080/SRR20643280/SRR20643280_2.fastq.gz	17e79c81e777415b8f6724c41b95a1c7;4f3ea16a6c48cc1513f7aa793d3c39bc	3009920344;3167606078				Homo sapiens	9606.0	RNA-Seq	TRANSCRIPTOMIC	cDNA	PAIRED	SAMN29960740	PRJNA862190
Tumor	no	no	no	no	unknown	unknown	SRR20643282	PRJNA862190	SRP388072	SAMN29960742	SRS14299604	SRX16666471	SRA1462537	9606.0	Homo sapiens	ILLUMINA	Illumina HiSeq 2500	GSM6390460	RNA-Seq	TRANSCRIPTOMIC	cDNA	PAIRED	99203211	9920321100	2022-08-14	2022-08-25		Genomic and transcriptomic determinants of response to neoadjuvant therapy in rectal cancer	Illumina HiSeq 2500 sequencing: GSM6390460: TM296 Homo sapiens RNA-Seq	TM296	TM296		ftp.sra.ebi.ac.uk/vol1/fastq/SRR206/082/SRR20643282/SRR20643282_1.fastq.gz;ftp.sra.ebi.ac.uk/vol1/fastq/SRR206/082/SRR20643282/SRR20643282_2.fastq.gz	9b668dbceda7df4ef889f2235caa9bd4;faa08de159edfa06ae72b5e1b0e004b2	3839976815;4063518415				Homo sapiens	9606.0	RNA-Seq	TRANSCRIPTOMIC	cDNA	PAIRED	SAMN29960742	PRJNA862190
Tumor	no	no	no	no	unknown	unknown	SRR20643284	PRJNA862190	SRP388072	SAMN29960744	SRS14299601	SRX16666469	SRA1462537	9606.0	Homo sapiens	ILLUMINA	Illumina HiSeq 2500	GSM6390458	RNA-Seq	TRANSCRIPTOMIC	cDNA	PAIRED	71730151	7173015100	2022-08-22	2022-08-23		Genomic and transcriptomic determinants of response to neoadjuvant therapy in rectal cancer	Illumina HiSeq 2500 sequencing: GSM6390458: TM285 Homo sapiens RNA-Seq	TM285	TM285		ftp.sra.ebi.ac.uk/vol1/fastq/SRR206/084/SRR20643284/SRR20643284_1.fastq.gz;ftp.sra.ebi.ac.uk/vol1/fastq/SRR206/084/SRR20643284/SRR20643284_2.fastq.gz	8f4f27f3fc56f03dc4b2a64f3f1d1229;270c78865e1725b0738ae6973d0a23bd	2743566197;2873640111				Homo sapiens	9606.0	RNA-Seq	TRANSCRIPTOMIC	cDNA	PAIRED	SAMN29960744	PRJNA862190
Tumor	no	no	no	no	unknown	unknown	SRR20643292	PRJNA862190	SRP388072	SAMN29960752	SRS14299594	SRX16666461	SRA1462537	9606.0	Homo sapiens	ILLUMINA	Illumina HiSeq 2500	GSM6390450	RNA-Seq	TRANSCRIPTOMIC	cDNA	PAIRED	80564433	8056443300	2022-08-11	2022-08-24		Genomic and transcriptomic determinants of response to neoadjuvant therapy in rectal cancer	Illumina HiSeq 2500 sequencing: GSM6390450: TM242 Homo sapiens RNA-Seq	TM242	TM242		ftp.sra.ebi.ac.uk/vol1/fastq/SRR206/092/SRR20643292/SRR20643292_1.fastq.gz;ftp.sra.ebi.ac.uk/vol1/fastq/SRR206/092/SRR20643292/SRR20643292_2.fastq.gz	ee81dc2f15e19ff9064c220811d2a1b7;b254aab1f1622dab3663d3459ec512f7	3183855024;3336570368				Homo sapiens	9606.0	RNA-Seq	TRANSCRIPTOMIC	cDNA	PAIRED	SAMN29960752	PRJNA862190
Tumor	no	no	no	no	unknown	unknown	SRR20643295	PRJNA862190	SRP388072	SAMN29960827	SRS14299592	SRX16666458	SRA1462537	9606.0	Homo sapiens	ILLUMINA	Illumina HiSeq 2500	GSM6390375	RNA-Seq	TRANSCRIPTOMIC	cDNA	PAIRED	85759513	8575951300	2022-08-22	2022-08-22		Genomic and transcriptomic determinants of response to neoadjuvant therapy in rectal cancer	Illumina HiSeq 2500 sequencing: GSM6390375: JM056 Homo sapiens RNA-Seq	JM056	JM056		ftp.sra.ebi.ac.uk/vol1/fastq/SRR206/095/SRR20643295/SRR20643295_1.fastq.gz;ftp.sra.ebi.ac.uk/vol1/fastq/SRR206/095/SRR20643295/SRR20643295_2.fastq.gz	1f67e40caaf9fd48bb0571d5d757898b;a301aba3b94e6e2e780a757487f818b9	3337804233;3530724491											
Tumor	no	no	no	no	unknown	unknown	SRR20643297	PRJNA862190	SRP388072	SAMN29960829	SRS14299589	SRX16666456	SRA1462537	9606.0	Homo sapiens	ILLUMINA	Illumina HiSeq 2500	GSM6390373	RNA-Seq	TRANSCRIPTOMIC	cDNA	PAIRED	77319357	7731935700	2022-08-12	2022-08-25		Genomic and transcriptomic determinants of response to neoadjuvant therapy in rectal cancer	Illumina HiSeq 2500 sequencing: GSM6390373: JM035 Homo sapiens RNA-Seq	JM035	JM035		ftp.sra.ebi.ac.uk/vol1/fastq/SRR206/097/SRR20643297/SRR20643297_1.fastq.gz;ftp.sra.ebi.ac.uk/vol1/fastq/SRR206/097/SRR20643297/SRR20643297_2.fastq.gz	2745c1150c23e2b3a84d52d8691e3d5d;1bcd016c94071d0eef77f017ab8317e0	2927278049;3080473098				Homo sapiens	9606.0	RNA-Seq	TRANSCRIPTOMIC	cDNA	PAIRED	SAMN29960829	PRJNA862190
Tumor	no	no	no	no	unknown	unknown	SRR20643300	PRJNA862190	SRP388072	SAMN29960832	SRS14299586	SRX16666453	SRA1462537	9606.0	Homo sapiens	ILLUMINA	Illumina HiSeq 2500	GSM6390370	RNA-Seq	TRANSCRIPTOMIC	cDNA	PAIRED	84438303	8443830300	2022-08-19	2022-10-28		Genomic and transcriptomic determinants of response to neoadjuvant therapy in rectal cancer	Illumina HiSeq 2500 sequencing: GSM6390370: JM030 Homo sapiens RNA-Seq	JM030	JM030		ftp.sra.ebi.ac.uk/vol1/fastq/SRR206/000/SRR20643300/SRR20643300_1.fastq.gz;ftp.sra.ebi.ac.uk/vol1/fastq/SRR206/000/SRR20643300/SRR20643300_2.fastq.gz	38aba7a091f7b4e414c2e361c85124bb;ad972ad5370b21f47120a37408c1edb3	3289426485;3422229602				Homo sapiens	9606.0	RNA-Seq	TRANSCRIPTOMIC	cDNA	PAIRED	SAMN29960832	PRJNA862190
Tumor	no	no	no	no	unknown	unknown	SRR20643303	PRJNA862190	SRP388072	SAMN29960835	SRS14299584	SRX16666450	SRA1462537	9606.0	Homo sapiens	ILLUMINA	Illumina HiSeq 2500	GSM6390367	RNA-Seq	TRANSCRIPTOMIC	cDNA	PAIRED	81403304	8140330400	2022-08-11	2022-08-24		Genomic and transcriptomic determinants of response to neoadjuvant therapy in rectal cancer	Illumina HiSeq 2500 sequencing: GSM6390367: JM027 Homo sapiens RNA-Seq	JM027	JM027		ftp.sra.ebi.ac.uk/vol1/fastq/SRR206/003/SRR20643303/SRR20643303_1.fastq.gz;ftp.sra.ebi.ac.uk/vol1/fastq/SRR206/003/SRR20643303/SRR20643303_2.fastq.gz	8e351914fe6a651da1a831f54aad3f9f;129dc0e9a46fe5e0968c75bea0e5c9d5	3128949604;3238033248				Homo sapiens	9606.0	RNA-Seq	TRANSCRIPTOMIC	cDNA	PAIRED	SAMN29960835	PRJNA862190
Tumor	no	no	no	no	unknown	unknown	SRR20643310	PRJNA862190	SRP388072	SAMN29960842	SRS14299576	SRX16666443	SRA1462537	9606.0	Homo sapiens	ILLUMINA	Illumina HiSeq 2500	GSM6390360	RNA-Seq	TRANSCRIPTOMIC	cDNA	PAIRED	101887381	10188738100	2022-09-01	2022-09-03		Genomic and transcriptomic determinants of response to neoadjuvant therapy in rectal cancer	Illumina HiSeq 2500 sequencing: GSM6390360: JM018 Homo sapiens RNA-Seq	JM018	JM018		ftp.sra.ebi.ac.uk/vol1/fastq/SRR206/010/SRR20643310/SRR20643310_1.fastq.gz;ftp.sra.ebi.ac.uk/vol1/fastq/SRR206/010/SRR20643310/SRR20643310_2.fastq.gz	261838601855d3c1c0193ab1bf996ddd;c6ba446817e16a80dd4e543f72a37eee	4213791225;4427196077				Homo sapiens	9606.0	RNA-Seq	TRANSCRIPTOMIC	cDNA	PAIRED	SAMN29960842	PRJNA862190
Tumor	no	no	no	no	unknown	unknown	SRR20643317	PRJNA862190	SRP388072	SAMN29960849	SRS14299569	SRX16666436	SRA1462537	9606.0	Homo sapiens	ILLUMINA	Illumina HiSeq 2500	GSM6390353	RNA-Seq	TRANSCRIPTOMIC	cDNA	PAIRED	103590149	10359014900	2022-08-11	2022-08-24		Genomic and transcriptomic determinants of response to neoadjuvant therapy in rectal cancer	Illumina HiSeq 2500 sequencing: GSM6390353: JM005 Homo sapiens RNA-Seq	JM005	JM005		ftp.sra.ebi.ac.uk/vol1/fastq/SRR206/017/SRR20643317/SRR20643317_1.fastq.gz;ftp.sra.ebi.ac.uk/vol1/fastq/SRR206/017/SRR20643317/SRR20643317_2.fastq.gz	141cc293841e4d9bb0f16dc6f175ed0d;d7c86b40432a3bf44283dd3170986921	4015090590;4312236360				Homo sapiens	9606.0	RNA-Seq	TRANSCRIPTOMIC	cDNA	PAIRED	SAMN29960849	PRJNA862190
Tumor	no	no	no	no	unknown	unknown	SRR20643326	PRJNA862190	SRP388072	SAMN29960810	SRS14299561	SRX16666427	SRA1462537	9606.0	Homo sapiens	ILLUMINA	Illumina HiSeq 2500	GSM6390392	RNA-Seq	TRANSCRIPTOMIC	cDNA	PAIRED	144944455	14494445500	2022-08-19	2022-10-29		Genomic and transcriptomic determinants of response to neoadjuvant therapy in rectal cancer	Illumina HiSeq 2500 sequencing: GSM6390392: JM104 Homo sapiens RNA-Seq	JM104	JM104		ftp.sra.ebi.ac.uk/vol1/fastq/SRR206/026/SRR20643326/SRR20643326_1.fastq.gz;ftp.sra.ebi.ac.uk/vol1/fastq/SRR206/026/SRR20643326/SRR20643326_2.fastq.gz	d868f7ec3419f0bcf0ba1fb558bb5264;a53240b74ca05e4033cd4334401db895	5524802019;5591333862				Homo sapiens	9606.0	RNA-Seq	TRANSCRIPTOMIC	cDNA	PAIRED	SAMN29960810	PRJNA862190
Tumor	no	no	no	no	unknown	unknown	SRR20643331	PRJNA862190	SRP388072	SAMN29960815	SRS14299555	SRX16666422	SRA1462537	9606.0	Homo sapiens	ILLUMINA	Illumina HiSeq 2500	GSM6390387	RNA-Seq	TRANSCRIPTOMIC	cDNA	PAIRED	85364162	8536416200	2022-08-22	2022-08-22		Genomic and transcriptomic determinants of response to neoadjuvant therapy in rectal cancer	Illumina HiSeq 2500 sequencing: GSM6390387: JM084 Homo sapiens RNA-Seq	JM084	JM084		ftp.sra.ebi.ac.uk/vol1/fastq/SRR206/031/SRR20643331/SRR20643331_1.fastq.gz;ftp.sra.ebi.ac.uk/vol1/fastq/SRR206/031/SRR20643331/SRR20643331_2.fastq.gz	5f10c2b01aaf52679a280d5fbd3bdbde;39a1f201f6449b691fce98e6fd8f819e	3357670990;3501682426				Homo sapiens	9606.0	RNA-Seq	TRANSCRIPTOMIC	cDNA	PAIRED	SAMN29960815	PRJNA862190
Tumor	no	no	no	no	unknown	unknown	SRR20643332	PRJNA862190	SRP388072	SAMN29960816	SRS14299554	SRX16666421	SRA1462537	9606.0	Homo sapiens	ILLUMINA	Illumina HiSeq 2500	GSM6390386	RNA-Seq	TRANSCRIPTOMIC	cDNA	PAIRED	89180984	8918098400	2022-08-22	2022-08-23		Genomic and transcriptomic determinants of response to neoadjuvant therapy in rectal cancer	Illumina HiSeq 2500 sequencing: GSM6390386: JM083 Homo sapiens RNA-Seq	JM083	JM083		ftp.sra.ebi.ac.uk/vol1/fastq/SRR206/032/SRR20643332/SRR20643332_1.fastq.gz;ftp.sra.ebi.ac.uk/vol1/fastq/SRR206/032/SRR20643332/SRR20643332_2.fastq.gz	fe1770ab42e4c25f7bf7a85724142b2f;124fbc52ecf24f4b1f1e82a06b4290dd	3519774975;3637289697				Homo sapiens	9606.0	RNA-Seq	TRANSCRIPTOMIC	cDNA	PAIRED	SAMN29960816	PRJNA862190
Tumor	no	no	no	no	unknown	unknown	SRR20643336	PRJNA862190	SRP388072	SAMN29960820	SRS14299550	SRX16666417	SRA1462537	9606.0	Homo sapiens	ILLUMINA	Illumina HiSeq 2500	GSM6390382	RNA-Seq	TRANSCRIPTOMIC	cDNA	PAIRED	109374210	10937421000	2022-08-11	2022-08-24		Genomic and transcriptomic determinants of response to neoadjuvant therapy in rectal cancer	Illumina HiSeq 2500 sequencing: GSM6390382: JM076 Homo sapiens RNA-Seq	JM076	JM076		ftp.sra.ebi.ac.uk/vol1/fastq/SRR206/036/SRR20643336/SRR20643336_1.fastq.gz;ftp.sra.ebi.ac.uk/vol1/fastq/SRR206/036/SRR20643336/SRR20643336_2.fastq.gz	c76e5d124fec51d30cce2b46d1cff90f;60fc1de486506ef8054ecac4061cb103	4229441321;4407721251				Homo sapiens	9606.0	RNA-Seq	TRANSCRIPTOMIC	cDNA	PAIRED	SAMN29960820	PRJNA862190
Tumor	no	no	no	no	unknown	unknown	SRR20643338	PRJNA862190	SRP388072	SAMN29960822	SRS14299547	SRX16666415	SRA1462537	9606.0	Homo sapiens	ILLUMINA	Illumina HiSeq 2500	GSM6390380	RNA-Seq	TRANSCRIPTOMIC	cDNA	PAIRED	83972638	8397263800	2022-08-11	2022-08-24		Genomic and transcriptomic determinants of response to neoadjuvant therapy in rectal cancer	Illumina HiSeq 2500 sequencing: GSM6390380: JM064 Homo sapiens RNA-Seq	JM064	JM064		ftp.sra.ebi.ac.uk/vol1/fastq/SRR206/038/SRR20643338/SRR20643338_1.fastq.gz;ftp.sra.ebi.ac.uk/vol1/fastq/SRR206/038/SRR20643338/SRR20643338_2.fastq.gz	95da8d760fa3e5bb38e122e71c9a75b5;6e8247fc64a6f7a4addf2700da1fc42d	3242426229;3396541608				Homo sapiens	9606.0	RNA-Seq	TRANSCRIPTOMIC	cDNA	PAIRED	SAMN29960822	PRJNA862190
Tumor	no	no	no	no	unknown	unknown	SRR20643342	PRJNA862190	SRP388072	SAMN29960826	SRS14299544	SRX16666411	SRA1462537	9606.0	Homo sapiens	ILLUMINA	Illumina HiSeq 2500	GSM6390376	RNA-Seq	TRANSCRIPTOMIC	cDNA	PAIRED	81026465	8102646500	2022-08-12	2022-08-25		Genomic and transcriptomic determinants of response to neoadjuvant therapy in rectal cancer	Illumina HiSeq 2500 sequencing: GSM6390376: JM058 Homo sapiens RNA-Seq	JM058	JM058		ftp.sra.ebi.ac.uk/vol1/fastq/SRR206/042/SRR20643342/SRR20643342_1.fastq.gz;ftp.sra.ebi.ac.uk/vol1/fastq/SRR206/042/SRR20643342/SRR20643342_2.fastq.gz	6c91d20c8d13928930114d6dff38f2ea;6623b10399abbf0aebcab06fde802252	3139044741;3281325353				Homo sapiens	9606.0	RNA-Seq	TRANSCRIPTOMIC	cDNA	PAIRED	SAMN29960826	PRJNA862190
Tumor	no	no	no	no	unknown	unknown	SRR20643343	PRJNA862190	SRP388072	SAMN29960851	SRS14299543	SRX16666410	SRA1462537	9606.0	Homo sapiens	ILLUMINA	Illumina HiSeq 2500	GSM6390351	RNA-Seq	TRANSCRIPTOMIC	cDNA	PAIRED	89585261	8958526100	2022-08-19	2022-10-27		Genomic and transcriptomic determinants of response to neoadjuvant therapy in rectal cancer	Illumina HiSeq 2500 sequencing: GSM6390351: JM003 Homo sapiens RNA-Seq	JM003	JM003		ftp.sra.ebi.ac.uk/vol1/fastq/SRR206/043/SRR20643343/SRR20643343_1.fastq.gz;ftp.sra.ebi.ac.uk/vol1/fastq/SRR206/043/SRR20643343/SRR20643343_2.fastq.gz	a46df4f1e3ac4fdb86805b32b90d241d;6c41bed4f1e108781a02b1a3cc5bbf61	3518667198;3731738912				Homo sapiens	9606.0	RNA-Seq	TRANSCRIPTOMIC	cDNA	PAIRED	SAMN29960851	PRJNA862190
Tumor	no	no	no	no	unknown	unknown	SRR23610239	PRJNA938399	SRP424408	SAMN33434820	SRS16885198	SRX19495131	SRA1595430	9606.0	Homo sapiens	ILLUMINA	Illumina NovaSeq 6000	GSM7061833	RNA-Seq	TRANSCRIPTOMIC	cDNA	PAIRED	40225276	8125505752	2023-03-03	2023-03-16		Gene Expression Profiles Associated with Radio-Responsiveness in Locally Advanced Rectal Cancer	Illumina NovaSeq 6000 sequencing: GSM7061833: Radiorsensitive-3, 19T Homo sapiens RNA-Seq	Radiorsensitive-3, 19T	Radiorsensitive-3, 19T		ftp.sra.ebi.ac.uk/vol1/fastq/SRR236/039/SRR23610239/SRR23610239_1.fastq.gz;ftp.sra.ebi.ac.uk/vol1/fastq/SRR236/039/SRR23610239/SRR23610239_2.fastq.gz	69d16c1e63310066cd33a7fea163f849;fac112e84eed6ed48c71058f73783d5e	2019221249;2104854235				Homo sapiens	9606.0	RNA-Seq	TRANSCRIPTOMIC	cDNA	PAIRED	SAMN33434820	PRJNA938399
Tumor	no	no	no	no	unknown	unknown	SRR23610241	PRJNA938399	SRP424408	SAMN33434822	SRS16885199	SRX19495129	SRA1595430	9606.0	Homo sapiens	ILLUMINA	Illumina NovaSeq 6000	GSM7061831	RNA-Seq	TRANSCRIPTOMIC	cDNA	PAIRED	45821074	9255856948	2023-03-03	2023-03-16		Gene Expression Profiles Associated with Radio-Responsiveness in Locally Advanced Rectal Cancer	Illumina NovaSeq 6000 sequencing: GSM7061831: Radiorsensitive-1, 12T Homo sapiens RNA-Seq	Radiorsensitive-1, 12T	Radiorsensitive-1, 12T		ftp.sra.ebi.ac.uk/vol1/fastq/SRR236/041/SRR23610241/SRR23610241_1.fastq.gz;ftp.sra.ebi.ac.uk/vol1/fastq/SRR236/041/SRR23610241/SRR23610241_2.fastq.gz	c67489d786430d41c141e01efd5277b2;590ab934b47eee22e668f28757e8ce80	2292922363;2387420242				Homo sapiens	9606.0	RNA-Seq	TRANSCRIPTOMIC	cDNA	PAIRED	SAMN33434822	PRJNA938399
Tumor	no	no	no	no	unknown	unknown	SRR23610242	PRJNA938399	SRP424408	SAMN33434823	SRS16885197	SRX19495128	SRA1595430	9606.0	Homo sapiens	ILLUMINA	Illumina NovaSeq 6000	GSM7061830	RNA-Seq	TRANSCRIPTOMIC	cDNA	PAIRED	44014217	8890871834	2023-03-03	2023-03-16		Gene Expression Profiles Associated with Radio-Responsiveness in Locally Advanced Rectal Cancer	Illumina NovaSeq 6000 sequencing: GSM7061830: Radioresistant-3, 22T Homo sapiens RNA-Seq	Radioresistant-3, 22T	Radioresistant-3, 22T		ftp.sra.ebi.ac.uk/vol1/fastq/SRR236/042/SRR23610242/SRR23610242_1.fastq.gz;ftp.sra.ebi.ac.uk/vol1/fastq/SRR236/042/SRR23610242/SRR23610242_2.fastq.gz	3ccdf2a70e8cf29a2c1d8d0a83e53581;21c819b7315939a682fa6a82f8eb4971	2205558290;2301025417				Homo sapiens	9606.0	RNA-Seq	TRANSCRIPTOMIC	cDNA	PAIRED	SAMN33434823	PRJNA938399
Tumor	no	no	no	no	unknown	unknown	SRR23610243	PRJNA938399	SRP424408	SAMN33434824	SRS16885196	SRX19495127	SRA1595430	9606.0	Homo sapiens	ILLUMINA	Illumina NovaSeq 6000	GSM7061829	RNA-Seq	TRANSCRIPTOMIC	cDNA	PAIRED	46502256	9393455712	2023-03-03	2023-03-17		Gene Expression Profiles Associated with Radio-Responsiveness in Locally Advanced Rectal Cancer	Illumina NovaSeq 6000 sequencing: GSM7061829: Radioresistant-2, 18T Homo sapiens RNA-Seq	Radioresistant-2, 18T	Radioresistant-2, 18T		ftp.sra.ebi.ac.uk/vol1/fastq/SRR236/043/SRR23610243/SRR23610243_1.fastq.gz;ftp.sra.ebi.ac.uk/vol1/fastq/SRR236/043/SRR23610243/SRR23610243_2.fastq.gz	05d37aaddd8101b69156a1f08be00de4;021d4f601949ad9a56087bc188333a43	2324250339;2401728567				Homo sapiens	9606.0	RNA-Seq	TRANSCRIPTOMIC	cDNA	PAIRED	SAMN33434824	PRJNA938399
Tumor	no	yes	no	no	unknown	unknown	SRR12454954	PRJNA657259	SRP277545	SAMN15823056	SRS7204621	SRX8949343	SRA1112961	9606.0	Homo sapiens	ILLUMINA	Illumina NovaSeq 6000		RNA-Seq	TRANSCRIPTOMIC	cDNA	PAIRED	35333435	10600030500	2023-08-18	2023-08-19	GEO	Therapy-induced senescence of cancer-associated fibroblasts determines survival in rectal cancer	Illumina NovaSeq 6000 sequencing: GSM4728164: 10971-13 Tumor biopsy Homo sapiens RNA-Seq	10971-13 Tumor biopsy	10971-13 Tumor biopsy		ftp.sra.ebi.ac.uk/vol1/fastq/SRR124/054/SRR12454954/SRR12454954_1.fastq.gz;ftp.sra.ebi.ac.uk/vol1/fastq/SRR124/054/SRR12454954/SRR12454954_2.fastq.gz	d6f6628c068e0e06f102aabf6db5ba97;6beb542da4ab4424cc64bbd0ecfc2ad7	1418675637;1489325397				Homo sapiens	9606.0	RNA-Seq	TRANSCRIPTOMIC	cDNA	PAIRED	SAMN15823056	PRJNA657259
Tumor	no	yes	no	no	unknown	unknown	SRR12454956	PRJNA657259	SRP277545	SAMN15823054	SRS7204623	SRX8949345	SRA1112961	9606.0	Homo sapiens	ILLUMINA	Illumina NovaSeq 6000		RNA-Seq	TRANSCRIPTOMIC	cDNA	PAIRED	32200876	9660262800	2023-08-18	2023-08-19	GEO	Therapy-induced senescence of cancer-associated fibroblasts determines survival in rectal cancer	Illumina NovaSeq 6000 sequencing: GSM4728166: 116647-13 Tumor biopsy Homo sapiens RNA-Seq	116647-13 Tumor biopsy	116647-13 Tumor biopsy		ftp.sra.ebi.ac.uk/vol1/fastq/SRR124/056/SRR12454956/SRR12454956_1.fastq.gz;ftp.sra.ebi.ac.uk/vol1/fastq/SRR124/056/SRR12454956/SRR12454956_2.fastq.gz	1ff49e7051a34f169fcebf7b333c4a57;1638896f187070d473ea04f1452827ad	1397424939;1428058022											
Tumor	no	yes	no	no	unknown	unknown	SRR12454964	PRJNA657259	SRP277545	SAMN15823090	SRS7204631	SRX8949353	SRA1112961	9606.0	Homo sapiens	ILLUMINA	Illumina NovaSeq 6000		RNA-Seq	TRANSCRIPTOMIC	cDNA	PAIRED	32649501	9794850300	2023-08-18	2023-08-19	GEO	Therapy-induced senescence of cancer-associated fibroblasts determines survival in rectal cancer	Illumina NovaSeq 6000 sequencing: GSM4728174: 17645-13 Tumor biopsy Homo sapiens RNA-Seq	17645-13 Tumor biopsy	17645-13 Tumor biopsy		ftp.sra.ebi.ac.uk/vol1/fastq/SRR124/064/SRR12454964/SRR12454964_1.fastq.gz;ftp.sra.ebi.ac.uk/vol1/fastq/SRR124/064/SRR12454964/SRR12454964_2.fastq.gz	80c7ddedfa47ef99f783b0275181ba8d;c9dc6400320c46f7bc6afd897e3f7e1e	1480396330;1529412234											
Tumor	no	yes	no	no	unknown	unknown	SRR12454966	PRJNA657259	SRP277545	SAMN15823088	SRS7204633	SRX8949355	SRA1112961	9606.0	Homo sapiens	ILLUMINA	Illumina NovaSeq 6000		RNA-Seq	TRANSCRIPTOMIC	cDNA	PAIRED	37669182	11300754600	2023-08-18	2023-08-19	GEO	Therapy-induced senescence of cancer-associated fibroblasts determines survival in rectal cancer	Illumina NovaSeq 6000 sequencing: GSM4728176: 18419-09 Tumor biopsy Homo sapiens RNA-Seq	18419-09 Tumor biopsy	18419-09 Tumor biopsy		ftp.sra.ebi.ac.uk/vol1/fastq/SRR124/066/SRR12454966/SRR12454966_1.fastq.gz;ftp.sra.ebi.ac.uk/vol1/fastq/SRR124/066/SRR12454966/SRR12454966_2.fastq.gz	e3abeef7f0281a6adc2b1f5e1f0de7c5;5329eb4111c19bbc5022b91218114472	1466006099;1538465964											
Tumor	no	yes	no	no	unknown	unknown	SRR12454968	PRJNA657259	SRP277545	SAMN15823086	SRS7204636	SRX8949357	SRA1112961	9606.0	Homo sapiens	ILLUMINA	Illumina NovaSeq 6000		RNA-Seq	TRANSCRIPTOMIC	cDNA	PAIRED	38104323	11431296900	2023-08-18	2023-08-19	GEO	Therapy-induced senescence of cancer-associated fibroblasts determines survival in rectal cancer	Illumina NovaSeq 6000 sequencing: GSM4728178: 20536-13 Tumor biopsy Homo sapiens RNA-Seq	20536-13 Tumor biopsy	20536-13 Tumor biopsy		ftp.sra.ebi.ac.uk/vol1/fastq/SRR124/068/SRR12454968/SRR12454968_1.fastq.gz;ftp.sra.ebi.ac.uk/vol1/fastq/SRR124/068/SRR12454968/SRR12454968_2.fastq.gz	3586e25715d848257958ee1b88affa3b;1a7d86e7cbb04bcc5d34efa09d251567	1705403726;1748660772				Homo sapiens	9606.0	RNA-Seq	TRANSCRIPTOMIC	cDNA	PAIRED	SAMN15823086	PRJNA657259
Tumor	no	yes	no	no	unknown	unknown	SRR12454971	PRJNA657259	SRP277545	SAMN15823083	SRS7204638	SRX8949360	SRA1112961	9606.0	Homo sapiens	ILLUMINA	Illumina NovaSeq 6000		RNA-Seq	TRANSCRIPTOMIC	cDNA	PAIRED	39776446	11932933800	2023-08-18	2023-08-19	GEO	Therapy-induced senescence of cancer-associated fibroblasts determines survival in rectal cancer	Illumina NovaSeq 6000 sequencing: GSM4728181: 2676-12 Tumor biopsy Homo sapiens RNA-Seq	2676-12 Tumor biopsy	2676-12 Tumor biopsy		ftp.sra.ebi.ac.uk/vol1/fastq/SRR124/071/SRR12454971/SRR12454971_1.fastq.gz;ftp.sra.ebi.ac.uk/vol1/fastq/SRR124/071/SRR12454971/SRR12454971_2.fastq.gz	e462afab1eee3689d26ca1fe1e63cf68;088d1469a921ff011a3eb34b7b42ac05	1694174430;1746812523				Homo sapiens	9606.0	RNA-Seq	TRANSCRIPTOMIC	cDNA	PAIRED	SAMN15823083	PRJNA657259
Tumor	no	yes	no	no	unknown	unknown	SRR12454973	PRJNA657259	SRP277545	SAMN15823081	SRS7204640	SRX8949362	SRA1112961	9606.0	Homo sapiens	ILLUMINA	Illumina NovaSeq 6000		RNA-Seq	TRANSCRIPTOMIC	cDNA	PAIRED	31920920	9576276000	2023-08-18	2023-08-19	GEO	Therapy-induced senescence of cancer-associated fibroblasts determines survival in rectal cancer	Illumina NovaSeq 6000 sequencing: GSM4728183: 30948-12 Tumor biopsy Homo sapiens RNA-Seq	30948-12 Tumor biopsy	30948-12 Tumor biopsy		ftp.sra.ebi.ac.uk/vol1/fastq/SRR124/073/SRR12454973/SRR12454973_1.fastq.gz;ftp.sra.ebi.ac.uk/vol1/fastq/SRR124/073/SRR12454973/SRR12454973_2.fastq.gz	2811c0e72aa57748d72f45517e0b3915;95b90099aa8f1295f09bd81129c2975c	1418331772;1479993736				Homo sapiens	9606.0	RNA-Seq	TRANSCRIPTOMIC	cDNA	PAIRED	SAMN15823081	PRJNA657259
Tumor	no	yes	no	no	unknown	unknown	SRR12454974	PRJNA657259	SRP277545	SAMN15823080	SRS7204641	SRX8949363	SRA1112961	9606.0	Homo sapiens	ILLUMINA	Illumina NovaSeq 6000		RNA-Seq	TRANSCRIPTOMIC	cDNA	PAIRED	37960397	11388119100	2023-08-18	2023-08-19	GEO	Therapy-induced senescence of cancer-associated fibroblasts determines survival in rectal cancer	Illumina NovaSeq 6000 sequencing: GSM4728184: 31285-08 Tumor biopsy Homo sapiens RNA-Seq	31285-08 Tumor biopsy	31285-08 Tumor biopsy		ftp.sra.ebi.ac.uk/vol1/fastq/SRR124/074/SRR12454974/SRR12454974_1.fastq.gz;ftp.sra.ebi.ac.uk/vol1/fastq/SRR124/074/SRR12454974/SRR12454974_2.fastq.gz	ec223a4211a9dd8bbd3a1a859165b61d;ec9e737bb095f40f9d9d1b7ff00ea37a	1249991108;1317853738				Homo sapiens	9606.0	RNA-Seq	TRANSCRIPTOMIC	cDNA	PAIRED	SAMN15823080	PRJNA657259
Tumor	no	yes	no	no	unknown	unknown	SRR12454975	PRJNA657259	SRP277545	SAMN15823079	SRS7204642	SRX8949364	SRA1112961	9606.0	Homo sapiens	ILLUMINA	Illumina NovaSeq 6000		RNA-Seq	TRANSCRIPTOMIC	cDNA	PAIRED	37824070	11347221000	2023-08-18	2023-08-19	GEO	Therapy-induced senescence of cancer-associated fibroblasts determines survival in rectal cancer	Illumina NovaSeq 6000 sequencing: GSM4728185: 3857-14 Tumor biopsy Homo sapiens RNA-Seq	3857-14 Tumor biopsy	3857-14 Tumor biopsy		ftp.sra.ebi.ac.uk/vol1/fastq/SRR124/075/SRR12454975/SRR12454975_1.fastq.gz;ftp.sra.ebi.ac.uk/vol1/fastq/SRR124/075/SRR12454975/SRR12454975_2.fastq.gz	79d485f5cd51bbaec0b761dc0932ac59;6cc933a0812acc2a05df7c7cd93ec2bc	1730642344;1784739302				Homo sapiens	9606.0	RNA-Seq	TRANSCRIPTOMIC	cDNA	PAIRED	SAMN15823079	PRJNA657259
Tumor	no	yes	no	no	unknown	unknown	SRR12454983	PRJNA657259	SRP277545	SAMN15823115	SRS7204650	SRX8949372	SRA1112961	9606.0	Homo sapiens	ILLUMINA	Illumina NovaSeq 6000		RNA-Seq	TRANSCRIPTOMIC	cDNA	PAIRED	38837456	11651236800	2023-08-18	2023-08-19	GEO	Therapy-induced senescence of cancer-associated fibroblasts determines survival in rectal cancer	Illumina NovaSeq 6000 sequencing: GSM4728193: 5166-09 Tumor biopsy Homo sapiens RNA-Seq	5166-09 Tumor biopsy	5166-09 Tumor biopsy		ftp.sra.ebi.ac.uk/vol1/fastq/SRR124/083/SRR12454983/SRR12454983_1.fastq.gz;ftp.sra.ebi.ac.uk/vol1/fastq/SRR124/083/SRR12454983/SRR12454983_2.fastq.gz	86143bd7375d2a2ca39c270510f723b4;d839a0aca1157849d02f0807c744d948	1589738154;1639234671				Homo sapiens	9606.0	RNA-Seq	TRANSCRIPTOMIC	cDNA	PAIRED	SAMN15823115	PRJNA657259
Tumor	no	yes	no	no	unknown	unknown	SRR12454987	PRJNA657259	SRP277545	SAMN15823111	SRS7204654	SRX8949376	SRA1112961	9606.0	Homo sapiens	ILLUMINA	Illumina NovaSeq 6000		RNA-Seq	TRANSCRIPTOMIC	cDNA	PAIRED	37558240	11267472000	2023-08-18	2023-08-19	GEO	Therapy-induced senescence of cancer-associated fibroblasts determines survival in rectal cancer	Illumina NovaSeq 6000 sequencing: GSM4728197: 6007-11 Tumor biopsy Homo sapiens RNA-Seq	6007-11 Tumor biopsy	6007-11 Tumor biopsy		ftp.sra.ebi.ac.uk/vol1/fastq/SRR124/087/SRR12454987/SRR12454987_1.fastq.gz;ftp.sra.ebi.ac.uk/vol1/fastq/SRR124/087/SRR12454987/SRR12454987_2.fastq.gz	6ebd8e0468ed1282edd2eafd47b81aee;26a4cd9e7ef0a410f9705eea832eb570	1670047625;1734647790											
Tumor	no	yes	no	no	unknown	unknown	SRR12454990	PRJNA657259	SRP277545	SAMN15823108	SRS7204657	SRX8949379	SRA1112961	9606.0	Homo sapiens	ILLUMINA	Illumina NovaSeq 6000		RNA-Seq	TRANSCRIPTOMIC	cDNA	PAIRED	31005780	9301734000	2023-08-18	2023-08-19	GEO	Therapy-induced senescence of cancer-associated fibroblasts determines survival in rectal cancer	Illumina NovaSeq 6000 sequencing: GSM4728200: 6110-1 Tumor biopsy Homo sapiens RNA-Seq	6110-1 Tumor biopsy	6110-1 Tumor biopsy		ftp.sra.ebi.ac.uk/vol1/fastq/SRR124/090/SRR12454990/SRR12454990_1.fastq.gz;ftp.sra.ebi.ac.uk/vol1/fastq/SRR124/090/SRR12454990/SRR12454990_2.fastq.gz	01ceced40a3447bdd4b737e15da0c0e7;5e0e33d5d9807c6b9b06ea69b921ecbf	1400568088;1441560574											
Tumor	no	yes	no	no	unknown	unknown	SRR12454993	PRJNA657259	SRP277545	SAMN15823105	SRS7204661	SRX8949382	SRA1112961	9606.0	Homo sapiens	ILLUMINA	Illumina NovaSeq 6000		RNA-Seq	TRANSCRIPTOMIC	cDNA	PAIRED	27653235	8295970500	2023-08-18	2023-08-19	GEO	Therapy-induced senescence of cancer-associated fibroblasts determines survival in rectal cancer	Illumina NovaSeq 6000 sequencing: GSM4728203: 64809-10 Tumor biopsy Homo sapiens RNA-Seq	64809-10 Tumor biopsy	64809-10 Tumor biopsy		ftp.sra.ebi.ac.uk/vol1/fastq/SRR124/093/SRR12454993/SRR12454993_1.fastq.gz;ftp.sra.ebi.ac.uk/vol1/fastq/SRR124/093/SRR12454993/SRR12454993_2.fastq.gz	d429dd4ca8cccd407dd6c96f8098d1b7;4c5c0cda051c930d57667f5221886777	1291734858;1318216070				Homo sapiens	9606.0	RNA-Seq	TRANSCRIPTOMIC	cDNA	PAIRED	SAMN15823105	PRJNA657259
Tumor	no	yes	no	no	unknown	unknown	SRR12454997	PRJNA657259	SRP277545	SAMN15823101	SRS7204664	SRX8949386	SRA1112961	9606.0	Homo sapiens	ILLUMINA	Illumina NovaSeq 6000		RNA-Seq	TRANSCRIPTOMIC	cDNA	PAIRED	34213520	10264056000	2023-08-18	2023-08-19	GEO	Therapy-induced senescence of cancer-associated fibroblasts determines survival in rectal cancer	Illumina NovaSeq 6000 sequencing: GSM4728207: 75693-12 Tumor biopsy Homo sapiens RNA-Seq	75693-12 Tumor biopsy	75693-12 Tumor biopsy		ftp.sra.ebi.ac.uk/vol1/fastq/SRR124/097/SRR12454997/SRR12454997_1.fastq.gz;ftp.sra.ebi.ac.uk/vol1/fastq/SRR124/097/SRR12454997/SRR12454997_2.fastq.gz	1cbb0ecd0bee0629415792e18010bcd7;0a0b1121bb85c2ca5d6c003dbb2213d1	1572327073;1626961303				Homo sapiens	9606.0	RNA-Seq	TRANSCRIPTOMIC	cDNA	PAIRED	SAMN15823101	PRJNA657259
Tumor	no	yes	no	no	unknown	unknown	SRR12454998	PRJNA657259	SRP277545	SAMN15823100	SRS7204665	SRX8949387	SRA1112961	9606.0	Homo sapiens	ILLUMINA	Illumina NovaSeq 6000		RNA-Seq	TRANSCRIPTOMIC	cDNA	PAIRED	31777393	9533217900	2023-08-18	2023-08-19	GEO	Therapy-induced senescence of cancer-associated fibroblasts determines survival in rectal cancer	Illumina NovaSeq 6000 sequencing: GSM4728208: 76228-13 Tumor biopsy Homo sapiens RNA-Seq	76228-13 Tumor biopsy	76228-13 Tumor biopsy		ftp.sra.ebi.ac.uk/vol1/fastq/SRR124/098/SRR12454998/SRR12454998_1.fastq.gz;ftp.sra.ebi.ac.uk/vol1/fastq/SRR124/098/SRR12454998/SRR12454998_2.fastq.gz	69385064a96c1c60651d8c5407aea821;e2fe9ce09de9267934f2dd9dfef44548	1366752486;1422241088				Homo sapiens	9606.0	RNA-Seq	TRANSCRIPTOMIC	cDNA	PAIRED	SAMN15823100	PRJNA657259
Tumor	no	yes	no	no	unknown	unknown	SRR12455004	PRJNA657259	SRP277545	SAMN15823127	SRS7204670	SRX8949393	SRA1112961	9606.0	Homo sapiens	ILLUMINA	Illumina NovaSeq 6000		RNA-Seq	TRANSCRIPTOMIC	cDNA	PAIRED	35488542	10646562600	2023-08-18	2023-08-19	GEO	Therapy-induced senescence of cancer-associated fibroblasts determines survival in rectal cancer	Illumina NovaSeq 6000 sequencing: GSM4728214: 99514-10 Tumor biopsy Homo sapiens RNA-Seq	99514-10 Tumor biopsy	99514-10 Tumor biopsy		ftp.sra.ebi.ac.uk/vol1/fastq/SRR124/004/SRR12455004/SRR12455004_1.fastq.gz;ftp.sra.ebi.ac.uk/vol1/fastq/SRR124/004/SRR12455004/SRR12455004_2.fastq.gz	0865fc14437d36c25ee59671d235c28d;e6129e19826d455cc64f5b08fbdbb02c	1650689549;1690389218				Homo sapiens	9606.0	RNA-Seq	TRANSCRIPTOMIC	cDNA	PAIRED	SAMN15823127	PRJNA657259
Tumor	no	yes	no	no	unknown	unknown	SRR12455007	PRJNA657259	SRP277545	SAMN15823043	SRS7204673	SRX8949396	SRA1112961	9606.0	Homo sapiens	ILLUMINA	Illumina NovaSeq 6000		RNA-Seq	TRANSCRIPTOMIC	cDNA	PAIRED	28708319	8612495700	2023-08-18	2023-08-19	GEO	Therapy-induced senescence of cancer-associated fibroblasts determines survival in rectal cancer	Illumina NovaSeq 6000 sequencing: GSM4728217: H02336-17 Tumor biopsy Homo sapiens RNA-Seq	H02336-17 Tumor biopsy	H02336-17 Tumor biopsy		ftp.sra.ebi.ac.uk/vol1/fastq/SRR124/007/SRR12455007/SRR12455007_1.fastq.gz;ftp.sra.ebi.ac.uk/vol1/fastq/SRR124/007/SRR12455007/SRR12455007_2.fastq.gz	3621633f6b61b28bbb3ad42f37269b31;0cfb24201817d2c76130cba4ff39c106	1443568314;1446900679				Homo sapiens	9606.0	RNA-Seq	TRANSCRIPTOMIC	cDNA	PAIRED	SAMN15823043	PRJNA657259
Tumor	no	yes	no	no	unknown	unknown	SRR12455009	PRJNA657259	SRP277545	SAMN15823035	SRS7204676	SRX8949398	SRA1112961	9606.0	Homo sapiens	ILLUMINA	Illumina NovaSeq 6000		RNA-Seq	TRANSCRIPTOMIC	cDNA	PAIRED	22400321	6720096300	2023-08-18	2023-08-19	GEO	Therapy-induced senescence of cancer-associated fibroblasts determines survival in rectal cancer	Illumina NovaSeq 6000 sequencing: GSM4728219: H06621-17 Tumor biopsy Homo sapiens RNA-Seq	H06621-17 Tumor biopsy	H06621-17 Tumor biopsy		ftp.sra.ebi.ac.uk/vol1/fastq/SRR124/009/SRR12455009/SRR12455009_1.fastq.gz;ftp.sra.ebi.ac.uk/vol1/fastq/SRR124/009/SRR12455009/SRR12455009_2.fastq.gz	a027e3835c97aeca0b13aa40ef46f014;08326fba16e5f0eb2e0cc4ed36b50d52	1074951867;1078443027				Homo sapiens	9606.0	RNA-Seq	TRANSCRIPTOMIC	cDNA	PAIRED	SAMN15823035	PRJNA657259
Tumor	no	yes	no	no	unknown	unknown	SRR12455010	PRJNA657259	SRP277545	SAMN15823041	SRS7204678	SRX8949399	SRA1112961	9606.0	Homo sapiens	ILLUMINA	Illumina NovaSeq 6000		RNA-Seq	TRANSCRIPTOMIC	cDNA	PAIRED	49535539	14860661700	2023-08-18	2023-08-19	GEO	Therapy-induced senescence of cancer-associated fibroblasts determines survival in rectal cancer	Illumina NovaSeq 6000 sequencing: GSM4728220: H10843-17 Tumor biopsy Homo sapiens RNA-Seq	H10843-17 Tumor biopsy	H10843-17 Tumor biopsy		ftp.sra.ebi.ac.uk/vol1/fastq/SRR124/010/SRR12455010/SRR12455010_1.fastq.gz;ftp.sra.ebi.ac.uk/vol1/fastq/SRR124/010/SRR12455010/SRR12455010_2.fastq.gz	00b44292778f0930b3d2ff60b1930b4d;ee1e8450684820554fe6a00bc6ed5055	2265018872;2314643655				Homo sapiens	9606.0	RNA-Seq	TRANSCRIPTOMIC	cDNA	PAIRED	SAMN15823041	PRJNA657259
Tumor	no	yes	no	no	unknown	unknown	SRR12455011	PRJNA657259	SRP277545	SAMN15823040	SRS7204677	SRX8949400	SRA1112961	9606.0	Homo sapiens	ILLUMINA	Illumina NovaSeq 6000		RNA-Seq	TRANSCRIPTOMIC	cDNA	PAIRED	30728501	9218550300	2023-08-18	2023-08-19	GEO	Therapy-induced senescence of cancer-associated fibroblasts determines survival in rectal cancer	Illumina NovaSeq 6000 sequencing: GSM4728221: H109499-14 Tumor biopsy Homo sapiens RNA-Seq	H109499-14 Tumor biopsy	H109499-14 Tumor biopsy		ftp.sra.ebi.ac.uk/vol1/fastq/SRR124/011/SRR12455011/SRR12455011_1.fastq.gz;ftp.sra.ebi.ac.uk/vol1/fastq/SRR124/011/SRR12455011/SRR12455011_2.fastq.gz	1ce32a85f19eda6a6b4fd7c056d58383;8f75fc4fea7476f347e7fe10a512cf51	1387056804;1410638232				Homo sapiens	9606.0	RNA-Seq	TRANSCRIPTOMIC	cDNA	PAIRED	SAMN15823040	PRJNA657259
Tumor	no	yes	no	no	unknown	unknown	SRR12455013	PRJNA657259	SRP277545	SAMN15823038	SRS7204680	SRX8949402	SRA1112961	9606.0	Homo sapiens	ILLUMINA	Illumina NovaSeq 6000		RNA-Seq	TRANSCRIPTOMIC	cDNA	PAIRED	57993352	17398005600	2023-08-18	2023-08-19	GEO	Therapy-induced senescence of cancer-associated fibroblasts determines survival in rectal cancer	Illumina NovaSeq 6000 sequencing: GSM4728223: H119754-15 Tumor biopsy Homo sapiens RNA-Seq	H119754-15 Tumor biopsy	H119754-15 Tumor biopsy		ftp.sra.ebi.ac.uk/vol1/fastq/SRR124/013/SRR12455013/SRR12455013_1.fastq.gz;ftp.sra.ebi.ac.uk/vol1/fastq/SRR124/013/SRR12455013/SRR12455013_2.fastq.gz	e18fc260d433af4ccc64db54ac642ec6;9b9cb2094cd28b05138f5af2ee56d935	2385214668;2388118406				Homo sapiens	9606.0	RNA-Seq	TRANSCRIPTOMIC	cDNA	PAIRED	SAMN15823038	PRJNA657259
Tumor	no	yes	no	no	unknown	unknown	SRR12455016	PRJNA657259	SRP277545	SAMN15823034	SRS7204683	SRX8949405	SRA1112961	9606.0	Homo sapiens	ILLUMINA	Illumina NovaSeq 6000		RNA-Seq	TRANSCRIPTOMIC	cDNA	PAIRED	56633854	16990156200	2023-08-18	2023-08-19	GEO	Therapy-induced senescence of cancer-associated fibroblasts determines survival in rectal cancer	Illumina NovaSeq 6000 sequencing: GSM4728226: H132017-17 Tumor biopsy Homo sapiens RNA-Seq	H132017-17 Tumor biopsy	H132017-17 Tumor biopsy		ftp.sra.ebi.ac.uk/vol1/fastq/SRR124/016/SRR12455016/SRR12455016_1.fastq.gz;ftp.sra.ebi.ac.uk/vol1/fastq/SRR124/016/SRR12455016/SRR12455016_2.fastq.gz	bbeb94965e5c4fb7990674782837f441;7cb8ce4ad0796b719e190be5366e3b58	2513850528;2549900055				Homo sapiens	9606.0	RNA-Seq	TRANSCRIPTOMIC	cDNA	PAIRED	SAMN15823034	PRJNA657259
Tumor	no	yes	no	no	unknown	unknown	SRR12455020	PRJNA657259	SRP277545	SAMN15823030	SRS7204687	SRX8949409	SRA1112961	9606.0	Homo sapiens	ILLUMINA	Illumina NovaSeq 6000		RNA-Seq	TRANSCRIPTOMIC	cDNA	PAIRED	36315959	10894787700	2023-08-18	2023-08-19	GEO	Therapy-induced senescence of cancer-associated fibroblasts determines survival in rectal cancer	Illumina NovaSeq 6000 sequencing: GSM4728230: H140997-17 Tumor biopsy Homo sapiens RNA-Seq	H140997-17 Tumor biopsy	H140997-17 Tumor biopsy		ftp.sra.ebi.ac.uk/vol1/fastq/SRR124/020/SRR12455020/SRR12455020_1.fastq.gz;ftp.sra.ebi.ac.uk/vol1/fastq/SRR124/020/SRR12455020/SRR12455020_2.fastq.gz	00082a99607f9d5df1ff1bd856afccee;86d82c5a7b06c4a54aed0028c7a13bc5	1879959963;1881616371				Homo sapiens	9606.0	RNA-Seq	TRANSCRIPTOMIC	cDNA	PAIRED	SAMN15823030	PRJNA657259
Tumor	no	yes	no	no	unknown	unknown	SRR12455024	PRJNA657259	SRP277545	SAMN15823073	SRS7204691	SRX8949413	SRA1112961	9606.0	Homo sapiens	ILLUMINA	Illumina NovaSeq 6000		RNA-Seq	TRANSCRIPTOMIC	cDNA	PAIRED	29490197	8847059100	2023-08-18	2023-08-19	GEO	Therapy-induced senescence of cancer-associated fibroblasts determines survival in rectal cancer	Illumina NovaSeq 6000 sequencing: GSM4728234: H2160-2017 Tumor biopsy Homo sapiens RNA-Seq	H2160-2017 Tumor biopsy	H2160-2017 Tumor biopsy		ftp.sra.ebi.ac.uk/vol1/fastq/SRR124/024/SRR12455024/SRR12455024_1.fastq.gz;ftp.sra.ebi.ac.uk/vol1/fastq/SRR124/024/SRR12455024/SRR12455024_2.fastq.gz	cc71ab3498eb817fd7800b7f9f4bf807;d302f243e8f66e5a14c4f40217a57e20	1482691923;1485776651				Homo sapiens	9606.0	RNA-Seq	TRANSCRIPTOMIC	cDNA	PAIRED	SAMN15823073	PRJNA657259
Tumor	no	yes	no	no	unknown	unknown	SRR12455028	PRJNA657259	SRP277545	SAMN15823069	SRS7204695	SRX8949417	SRA1112961	9606.0	Homo sapiens	ILLUMINA	Illumina NovaSeq 6000		RNA-Seq	TRANSCRIPTOMIC	cDNA	PAIRED	54073685	16222105500	2023-08-18	2023-08-19	GEO	Therapy-induced senescence of cancer-associated fibroblasts determines survival in rectal cancer	Illumina NovaSeq 6000 sequencing: GSM4728238: H34538-15 Tumor biopsy Homo sapiens RNA-Seq	H34538-15 Tumor biopsy	H34538-15 Tumor biopsy		ftp.sra.ebi.ac.uk/vol1/fastq/SRR124/028/SRR12455028/SRR12455028_1.fastq.gz;ftp.sra.ebi.ac.uk/vol1/fastq/SRR124/028/SRR12455028/SRR12455028_2.fastq.gz	adf0bf6fe20a12d5af4dc2d22d4580a3;e880bea268d8f8042ea047c417f730b4	2368087674;2357507149				Homo sapiens	9606.0	RNA-Seq	TRANSCRIPTOMIC	cDNA	PAIRED	SAMN15823069	PRJNA657259
Tumor	no	yes	no	no	unknown	unknown	SRR12455034	PRJNA657259	SRP277545	SAMN15823063	SRS7204701	SRX8949423	SRA1112961	9606.0	Homo sapiens	ILLUMINA	Illumina NovaSeq 6000		RNA-Seq	TRANSCRIPTOMIC	cDNA	PAIRED	29154834	8746450200	2023-08-18	2023-08-19	GEO	Therapy-induced senescence of cancer-associated fibroblasts determines survival in rectal cancer	Illumina NovaSeq 6000 sequencing: GSM4728244: H48628-17 Tumor biopsy Homo sapiens RNA-Seq	H48628-17 Tumor biopsy	H48628-17 Tumor biopsy		ftp.sra.ebi.ac.uk/vol1/fastq/SRR124/034/SRR12455034/SRR12455034_1.fastq.gz;ftp.sra.ebi.ac.uk/vol1/fastq/SRR124/034/SRR12455034/SRR12455034_2.fastq.gz	73ed17bebe7cbaf495e7895114a1571e;4eb13dd26be8b7849497c77baefec6f1	1478799316;1482591038				Homo sapiens	9606.0	RNA-Seq	TRANSCRIPTOMIC	cDNA	PAIRED	SAMN15823063	PRJNA657259
Tumor	no	yes	no	no	unknown	unknown	SRR12455035	PRJNA657259	SRP277545	SAMN15823062	SRS7204703	SRX8949424	SRA1112961	9606.0	Homo sapiens	ILLUMINA	Illumina NovaSeq 6000		RNA-Seq	TRANSCRIPTOMIC	cDNA	PAIRED	51660702	15498210600	2023-08-18	2023-08-19	GEO	Therapy-induced senescence of cancer-associated fibroblasts determines survival in rectal cancer	Illumina NovaSeq 6000 sequencing: GSM4728245: H51483-17 Tumor biopsy Homo sapiens RNA-Seq	H51483-17 Tumor biopsy	H51483-17 Tumor biopsy		ftp.sra.ebi.ac.uk/vol1/fastq/SRR124/035/SRR12455035/SRR12455035_1.fastq.gz;ftp.sra.ebi.ac.uk/vol1/fastq/SRR124/035/SRR12455035/SRR12455035_2.fastq.gz	d08697c798c90dfb85be4ecfabecb7e6;936fedea69e90ffc1130051505d94345	2246026816;2286307236				Homo sapiens	9606.0	RNA-Seq	TRANSCRIPTOMIC	cDNA	PAIRED	SAMN15823062	PRJNA657259
Tumor	no	yes	no	no	unknown	unknown	SRR12455036	PRJNA657259	SRP277545	SAMN15823061	SRS7204702	SRX8949425	SRA1112961	9606.0	Homo sapiens	ILLUMINA	Illumina NovaSeq 6000		RNA-Seq	TRANSCRIPTOMIC	cDNA	PAIRED	49316526	14794957800	2023-08-18	2023-08-19	GEO	Therapy-induced senescence of cancer-associated fibroblasts determines survival in rectal cancer	Illumina NovaSeq 6000 sequencing: GSM4728246: H59079-16 Tumor biopsy Homo sapiens RNA-Seq	H59079-16 Tumor biopsy	H59079-16 Tumor biopsy		ftp.sra.ebi.ac.uk/vol1/fastq/SRR124/036/SRR12455036/SRR12455036_1.fastq.gz;ftp.sra.ebi.ac.uk/vol1/fastq/SRR124/036/SRR12455036/SRR12455036_2.fastq.gz	d58cd31024177beed4a9c850c7380e00;f3d250ac066c20ed845c28b6029aef20	2206714025;2208521093				Homo sapiens	9606.0	RNA-Seq	TRANSCRIPTOMIC	cDNA	PAIRED	SAMN15823061	PRJNA657259
Tumor	no	yes	no	no	unknown	unknown	SRR12455040	PRJNA657259	SRP277545	SAMN15823009	SRS7204707	SRX8949429	SRA1112961	9606.0	Homo sapiens	ILLUMINA	Illumina NovaSeq 6000		RNA-Seq	TRANSCRIPTOMIC	cDNA	PAIRED	45589519	13676855700	2023-08-18	2023-08-19	GEO	Therapy-induced senescence of cancer-associated fibroblasts determines survival in rectal cancer	Illumina NovaSeq 6000 sequencing: GSM4728250: H74623-08 Tumor biopsy Homo sapiens RNA-Seq	H74623-08 Tumor biopsy	H74623-08 Tumor biopsy		ftp.sra.ebi.ac.uk/vol1/fastq/SRR124/040/SRR12455040/SRR12455040_1.fastq.gz;ftp.sra.ebi.ac.uk/vol1/fastq/SRR124/040/SRR12455040/SRR12455040_2.fastq.gz	ab357010961ba10d1102abdfab23f62a;548b51c8194a7cd56b45714d699293bf	1701854948;1749114648				Homo sapiens	9606.0	RNA-Seq	TRANSCRIPTOMIC	cDNA	PAIRED	SAMN15823009	PRJNA657259
Tumor	no	yes	no	no	unknown	unknown	SRR12455043	PRJNA657259	SRP277545	SAMN15823023	SRS7204710	SRX8949432	SRA1112961	9606.0	Homo sapiens	ILLUMINA	Illumina NovaSeq 6000		RNA-Seq	TRANSCRIPTOMIC	cDNA	PAIRED	33736240	10120872000	2023-08-18	2023-08-19	GEO	Therapy-induced senescence of cancer-associated fibroblasts determines survival in rectal cancer	Illumina NovaSeq 6000 sequencing: GSM4728253: H85697-13 Tumor biopsy Homo sapiens RNA-Seq	H85697-13 Tumor biopsy	H85697-13 Tumor biopsy		ftp.sra.ebi.ac.uk/vol1/fastq/SRR124/043/SRR12455043/SRR12455043_1.fastq.gz;ftp.sra.ebi.ac.uk/vol1/fastq/SRR124/043/SRR12455043/SRR12455043_2.fastq.gz	4e1a77ea0cb44e29ef0a8d9e685504de;96c64e6f942ee3d72623e6d10638423b	1454435650;1478311526				Homo sapiens	9606.0	RNA-Seq	TRANSCRIPTOMIC	cDNA	PAIRED	SAMN15823023	PRJNA657259
Tumor	no	yes	no	no	unknown	unknown	SRR12455044	PRJNA657259	SRP277545	SAMN15823022	SRS7204711	SRX8949433	SRA1112961	9606.0	Homo sapiens	ILLUMINA	Illumina NovaSeq 6000		RNA-Seq	TRANSCRIPTOMIC	cDNA	PAIRED	30672043	9201612900	2023-08-18	2023-08-19	GEO	Therapy-induced senescence of cancer-associated fibroblasts determines survival in rectal cancer	Illumina NovaSeq 6000 sequencing: GSM4728254: K01484-17 Tumor biopsy Homo sapiens RNA-Seq	K01484-17 Tumor biopsy	K01484-17 Tumor biopsy		ftp.sra.ebi.ac.uk/vol1/fastq/SRR124/044/SRR12455044/SRR12455044_1.fastq.gz;ftp.sra.ebi.ac.uk/vol1/fastq/SRR124/044/SRR12455044/SRR12455044_2.fastq.gz	7c99fa0473b9e1cac8da9a62e547c06c;a401b0acdb5450c54f7c7a9d21c2f13d	1611173644;1611753278				Homo sapiens	9606.0	RNA-Seq	TRANSCRIPTOMIC	cDNA	PAIRED	SAMN15823022	PRJNA657259
Tumor	no	yes	no	no	unknown	unknown	SRR12455049	PRJNA657259	SRP277545	SAMN15823017	SRS7204716	SRX8949438	SRA1112961	9606.0	Homo sapiens	ILLUMINA	Illumina NovaSeq 6000		RNA-Seq	TRANSCRIPTOMIC	cDNA	PAIRED	29501989	8850596700	2023-08-18	2023-08-19	GEO	Therapy-induced senescence of cancer-associated fibroblasts determines survival in rectal cancer	Illumina NovaSeq 6000 sequencing: GSM4728259: N028954-17 Tumor biopsy Homo sapiens RNA-Seq	N028954-17 Tumor biopsy	N028954-17 Tumor biopsy		ftp.sra.ebi.ac.uk/vol1/fastq/SRR124/049/SRR12455049/SRR12455049_1.fastq.gz;ftp.sra.ebi.ac.uk/vol1/fastq/SRR124/049/SRR12455049/SRR12455049_2.fastq.gz	4cbd6874c2ff71cf756b608419413df2;20f9301a5fb096b0dd9610ebfdf8fcab	1555358755;1556386528				Homo sapiens	9606.0	RNA-Seq	TRANSCRIPTOMIC	cDNA	PAIRED	SAMN15823017	PRJNA657259
Tumor	no	yes	no	no	unknown	unknown	SRR12455050	PRJNA657259	SRP277545	SAMN15823016	SRS7204717	SRX8949439	SRA1112961	9606.0	Homo sapiens	ILLUMINA	Illumina NovaSeq 6000		RNA-Seq	TRANSCRIPTOMIC	cDNA	PAIRED	24084117	7225235100	2023-08-18	2023-08-19	GEO	Therapy-induced senescence of cancer-associated fibroblasts determines survival in rectal cancer	Illumina NovaSeq 6000 sequencing: GSM4728260: NH31084-16-01 Tumor biopsy Homo sapiens RNA-Seq	NH31084-16-01 Tumor biopsy	NH31084-16-01 Tumor biopsy		ftp.sra.ebi.ac.uk/vol1/fastq/SRR124/050/SRR12455050/SRR12455050_1.fastq.gz;ftp.sra.ebi.ac.uk/vol1/fastq/SRR124/050/SRR12455050/SRR12455050_2.fastq.gz	a0384b6718e3c1f4e8ea08ed1ecbfedd;50edbc234601f5a58934a023014fe21e	1204542759;1208057461				Homo sapiens	9606.0	RNA-Seq	TRANSCRIPTOMIC	cDNA	PAIRED	SAMN15823016	PRJNA657259
Tumor	no	yes	no	no	unknown	unknown	SRR12455056	PRJNA657259	SRP277545	SAMN15823053	SRS7204722	SRX8949445	SRA1112961	9606.0	Homo sapiens	ILLUMINA	Illumina NovaSeq 6000		RNA-Seq	TRANSCRIPTOMIC	cDNA	PAIRED	34582772	10374831600	2023-08-18	2023-08-19	GEO	Therapy-induced senescence of cancer-associated fibroblasts determines survival in rectal cancer	Illumina NovaSeq 6000 sequencing: GSM4728266: H02732-17 Tumor biopsy Homo sapiens RNA-Seq	H02732-17 Tumor biopsy	H02732-17 Tumor biopsy		ftp.sra.ebi.ac.uk/vol1/fastq/SRR124/056/SRR12455056/SRR12455056_1.fastq.gz;ftp.sra.ebi.ac.uk/vol1/fastq/SRR124/056/SRR12455056/SRR12455056_2.fastq.gz	ab288032eaead33f6976ab44623d118d;5877e0aa45e620d755d69d816a5b89a2	1761985056;1764886483				Homo sapiens	9606.0	RNA-Seq	TRANSCRIPTOMIC	cDNA	PAIRED	SAMN15823053	PRJNA657259
Tumor	no	yes	no	no	unknown	unknown	SRR12455057	PRJNA657259	SRP277545	SAMN15823052	SRS7204724	SRX8949446	SRA1112961	9606.0	Homo sapiens	ILLUMINA	Illumina NovaSeq 6000		RNA-Seq	TRANSCRIPTOMIC	cDNA	PAIRED	35204956	10561486800	2023-08-18	2023-08-19	GEO	Therapy-induced senescence of cancer-associated fibroblasts determines survival in rectal cancer	Illumina NovaSeq 6000 sequencing: GSM4728267: H02753-18 Tumor biopsy Homo sapiens RNA-Seq	H02753-18 Tumor biopsy	H02753-18 Tumor biopsy		ftp.sra.ebi.ac.uk/vol1/fastq/SRR124/057/SRR12455057/SRR12455057_1.fastq.gz;ftp.sra.ebi.ac.uk/vol1/fastq/SRR124/057/SRR12455057/SRR12455057_2.fastq.gz	9950a563aa5cbe640cb97b35875ea32a;27ac4ef797f0fdc05246fdb94e4ed6fd	1320971343;1332265050				Homo sapiens	9606.0	RNA-Seq	TRANSCRIPTOMIC	cDNA	PAIRED	SAMN15823052	PRJNA657259
Tumor	no	no	no	no	unknown	unknown	SRR20643232	PRJNA862190	SRP388072	SAMN29960755	SRS14299654	SRX16666521	SRA1462537	9606.0	Homo sapiens	ILLUMINA	Illumina HiSeq 2500	GSM6390447	RNA-Seq	TRANSCRIPTOMIC	cDNA	PAIRED	96700820	9670082000	2022-08-22	2022-08-22		Genomic and transcriptomic determinants of response to neoadjuvant therapy in rectal cancer	Illumina HiSeq 2500 sequencing: GSM6390447: TM237 Homo sapiens RNA-Seq	TM237	TM237		ftp.sra.ebi.ac.uk/vol1/fastq/SRR206/032/SRR20643232/SRR20643232_1.fastq.gz;ftp.sra.ebi.ac.uk/vol1/fastq/SRR206/032/SRR20643232/SRR20643232_2.fastq.gz	11b3975b53cf7801f64f191f24933a13;c6e4f4ae725a4124f7ffe85795a347a3	3803568409;4036639256				Homo sapiens	9606.0	RNA-Seq	TRANSCRIPTOMIC	cDNA	PAIRED	SAMN29960755	PRJNA862190
Tumor	no	no	no	no	unknown	unknown	SRR20643240	PRJNA862190	SRP388072	SAMN29960763	SRS14299646	SRX16666513	SRA1462537	9606.0	Homo sapiens	ILLUMINA	Illumina HiSeq 2500	GSM6390439	RNA-Seq	TRANSCRIPTOMIC	cDNA	PAIRED	111279667	11350526034	2022-08-11	2022-08-24		Genomic and transcriptomic determinants of response to neoadjuvant therapy in rectal cancer	Illumina HiSeq 2500 sequencing: GSM6390439: JM199 Homo sapiens RNA-Seq	JM199	JM199		ftp.sra.ebi.ac.uk/vol1/fastq/SRR206/040/SRR20643240/SRR20643240_1.fastq.gz;ftp.sra.ebi.ac.uk/vol1/fastq/SRR206/040/SRR20643240/SRR20643240_2.fastq.gz	ba9e8dc71738d7a69b7028c6eb012d90;595ba205aff6dbd3cb8703dcdf4b9b0d	3537047239;3670830391				Homo sapiens	9606.0	RNA-Seq	TRANSCRIPTOMIC	cDNA	PAIRED	SAMN29960763	PRJNA862190
Tumor	no	no	no	no	unknown	unknown	SRR20643241	PRJNA862190	SRP388072	SAMN29960764	SRS14299644	SRX16666512	SRA1462537	9606.0	Homo sapiens	ILLUMINA	Illumina HiSeq 2500	GSM6390438	RNA-Seq	TRANSCRIPTOMIC	cDNA	PAIRED	95105723	9700783746	2022-08-22	2022-08-23		Genomic and transcriptomic determinants of response to neoadjuvant therapy in rectal cancer	Illumina HiSeq 2500 sequencing: GSM6390438: JM197 Homo sapiens RNA-Seq	JM197	JM197		ftp.sra.ebi.ac.uk/vol1/fastq/SRR206/041/SRR20643241/SRR20643241_1.fastq.gz;ftp.sra.ebi.ac.uk/vol1/fastq/SRR206/041/SRR20643241/SRR20643241_2.fastq.gz	c9b5e271d34634839fc100f768a6bef4;b160875363b76659b19e649ba53e1c22	2828988494;2885098489											
Tumor	no	no	no	no	unknown	unknown	SRR20643242	PRJNA862190	SRP388072	SAMN29960765	SRS14299645	SRX16666511	SRA1462537	9606.0	Homo sapiens	ILLUMINA	Illumina HiSeq 2500	GSM6390437	RNA-Seq	TRANSCRIPTOMIC	cDNA	PAIRED	124028617	12650918934	2022-08-19	2022-09-01		Genomic and transcriptomic determinants of response to neoadjuvant therapy in rectal cancer	Illumina HiSeq 2500 sequencing: GSM6390437: JM195 Homo sapiens RNA-Seq	JM195	JM195		ftp.sra.ebi.ac.uk/vol1/fastq/SRR206/042/SRR20643242/SRR20643242_1.fastq.gz;ftp.sra.ebi.ac.uk/vol1/fastq/SRR206/042/SRR20643242/SRR20643242_2.fastq.gz	c0e95e327abb6adac319b0e27bb0295c;2a62baf1d280d7994b6bf4c0098287b8	3905966482;4106650661				Homo sapiens	9606.0	RNA-Seq	TRANSCRIPTOMIC	cDNA	PAIRED	SAMN29960765	PRJNA862190
Tumor	no	no	no	no	unknown	unknown	SRR20643243	PRJNA862190	SRP388072	SAMN29960766	SRS14299643	SRX16666510	SRA1462537	9606.0	Homo sapiens	ILLUMINA	Illumina HiSeq 2500	GSM6390436	RNA-Seq	TRANSCRIPTOMIC	cDNA	PAIRED	109601651	11179368402	2022-08-14	2022-10-28		Genomic and transcriptomic determinants of response to neoadjuvant therapy in rectal cancer	Illumina HiSeq 2500 sequencing: GSM6390436: JM194 Homo sapiens RNA-Seq	JM194	JM194		ftp.sra.ebi.ac.uk/vol1/fastq/SRR206/043/SRR20643243/SRR20643243_1.fastq.gz;ftp.sra.ebi.ac.uk/vol1/fastq/SRR206/043/SRR20643243/SRR20643243_2.fastq.gz	f9b5f275657034915414e060936397a1;2ceaa5f13a67990f21210d79ddda695f	3473998406;3711862203											
Tumor	no	no	no	no	unknown	unknown	SRR20643245	PRJNA862190	SRP388072	SAMN29960768	SRS14299642	SRX16666508	SRA1462537	9606.0	Homo sapiens	ILLUMINA	Illumina HiSeq 2500	GSM6390434	RNA-Seq	TRANSCRIPTOMIC	cDNA	PAIRED	106941380	10908020760	2022-08-22	2022-08-23		Genomic and transcriptomic determinants of response to neoadjuvant therapy in rectal cancer	Illumina HiSeq 2500 sequencing: GSM6390434: JM192 Homo sapiens RNA-Seq	JM192	JM192		ftp.sra.ebi.ac.uk/vol1/fastq/SRR206/045/SRR20643245/SRR20643245_1.fastq.gz;ftp.sra.ebi.ac.uk/vol1/fastq/SRR206/045/SRR20643245/SRR20643245_2.fastq.gz	5b9f9e90a0680a072b910f579b4c72d6;a0ce723b96d776e50d8216b1c551d3f1	3382818380;3658183460				Homo sapiens	9606.0	RNA-Seq	TRANSCRIPTOMIC	cDNA	PAIRED	SAMN29960768	PRJNA862190
Tumor	no	no	no	no	unknown	unknown	SRR20643246	PRJNA862190	SRP388072	SAMN29960769	SRS14299640	SRX16666507	SRA1462537	9606.0	Homo sapiens	ILLUMINA	Illumina HiSeq 2500	GSM6390433	RNA-Seq	TRANSCRIPTOMIC	cDNA	PAIRED	126687758	12922151316	2022-08-14	2022-08-25		Genomic and transcriptomic determinants of response to neoadjuvant therapy in rectal cancer	Illumina HiSeq 2500 sequencing: GSM6390433: JM191 Homo sapiens RNA-Seq	JM191	JM191		ftp.sra.ebi.ac.uk/vol1/fastq/SRR206/046/SRR20643246/SRR20643246_1.fastq.gz;ftp.sra.ebi.ac.uk/vol1/fastq/SRR206/046/SRR20643246/SRR20643246_2.fastq.gz	dea3b8b2e98315b47e229582cf4e2e2a;3b0f5045fb5ead5b64e49495b013770a	4029070599;4327432698											
Tumor	no	no	no	no	unknown	unknown	SRR20643251	PRJNA862190	SRP388072	SAMN29960774	SRS14299635	SRX16666502	SRA1462537	9606.0	Homo sapiens	ILLUMINA	Illumina HiSeq 2500	GSM6390428	RNA-Seq	TRANSCRIPTOMIC	cDNA	PAIRED	133302312	13596835824	2022-08-22	2022-08-23		Genomic and transcriptomic determinants of response to neoadjuvant therapy in rectal cancer	Illumina HiSeq 2500 sequencing: GSM6390428: JM184 Homo sapiens RNA-Seq	JM184	JM184		ftp.sra.ebi.ac.uk/vol1/fastq/SRR206/051/SRR20643251/SRR20643251_1.fastq.gz;ftp.sra.ebi.ac.uk/vol1/fastq/SRR206/051/SRR20643251/SRR20643251_2.fastq.gz	d0183db4c8c0c2f60569ec241444ddf0;1b8662540c5654fa0a9aabb252dc65d1	4227584362;4435142913											
Tumor	no	no	no	no	unknown	unknown	SRR20643253	PRJNA862190	SRP388072	SAMN29960776	SRS14299633	SRX16666500	SRA1462537	9606.0	Homo sapiens	ILLUMINA	Illumina HiSeq 2500	GSM6390426	RNA-Seq	TRANSCRIPTOMIC	cDNA	PAIRED	123347324	12581427048	2022-08-11	2022-08-24		Genomic and transcriptomic determinants of response to neoadjuvant therapy in rectal cancer	Illumina HiSeq 2500 sequencing: GSM6390426: JM180 Homo sapiens RNA-Seq	JM180	JM180		ftp.sra.ebi.ac.uk/vol1/fastq/SRR206/053/SRR20643253/SRR20643253_1.fastq.gz;ftp.sra.ebi.ac.uk/vol1/fastq/SRR206/053/SRR20643253/SRR20643253_2.fastq.gz	de8d13e341033fc3c9d4d2804838e96e;df078107af1f1221a48cb988e02e87f6	3922574760;4275081767				Homo sapiens	9606.0	RNA-Seq	TRANSCRIPTOMIC	cDNA	PAIRED	SAMN29960776	PRJNA862190
Tumor	no	no	no	no	unknown	unknown	SRR20643256	PRJNA862190	SRP388072	SAMN29960779	SRS14299630	SRX16666497	SRA1462537	9606.0	Homo sapiens	ILLUMINA	Illumina HiSeq 2500	GSM6390423	RNA-Seq	TRANSCRIPTOMIC	cDNA	PAIRED	106044850	10816574700	2022-08-22	2022-08-22		Genomic and transcriptomic determinants of response to neoadjuvant therapy in rectal cancer	Illumina HiSeq 2500 sequencing: GSM6390423: JM175 Homo sapiens RNA-Seq	JM175	JM175		ftp.sra.ebi.ac.uk/vol1/fastq/SRR206/056/SRR20643256/SRR20643256_1.fastq.gz;ftp.sra.ebi.ac.uk/vol1/fastq/SRR206/056/SRR20643256/SRR20643256_2.fastq.gz	f045428f157c795da6de8148e506a514;d01a114ef89a1f9a18aeeaeff0b75433	3165849674;3251666048				Homo sapiens	9606.0	RNA-Seq	TRANSCRIPTOMIC	cDNA	PAIRED	SAMN29960779	PRJNA862190
Tumor	no	no	no	no	unknown	unknown	SRR20643264	PRJNA862190	SRP388072	SAMN29960787	SRS14299621	SRX16666489	SRA1462537	9606.0	Homo sapiens	ILLUMINA	Illumina HiSeq 2500	GSM6390415	RNA-Seq	TRANSCRIPTOMIC	cDNA	PAIRED	103055590	10511670180	2022-08-22	2022-08-22		Genomic and transcriptomic determinants of response to neoadjuvant therapy in rectal cancer	Illumina HiSeq 2500 sequencing: GSM6390415: JM165 Homo sapiens RNA-Seq	JM165	JM165		ftp.sra.ebi.ac.uk/vol1/fastq/SRR206/064/SRR20643264/SRR20643264_1.fastq.gz;ftp.sra.ebi.ac.uk/vol1/fastq/SRR206/064/SRR20643264/SRR20643264_2.fastq.gz	676f9dfe90961607c1d87054a9f39d07;63cefad0ca603284f11f72a7a9cea9ac	3086915229;3172179800				Homo sapiens	9606.0	RNA-Seq	TRANSCRIPTOMIC	cDNA	PAIRED	SAMN29960787	PRJNA862190
Tumor	no	no	no	no	unknown	unknown	SRR20643265	PRJNA862190	SRP388072	SAMN29960788	SRS14299622	SRX16666488	SRA1462537	9606.0	Homo sapiens	ILLUMINA	Illumina HiSeq 2500	GSM6390414	RNA-Seq	TRANSCRIPTOMIC	cDNA	PAIRED	131728907	13436348514	2022-08-22	2022-08-23		Genomic and transcriptomic determinants of response to neoadjuvant therapy in rectal cancer	Illumina HiSeq 2500 sequencing: GSM6390414: JM163 Homo sapiens RNA-Seq	JM163	JM163		ftp.sra.ebi.ac.uk/vol1/fastq/SRR206/065/SRR20643265/SRR20643265_1.fastq.gz;ftp.sra.ebi.ac.uk/vol1/fastq/SRR206/065/SRR20643265/SRR20643265_2.fastq.gz	862517cf16c9c7c1c9e64f242eff82ec;e405d3f00328ef8eb6d95cd954042b06	4150083242;4314745347				Homo sapiens	9606.0	RNA-Seq	TRANSCRIPTOMIC	cDNA	PAIRED	SAMN29960788	PRJNA862190
Tumor	no	no	no	no	unknown	unknown	SRR20643270	PRJNA862190	SRP388072	SAMN29960793	SRS14299615	SRX16666483	SRA1462537	9606.0	Homo sapiens	ILLUMINA	Illumina HiSeq 2500	GSM6390409	RNA-Seq	TRANSCRIPTOMIC	cDNA	PAIRED	76979131	7697913100	2022-09-16	2022-09-16		Genomic and transcriptomic determinants of response to neoadjuvant therapy in rectal cancer	Illumina HiSeq 2500 sequencing: GSM6390409: JM138 Homo sapiens RNA-Seq	JM138	JM138		ftp.sra.ebi.ac.uk/vol1/fastq/SRR206/070/SRR20643270/SRR20643270_1.fastq.gz;ftp.sra.ebi.ac.uk/vol1/fastq/SRR206/070/SRR20643270/SRR20643270_2.fastq.gz	e821110697640cd69f3ef7fb0eeda84d;4885c6237ec95e2eb92b7a40dec8b591	2879459722;2904087744				Homo sapiens	9606.0	RNA-Seq	TRANSCRIPTOMIC	cDNA	PAIRED	SAMN29960793	PRJNA862190
Tumor	no	no	no	no	unknown	unknown	SRR20643272	PRJNA862190	SRP388072	SAMN29960795	SRS14299614	SRX16666481	SRA1462537	9606.0	Homo sapiens	ILLUMINA	Illumina HiSeq 2500	GSM6390407	RNA-Seq	TRANSCRIPTOMIC	cDNA	PAIRED	102309550	10230955000	2022-08-22	2022-08-22		Genomic and transcriptomic determinants of response to neoadjuvant therapy in rectal cancer	Illumina HiSeq 2500 sequencing: GSM6390407: JM135 Homo sapiens RNA-Seq	JM135	JM135		ftp.sra.ebi.ac.uk/vol1/fastq/SRR206/072/SRR20643272/SRR20643272_1.fastq.gz;ftp.sra.ebi.ac.uk/vol1/fastq/SRR206/072/SRR20643272/SRR20643272_2.fastq.gz	28965b798377a08f2dead87236287857;149695d15a0463cbc10e0963fac32793	3972928841;3976000460				Homo sapiens	9606.0	RNA-Seq	TRANSCRIPTOMIC	cDNA	PAIRED	SAMN29960795	PRJNA862190
Tumor	no	no	no	no	unknown	unknown	SRR20643274	PRJNA862190	SRP388072	SAMN29960797	SRS14299612	SRX16666479	SRA1462537	9606.0	Homo sapiens	ILLUMINA	Illumina HiSeq 2500	GSM6390405	RNA-Seq	TRANSCRIPTOMIC	cDNA	PAIRED	108957951	10895795100	2022-08-11	2022-08-24		Genomic and transcriptomic determinants of response to neoadjuvant therapy in rectal cancer	Illumina HiSeq 2500 sequencing: GSM6390405: JM129 Homo sapiens RNA-Seq	JM129	JM129		ftp.sra.ebi.ac.uk/vol1/fastq/SRR206/074/SRR20643274/SRR20643274_1.fastq.gz;ftp.sra.ebi.ac.uk/vol1/fastq/SRR206/074/SRR20643274/SRR20643274_2.fastq.gz	5445adcb0c178b4af4e3d715d7d50b80;e2c4f32a18ce3b91ff49f897d1cae462	4172899026;4289148245				Homo sapiens	9606.0	RNA-Seq	TRANSCRIPTOMIC	cDNA	PAIRED	SAMN29960797	PRJNA862190
Tumor	no	no	no	no	unknown	unknown	SRR20643275	PRJNA862190	SRP388072	SAMN29960798	SRS14299611	SRX16666478	SRA1462537	9606.0	Homo sapiens	ILLUMINA	Illumina HiSeq 2500	GSM6390404	RNA-Seq	TRANSCRIPTOMIC	cDNA	PAIRED	87584008	8758400800	2022-08-12	2022-08-25		Genomic and transcriptomic determinants of response to neoadjuvant therapy in rectal cancer	Illumina HiSeq 2500 sequencing: GSM6390404: JM128 Homo sapiens RNA-Seq	JM128	JM128		ftp.sra.ebi.ac.uk/vol1/fastq/SRR206/075/SRR20643275/SRR20643275_1.fastq.gz;ftp.sra.ebi.ac.uk/vol1/fastq/SRR206/075/SRR20643275/SRR20643275_2.fastq.gz	864f87c56c59d141278ff2de45ec70bd;a42c2365d9324e9ff9623f314e9b0cc0	3304513996;3245574332				Homo sapiens	9606.0	RNA-Seq	TRANSCRIPTOMIC	cDNA	PAIRED	SAMN29960798	PRJNA862190
Tumor	no	no	no	no	unknown	unknown	SRR20643283	PRJNA862190	SRP388072	SAMN29960743	SRS14299603	SRX16666470	SRA1462537	9606.0	Homo sapiens	ILLUMINA	Illumina HiSeq 2500	GSM6390459	RNA-Seq	TRANSCRIPTOMIC	cDNA	PAIRED	78873505	7887350500	2022-08-22	2022-08-23		Genomic and transcriptomic determinants of response to neoadjuvant therapy in rectal cancer	Illumina HiSeq 2500 sequencing: GSM6390459: TM288 Homo sapiens RNA-Seq	TM288	TM288		ftp.sra.ebi.ac.uk/vol1/fastq/SRR206/083/SRR20643283/SRR20643283_1.fastq.gz;ftp.sra.ebi.ac.uk/vol1/fastq/SRR206/083/SRR20643283/SRR20643283_2.fastq.gz	accd8c370dd9b96cb638b32a38dda2f4;c5aecdf2bc45d6b63154a89f032a6af2	3033682458;3160549268				Homo sapiens	9606.0	RNA-Seq	TRANSCRIPTOMIC	cDNA	PAIRED	SAMN29960743	PRJNA862190
Tumor	no	no	no	no	unknown	unknown	SRR20643286	PRJNA862190	SRP388072	SAMN29960746	SRS14299600	SRX16666467	SRA1462537	9606.0	Homo sapiens	ILLUMINA	Illumina HiSeq 2500	GSM6390456	RNA-Seq	TRANSCRIPTOMIC	cDNA	PAIRED	91290889	9129088900	2022-08-22	2022-08-23		Genomic and transcriptomic determinants of response to neoadjuvant therapy in rectal cancer	Illumina HiSeq 2500 sequencing: GSM6390456: TM274 Homo sapiens RNA-Seq	TM274	TM274		ftp.sra.ebi.ac.uk/vol1/fastq/SRR206/086/SRR20643286/SRR20643286_1.fastq.gz;ftp.sra.ebi.ac.uk/vol1/fastq/SRR206/086/SRR20643286/SRR20643286_2.fastq.gz	9b77c88ca7c692c7118cd1d03ee8a73a;460943bb4e718ec1616f4c543c2b044a	3605273825;3755305555				Homo sapiens	9606.0	RNA-Seq	TRANSCRIPTOMIC	cDNA	PAIRED	SAMN29960746	PRJNA862190
Tumor	no	no	no	no	unknown	unknown	SRR20643288	PRJNA862190	SRP388072	SAMN29960748	SRS14299598	SRX16666465	SRA1462537	9606.0	Homo sapiens	ILLUMINA	Illumina HiSeq 2500	GSM6390454	RNA-Seq	TRANSCRIPTOMIC	cDNA	PAIRED	100882615	10088261500	2022-08-22	2022-08-23		Genomic and transcriptomic determinants of response to neoadjuvant therapy in rectal cancer	Illumina HiSeq 2500 sequencing: GSM6390454: TM266 Homo sapiens RNA-Seq	TM266	TM266		ftp.sra.ebi.ac.uk/vol1/fastq/SRR206/088/SRR20643288/SRR20643288_1.fastq.gz;ftp.sra.ebi.ac.uk/vol1/fastq/SRR206/088/SRR20643288/SRR20643288_2.fastq.gz	014e30aa6451ff2a546c236a817325fd;8d3a62169af70d2fdc11a557fe0e53e9	4075515728;4217633316				Homo sapiens	9606.0	RNA-Seq	TRANSCRIPTOMIC	cDNA	PAIRED	SAMN29960748	PRJNA862190
Tumor	no	no	no	no	unknown	unknown	SRR20643293	PRJNA862190	SRP388072	SAMN29960753	SRS14299593	SRX16666460	SRA1462537	9606.0	Homo sapiens	ILLUMINA	Illumina HiSeq 2500	GSM6390449	RNA-Seq	TRANSCRIPTOMIC	cDNA	PAIRED	89506562	8950656200	2022-08-22	2022-08-22		Genomic and transcriptomic determinants of response to neoadjuvant therapy in rectal cancer	Illumina HiSeq 2500 sequencing: GSM6390449: TM240 Homo sapiens RNA-Seq	TM240	TM240		ftp.sra.ebi.ac.uk/vol1/fastq/SRR206/093/SRR20643293/SRR20643293_1.fastq.gz;ftp.sra.ebi.ac.uk/vol1/fastq/SRR206/093/SRR20643293/SRR20643293_2.fastq.gz	018955e79f9594ab69fcfbc980e67973;951fb782ca4368d8ac2a45f40ae61b45	3575692123;3712169005											
Tumor	no	no	no	no	unknown	unknown	SRR20643296	PRJNA862190	SRP388072	SAMN29960828	SRS14299590	SRX16666457	SRA1462537	9606.0	Homo sapiens	ILLUMINA	Illumina HiSeq 2500	GSM6390374	RNA-Seq	TRANSCRIPTOMIC	cDNA	PAIRED	79390080	7939008000	2022-08-22	2022-08-23		Genomic and transcriptomic determinants of response to neoadjuvant therapy in rectal cancer	Illumina HiSeq 2500 sequencing: GSM6390374: JM036 Homo sapiens RNA-Seq	JM036	JM036		ftp.sra.ebi.ac.uk/vol1/fastq/SRR206/096/SRR20643296/SRR20643296_1.fastq.gz;ftp.sra.ebi.ac.uk/vol1/fastq/SRR206/096/SRR20643296/SRR20643296_2.fastq.gz	1f9aafeabd54b0f49707249332e2fffe;37abccf3b9fbb7c35bc0d0d20ef770a4	3068454999;3202729008				Homo sapiens	9606.0	RNA-Seq	TRANSCRIPTOMIC	cDNA	PAIRED	SAMN29960828	PRJNA862190
Tumor	no	no	no	no	unknown	unknown	SRR20643299	PRJNA862190	SRP388072	SAMN29960831	SRS14299587	SRX16666454	SRA1462537	9606.0	Homo sapiens	ILLUMINA	Illumina HiSeq 2500	GSM6390371	RNA-Seq	TRANSCRIPTOMIC	cDNA	PAIRED	79510543	7951054300	2022-08-22	2022-08-22		Genomic and transcriptomic determinants of response to neoadjuvant therapy in rectal cancer	Illumina HiSeq 2500 sequencing: GSM6390371: JM032 Homo sapiens RNA-Seq	JM032	JM032		ftp.sra.ebi.ac.uk/vol1/fastq/SRR206/099/SRR20643299/SRR20643299_1.fastq.gz;ftp.sra.ebi.ac.uk/vol1/fastq/SRR206/099/SRR20643299/SRR20643299_2.fastq.gz	ef01bc2a1878d512ae42d3c0d7c61129;744de20d4b1b1b5b5e8c9facbe8e7aa3	3032145467;3173771465											
Tumor	no	no	no	no	unknown	unknown	SRR20643301	PRJNA862190	SRP388072	SAMN29960833	SRS14299585	SRX16666452	SRA1462537	9606.0	Homo sapiens	ILLUMINA	Illumina HiSeq 2500	GSM6390369	RNA-Seq	TRANSCRIPTOMIC	cDNA	PAIRED	82870100	8287010000	2022-08-22	2022-08-23		Genomic and transcriptomic determinants of response to neoadjuvant therapy in rectal cancer	Illumina HiSeq 2500 sequencing: GSM6390369: JM029 Homo sapiens RNA-Seq	JM029	JM029		ftp.sra.ebi.ac.uk/vol1/fastq/SRR206/001/SRR20643301/SRR20643301_1.fastq.gz;ftp.sra.ebi.ac.uk/vol1/fastq/SRR206/001/SRR20643301/SRR20643301_2.fastq.gz	cbcb99b7f3374d86bcbfe41aee322057;b50f5d48385a933c016973540a3c4b0e	3184614425;3335896041				Homo sapiens	9606.0	RNA-Seq	TRANSCRIPTOMIC	cDNA	PAIRED	SAMN29960833	PRJNA862190
Tumor	no	no	no	no	unknown	unknown	SRR20643305	PRJNA862190	SRP388072	SAMN29960837	SRS14299581	SRX16666448	SRA1462537	9606.0	Homo sapiens	ILLUMINA	Illumina HiSeq 2500	GSM6390365	RNA-Seq	TRANSCRIPTOMIC	cDNA	PAIRED	80868148	8086814800	2022-08-22	2022-08-22		Genomic and transcriptomic determinants of response to neoadjuvant therapy in rectal cancer	Illumina HiSeq 2500 sequencing: GSM6390365: JM025 Homo sapiens RNA-Seq	JM025	JM025		ftp.sra.ebi.ac.uk/vol1/fastq/SRR206/005/SRR20643305/SRR20643305_1.fastq.gz;ftp.sra.ebi.ac.uk/vol1/fastq/SRR206/005/SRR20643305/SRR20643305_2.fastq.gz	611afdaa42b19d420347fae0df9d9064;991856dfcbc4ae99c6034c8279f34b20	3185799993;3367187022				Homo sapiens	9606.0	RNA-Seq	TRANSCRIPTOMIC	cDNA	PAIRED	SAMN29960837	PRJNA862190
Tumor	no	no	no	no	unknown	unknown	SRR20643311	PRJNA862190	SRP388072	SAMN29960843	SRS14299575	SRX16666442	SRA1462537	9606.0	Homo sapiens	ILLUMINA	Illumina HiSeq 2500	GSM6390359	RNA-Seq	TRANSCRIPTOMIC	cDNA	PAIRED	87463407	8746340700	2022-08-14	2022-08-25		Genomic and transcriptomic determinants of response to neoadjuvant therapy in rectal cancer	Illumina HiSeq 2500 sequencing: GSM6390359: JM017 Homo sapiens RNA-Seq	JM017	JM017		ftp.sra.ebi.ac.uk/vol1/fastq/SRR206/011/SRR20643311/SRR20643311_1.fastq.gz;ftp.sra.ebi.ac.uk/vol1/fastq/SRR206/011/SRR20643311/SRR20643311_2.fastq.gz	2604949521346c610b5c6b05f5e9b26d;888e71457a60d9e860515840e409993f	3457144456;3641245138				Homo sapiens	9606.0	RNA-Seq	TRANSCRIPTOMIC	cDNA	PAIRED	SAMN29960843	PRJNA862190
Tumor	no	no	no	no	unknown	unknown	SRR20643313	PRJNA862190	SRP388072	SAMN29960845	SRS14299573	SRX16666440	SRA1462537	9606.0	Homo sapiens	ILLUMINA	Illumina HiSeq 2500	GSM6390357	RNA-Seq	TRANSCRIPTOMIC	cDNA	PAIRED	88074211	8807421100	2022-08-19	2022-10-27		Genomic and transcriptomic determinants of response to neoadjuvant therapy in rectal cancer	Illumina HiSeq 2500 sequencing: GSM6390357: JM011 Homo sapiens RNA-Seq	JM011	JM011		ftp.sra.ebi.ac.uk/vol1/fastq/SRR206/013/SRR20643313/SRR20643313_1.fastq.gz;ftp.sra.ebi.ac.uk/vol1/fastq/SRR206/013/SRR20643313/SRR20643313_2.fastq.gz	e5e6da48d01346445cbc2159b0e20897;a7711b50898e13b53699709875b1c8a4	3453328583;3682908058				Homo sapiens	9606.0	RNA-Seq	TRANSCRIPTOMIC	cDNA	PAIRED	SAMN29960845	PRJNA862190
Tumor	no	no	no	no	unknown	unknown	SRR20643315	PRJNA862190	SRP388072	SAMN29960847	SRS14299571	SRX16666438	SRA1462537	9606.0	Homo sapiens	ILLUMINA	Illumina HiSeq 2500	GSM6390355	RNA-Seq	TRANSCRIPTOMIC	cDNA	PAIRED	90586643	9058664300	2022-08-22	2022-08-22		Genomic and transcriptomic determinants of response to neoadjuvant therapy in rectal cancer	Illumina HiSeq 2500 sequencing: GSM6390355: JM007 Homo sapiens RNA-Seq	JM007	JM007		ftp.sra.ebi.ac.uk/vol1/fastq/SRR206/015/SRR20643315/SRR20643315_1.fastq.gz;ftp.sra.ebi.ac.uk/vol1/fastq/SRR206/015/SRR20643315/SRR20643315_2.fastq.gz	dc4b0e19e6948b8c5a7e0ec341a89880;685f7fdcec9a9f7788ca151d0f0d4996	3597375423;3810546658											
Tumor	no	no	no	no	unknown	unknown	SRR20643316	PRJNA862190	SRP388072	SAMN29960848	SRS14299570	SRX16666437	SRA1462537	9606.0	Homo sapiens	ILLUMINA	Illumina HiSeq 2500	GSM6390354	RNA-Seq	TRANSCRIPTOMIC	cDNA	PAIRED	92354370	9235437000	2022-08-22	2022-08-22		Genomic and transcriptomic determinants of response to neoadjuvant therapy in rectal cancer	Illumina HiSeq 2500 sequencing: GSM6390354: JM006 Homo sapiens RNA-Seq	JM006	JM006		ftp.sra.ebi.ac.uk/vol1/fastq/SRR206/016/SRR20643316/SRR20643316_1.fastq.gz;ftp.sra.ebi.ac.uk/vol1/fastq/SRR206/016/SRR20643316/SRR20643316_2.fastq.gz	934c47dc3ce10dd92444aa5a8075e277;e5813f5cc830e5e4b37aa114a2a1907f	3207364659;3381409923											
Tumor	no	no	no	no	unknown	unknown	SRR20643319	PRJNA862190	SRP388072	SAMN29960803	SRS14299567	SRX16666434	SRA1462537	9606.0	Homo sapiens	ILLUMINA	Illumina HiSeq 2500	GSM6390399	RNA-Seq	TRANSCRIPTOMIC	cDNA	PAIRED	95736400	9573640000	2022-08-11	2022-08-24		Genomic and transcriptomic determinants of response to neoadjuvant therapy in rectal cancer	Illumina HiSeq 2500 sequencing: GSM6390399: JM123 Homo sapiens RNA-Seq	JM123	JM123		ftp.sra.ebi.ac.uk/vol1/fastq/SRR206/019/SRR20643319/SRR20643319_1.fastq.gz;ftp.sra.ebi.ac.uk/vol1/fastq/SRR206/019/SRR20643319/SRR20643319_2.fastq.gz	2e5245633540ffd5f6d4904c265152d0;d49ea53c9a96aef7269180fd89089d9c	3692568945;3744315652				Homo sapiens	9606.0	RNA-Seq	TRANSCRIPTOMIC	cDNA	PAIRED	SAMN29960803	PRJNA862190
Tumor	no	no	no	no	unknown	unknown	SRR20643329	PRJNA862190	SRP388072	SAMN29960813	SRS14299558	SRX16666424	SRA1462537	9606.0	Homo sapiens	ILLUMINA	Illumina HiSeq 2500	GSM6390389	RNA-Seq	TRANSCRIPTOMIC	cDNA	PAIRED	112712032	11271203200	2022-08-22	2022-08-23		Genomic and transcriptomic determinants of response to neoadjuvant therapy in rectal cancer	Illumina HiSeq 2500 sequencing: GSM6390389: JM098 Homo sapiens RNA-Seq	JM098	JM098		ftp.sra.ebi.ac.uk/vol1/fastq/SRR206/029/SRR20643329/SRR20643329_1.fastq.gz;ftp.sra.ebi.ac.uk/vol1/fastq/SRR206/029/SRR20643329/SRR20643329_2.fastq.gz	da469ae92dbd2c7a299991f672066dbc;f224e9ae3bc356a59c62f17966d985f2	4350369636;4595636049											
Tumor	no	no	no	no	unknown	unknown	SRR20643340	PRJNA862190	SRP388072	SAMN29960824	SRS14299546	SRX16666413	SRA1462537	9606.0	Homo sapiens	ILLUMINA	Illumina HiSeq 2500	GSM6390378	RNA-Seq	TRANSCRIPTOMIC	cDNA	PAIRED	85407665	8540766500	2022-09-01	2022-09-03		Genomic and transcriptomic determinants of response to neoadjuvant therapy in rectal cancer	Illumina HiSeq 2500 sequencing: GSM6390378: JM061 Homo sapiens RNA-Seq	JM061	JM061		ftp.sra.ebi.ac.uk/vol1/fastq/SRR206/040/SRR20643340/SRR20643340_1.fastq.gz;ftp.sra.ebi.ac.uk/vol1/fastq/SRR206/040/SRR20643340/SRR20643340_2.fastq.gz	1e80f470f46b5a1e6ffdb9b042abfa05;4da7fb8b568be5d833abcf35632bcf56	3076778467;3242223381											
Tumor	no	no	no	no	unknown	unknown	SRR20643341	PRJNA862190	SRP388072	SAMN29960825	SRS14299545	SRX16666412	SRA1462537	9606.0	Homo sapiens	ILLUMINA	Illumina HiSeq 2500	GSM6390377	RNA-Seq	TRANSCRIPTOMIC	cDNA	PAIRED	87934622	8793462200	2022-08-22	2022-08-22		Genomic and transcriptomic determinants of response to neoadjuvant therapy in rectal cancer	Illumina HiSeq 2500 sequencing: GSM6390377: JM059 Homo sapiens RNA-Seq	JM059	JM059		ftp.sra.ebi.ac.uk/vol1/fastq/SRR206/041/SRR20643341/SRR20643341_1.fastq.gz;ftp.sra.ebi.ac.uk/vol1/fastq/SRR206/041/SRR20643341/SRR20643341_2.fastq.gz	4c6477321f7667cdfa28bb8dee4cd560;b3056cdcd19144fcd106ebd01590efe9	3292713175;3484996073				Homo sapiens	9606.0	RNA-Seq	TRANSCRIPTOMIC	cDNA	PAIRED	SAMN29960825	PRJNA862190
Tumor	no	no	no	no	unknown	unknown	SRR20643345	PRJNA862190	SRP388072	SAMN29960853	SRS14299541	SRX16666408	SRA1462537	9606.0	Homo sapiens	ILLUMINA	Illumina HiSeq 2500	GSM6390349	RNA-Seq	TRANSCRIPTOMIC	cDNA	PAIRED	110592352	11059235200	2022-08-22	2022-08-22		Genomic and transcriptomic determinants of response to neoadjuvant therapy in rectal cancer	Illumina HiSeq 2500 sequencing: GSM6390349: JM001 Homo sapiens RNA-Seq	JM001	JM001		ftp.sra.ebi.ac.uk/vol1/fastq/SRR206/045/SRR20643345/SRR20643345_1.fastq.gz;ftp.sra.ebi.ac.uk/vol1/fastq/SRR206/045/SRR20643345/SRR20643345_2.fastq.gz	39018ccb7abd0e7a4942dd20bc06244c;cb350a671994453085d4328616acf897	4300637499;4607912226				Homo sapiens	9606.0	RNA-Seq	TRANSCRIPTOMIC	cDNA	PAIRED	SAMN29960853	PRJNA862190
Tumor	no	yes	no	no	unknown	unknown	SRR12454953	PRJNA657259	SRP277545	SAMN15823057	SRS7204620	SRX8949342	SRA1112961	9606.0	Homo sapiens	ILLUMINA	Illumina NovaSeq 6000		RNA-Seq	TRANSCRIPTOMIC	cDNA	PAIRED	31654429	9496328700	2023-08-18	2023-08-19	GEO	Therapy-induced senescence of cancer-associated fibroblasts determines survival in rectal cancer	Illumina NovaSeq 6000 sequencing: GSM4728163: 1095-04-11 Tumor biopsy Homo sapiens RNA-Seq	1095-04-11 Tumor biopsy	1095-04-11 Tumor biopsy		ftp.sra.ebi.ac.uk/vol1/fastq/SRR124/053/SRR12454953/SRR12454953_1.fastq.gz;ftp.sra.ebi.ac.uk/vol1/fastq/SRR124/053/SRR12454953/SRR12454953_2.fastq.gz	4c68919bdf903980f8d5dd0224047b13;3f547715398f7e7c4fa2f9193e870279	1458456190;1505664857				Homo sapiens	9606.0	RNA-Seq	TRANSCRIPTOMIC	cDNA	PAIRED	SAMN15823057	PRJNA657259
Tumor	no	yes	no	no	unknown	unknown	SRR12454958	PRJNA657259	SRP277545	SAMN15823096	SRS7204625	SRX8949347	SRA1112961	9606.0	Homo sapiens	ILLUMINA	Illumina NovaSeq 6000		RNA-Seq	TRANSCRIPTOMIC	cDNA	PAIRED	29023555	8707066500	2023-08-18	2023-08-19	GEO	Therapy-induced senescence of cancer-associated fibroblasts determines survival in rectal cancer	Illumina NovaSeq 6000 sequencing: GSM4728168: 15760-11 Tumor biopsy Homo sapiens RNA-Seq	15760-11 Tumor biopsy	15760-11 Tumor biopsy		ftp.sra.ebi.ac.uk/vol1/fastq/SRR124/058/SRR12454958/SRR12454958_1.fastq.gz;ftp.sra.ebi.ac.uk/vol1/fastq/SRR124/058/SRR12454958/SRR12454958_2.fastq.gz	670d396df5339e021694ca078dee6db4;e7d35662ab03bfe2628292f662c2d178	1230358060;1271160375				Homo sapiens	9606.0	RNA-Seq	TRANSCRIPTOMIC	cDNA	PAIRED	SAMN15823096	PRJNA657259
Tumor	no	yes	no	no	unknown	unknown	SRR12454962	PRJNA657259	SRP277545	SAMN15823092	SRS7204629	SRX8949351	SRA1112961	9606.0	Homo sapiens	ILLUMINA	Illumina NovaSeq 6000		RNA-Seq	TRANSCRIPTOMIC	cDNA	PAIRED	30515332	9154599600	2023-08-18	2023-08-19	GEO	Therapy-induced senescence of cancer-associated fibroblasts determines survival in rectal cancer	Illumina NovaSeq 6000 sequencing: GSM4728172: 1731-14 Tumor biopsy Homo sapiens RNA-Seq	1731-14 Tumor biopsy	1731-14 Tumor biopsy		ftp.sra.ebi.ac.uk/vol1/fastq/SRR124/062/SRR12454962/SRR12454962_1.fastq.gz;ftp.sra.ebi.ac.uk/vol1/fastq/SRR124/062/SRR12454962/SRR12454962_2.fastq.gz	5615d2b33bcb62e36fdfa8f4def83ab1;496568aa57283f6fc27f3737fdedd319	1390050604;1425669141											
Tumor	no	yes	no	no	unknown	unknown	SRR12454965	PRJNA657259	SRP277545	SAMN15823089	SRS7204632	SRX8949354	SRA1112961	9606.0	Homo sapiens	ILLUMINA	Illumina NovaSeq 6000		RNA-Seq	TRANSCRIPTOMIC	cDNA	PAIRED	35346465	10603939500	2023-08-18	2023-08-19	GEO	Therapy-induced senescence of cancer-associated fibroblasts determines survival in rectal cancer	Illumina NovaSeq 6000 sequencing: GSM4728175: 18290-09 Tumor biopsy Homo sapiens RNA-Seq	18290-09 Tumor biopsy	18290-09 Tumor biopsy		ftp.sra.ebi.ac.uk/vol1/fastq/SRR124/065/SRR12454965/SRR12454965_1.fastq.gz;ftp.sra.ebi.ac.uk/vol1/fastq/SRR124/065/SRR12454965/SRR12454965_2.fastq.gz	27e3d05b820de3c2f38ae70547238393;dffe0813376013ccdaa574fbf0a0b517	1588537590;1646894946				Homo sapiens	9606.0	RNA-Seq	TRANSCRIPTOMIC	cDNA	PAIRED	SAMN15823089	PRJNA657259
Tumor	no	yes	no	no	unknown	unknown	SRR12454978	PRJNA657259	SRP277545	SAMN15823076	SRS7204644	SRX8949367	SRA1112961	9606.0	Homo sapiens	ILLUMINA	Illumina NovaSeq 6000		RNA-Seq	TRANSCRIPTOMIC	cDNA	PAIRED	36266359	10879907700	2023-08-18	2023-08-19	GEO	Therapy-induced senescence of cancer-associated fibroblasts determines survival in rectal cancer	Illumina NovaSeq 6000 sequencing: GSM4728188: 465 Tumor biopsy Homo sapiens RNA-Seq	465 Tumor biopsy	465 Tumor biopsy		ftp.sra.ebi.ac.uk/vol1/fastq/SRR124/078/SRR12454978/SRR12454978_1.fastq.gz;ftp.sra.ebi.ac.uk/vol1/fastq/SRR124/078/SRR12454978/SRR12454978_2.fastq.gz	a81cdf4accc762a2313da8ed185b382b;721ea46e04737f9cad6faae38e716d48	1493598727;1567113228				Homo sapiens	9606.0	RNA-Seq	TRANSCRIPTOMIC	cDNA	PAIRED	SAMN15823076	PRJNA657259
Tumor	no	yes	no	no	unknown	unknown	SRR12454979	PRJNA657259	SRP277545	SAMN15823119	SRS7204646	SRX8949368	SRA1112961	9606.0	Homo sapiens	ILLUMINA	Illumina NovaSeq 6000		RNA-Seq	TRANSCRIPTOMIC	cDNA	PAIRED	33092900	9927870000	2023-08-18	2023-08-19	GEO	Therapy-induced senescence of cancer-associated fibroblasts determines survival in rectal cancer	Illumina NovaSeq 6000 sequencing: GSM4728189: 4790-13 Tumor biopsy Homo sapiens RNA-Seq	4790-13 Tumor biopsy	4790-13 Tumor biopsy		ftp.sra.ebi.ac.uk/vol1/fastq/SRR124/079/SRR12454979/SRR12454979_1.fastq.gz;ftp.sra.ebi.ac.uk/vol1/fastq/SRR124/079/SRR12454979/SRR12454979_2.fastq.gz	8766d21a3a548913b976336a6dbad581;0b80cc64fc05eec6aafb6d2f805ff643	1517428005;1567321731											
Tumor	no	yes	no	no	unknown	unknown	SRR12454980	PRJNA657259	SRP277545	SAMN15823118	SRS7204647	SRX8949369	SRA1112961	9606.0	Homo sapiens	ILLUMINA	Illumina NovaSeq 6000		RNA-Seq	TRANSCRIPTOMIC	cDNA	PAIRED	35858829	10757648700	2023-08-18	2023-08-19	GEO	Therapy-induced senescence of cancer-associated fibroblasts determines survival in rectal cancer	Illumina NovaSeq 6000 sequencing: GSM4728190: 4973 Tumor biopsy Homo sapiens RNA-Seq	4973 Tumor biopsy	4973 Tumor biopsy		ftp.sra.ebi.ac.uk/vol1/fastq/SRR124/080/SRR12454980/SRR12454980_1.fastq.gz;ftp.sra.ebi.ac.uk/vol1/fastq/SRR124/080/SRR12454980/SRR12454980_2.fastq.gz	07f795b5f985a2bc882d4e37ccfed613;37c50e9be23fc6ac469eca3191ffee5c	1585049479;1637224184				Homo sapiens	9606.0	RNA-Seq	TRANSCRIPTOMIC	cDNA	PAIRED	SAMN15823118	PRJNA657259
Tumor	no	yes	no	no	unknown	unknown	SRR12454988	PRJNA657259	SRP277545	SAMN15823110	SRS7204655	SRX8949377	SRA1112961	9606.0	Homo sapiens	ILLUMINA	Illumina NovaSeq 6000		RNA-Seq	TRANSCRIPTOMIC	cDNA	PAIRED	31888105	9566431500	2023-08-18	2023-08-19	GEO	Therapy-induced senescence of cancer-associated fibroblasts determines survival in rectal cancer	Illumina NovaSeq 6000 sequencing: GSM4728198: 6057-12 Tumor biopsy Homo sapiens RNA-Seq	6057-12 Tumor biopsy	6057-12 Tumor biopsy		ftp.sra.ebi.ac.uk/vol1/fastq/SRR124/088/SRR12454988/SRR12454988_1.fastq.gz;ftp.sra.ebi.ac.uk/vol1/fastq/SRR124/088/SRR12454988/SRR12454988_2.fastq.gz	7dd8b76700fd382a720c2c4a9d3ba36c;97c89964b4674e44463c9ff78057ee28	1245863833;1314866546				Homo sapiens	9606.0	RNA-Seq	TRANSCRIPTOMIC	cDNA	PAIRED	SAMN15823110	PRJNA657259
Tumor	no	yes	no	no	unknown	unknown	SRR12454989	PRJNA657259	SRP277545	SAMN15823109	SRS7204656	SRX8949378	SRA1112961	9606.0	Homo sapiens	ILLUMINA	Illumina NovaSeq 6000		RNA-Seq	TRANSCRIPTOMIC	cDNA	PAIRED	30755042	9226512600	2023-08-18	2023-08-19	GEO	Therapy-induced senescence of cancer-associated fibroblasts determines survival in rectal cancer	Illumina NovaSeq 6000 sequencing: GSM4728199: 61088-14 Tumor biopsy Homo sapiens RNA-Seq	61088-14 Tumor biopsy	61088-14 Tumor biopsy		ftp.sra.ebi.ac.uk/vol1/fastq/SRR124/089/SRR12454989/SRR12454989_1.fastq.gz;ftp.sra.ebi.ac.uk/vol1/fastq/SRR124/089/SRR12454989/SRR12454989_2.fastq.gz	3e30acb0d943561ddfcf2afe5e21bad3;191028844fbaf5fef64a1db5aa5f4e99	1451243111;1481641267											
Tumor	no	yes	no	no	unknown	unknown	SRR12454991	PRJNA657259	SRP277545	SAMN15823107	SRS7204658	SRX8949380	SRA1112961	9606.0	Homo sapiens	ILLUMINA	Illumina NovaSeq 6000		RNA-Seq	TRANSCRIPTOMIC	cDNA	PAIRED	33638391	10091517300	2023-08-18	2023-08-19	GEO	Therapy-induced senescence of cancer-associated fibroblasts determines survival in rectal cancer	Illumina NovaSeq 6000 sequencing: GSM4728201: 6207 Tumor biopsy Homo sapiens RNA-Seq	6207 Tumor biopsy	6207 Tumor biopsy		ftp.sra.ebi.ac.uk/vol1/fastq/SRR124/091/SRR12454991/SRR12454991_1.fastq.gz;ftp.sra.ebi.ac.uk/vol1/fastq/SRR124/091/SRR12454991/SRR12454991_2.fastq.gz	a598ac40451db359ceebda2488cc88d7;26e0d869aaef980965b68d29a5ebac8e	1411209601;1475493370				Homo sapiens	9606.0	RNA-Seq	TRANSCRIPTOMIC	cDNA	PAIRED	SAMN15823107	PRJNA657259
Tumor	no	yes	no	no	unknown	unknown	SRR12454992	PRJNA657259	SRP277545	SAMN15823106	SRS7204659	SRX8949381	SRA1112961	9606.0	Homo sapiens	ILLUMINA	Illumina NovaSeq 6000		RNA-Seq	TRANSCRIPTOMIC	cDNA	PAIRED	31850909	9555272700	2023-08-18	2023-08-19	GEO	Therapy-induced senescence of cancer-associated fibroblasts determines survival in rectal cancer	Illumina NovaSeq 6000 sequencing: GSM4728202: 63926-13 Tumor biopsy Homo sapiens RNA-Seq	63926-13 Tumor biopsy	63926-13 Tumor biopsy		ftp.sra.ebi.ac.uk/vol1/fastq/SRR124/092/SRR12454992/SRR12454992_1.fastq.gz;ftp.sra.ebi.ac.uk/vol1/fastq/SRR124/092/SRR12454992/SRR12454992_2.fastq.gz	adaa3a1928d13fff1031b98c330176a6;c75cf9b4af3538ceec0876d6f5565535	1499491049;1537292657				Homo sapiens	9606.0	RNA-Seq	TRANSCRIPTOMIC	cDNA	PAIRED	SAMN15823106	PRJNA657259
Tumor	no	yes	no	no	unknown	unknown	SRR12454994	PRJNA657259	SRP277545	SAMN15823104	SRS7204660	SRX8949383	SRA1112961	9606.0	Homo sapiens	ILLUMINA	Illumina NovaSeq 6000		RNA-Seq	TRANSCRIPTOMIC	cDNA	PAIRED	35426839	10628051700	2023-08-18	2023-08-19	GEO	Therapy-induced senescence of cancer-associated fibroblasts determines survival in rectal cancer	Illumina NovaSeq 6000 sequencing: GSM4728204: 6551-II Tumor biopsy Homo sapiens RNA-Seq	6551-II Tumor biopsy	6551-II Tumor biopsy		ftp.sra.ebi.ac.uk/vol1/fastq/SRR124/094/SRR12454994/SRR12454994_1.fastq.gz;ftp.sra.ebi.ac.uk/vol1/fastq/SRR124/094/SRR12454994/SRR12454994_2.fastq.gz	a6335694a48be69191912b2b1b0413cc;54fb3751d748d7763415f1a28953b021	1332856085;1406331028				Homo sapiens	9606.0	RNA-Seq	TRANSCRIPTOMIC	cDNA	PAIRED	SAMN15823104	PRJNA657259
Tumor	no	yes	no	no	unknown	unknown	SRR12454996	PRJNA657259	SRP277545	SAMN15823102	SRS7204663	SRX8949385	SRA1112961	9606.0	Homo sapiens	ILLUMINA	Illumina NovaSeq 6000		RNA-Seq	TRANSCRIPTOMIC	cDNA	PAIRED	36156027	10846808100	2023-08-18	2023-08-19	GEO	Therapy-induced senescence of cancer-associated fibroblasts determines survival in rectal cancer	Illumina NovaSeq 6000 sequencing: GSM4728206: 7081-III Tumor biopsy Homo sapiens RNA-Seq	7081-III Tumor biopsy	7081-III Tumor biopsy		ftp.sra.ebi.ac.uk/vol1/fastq/SRR124/096/SRR12454996/SRR12454996_1.fastq.gz;ftp.sra.ebi.ac.uk/vol1/fastq/SRR124/096/SRR12454996/SRR12454996_2.fastq.gz	b891b3e2a6f3903560e95290c3d54609;5065ad012e47de7c9415c37f315f8ff8	1690704420;1726955930				Homo sapiens	9606.0	RNA-Seq	TRANSCRIPTOMIC	cDNA	PAIRED	SAMN15823102	PRJNA657259
Tumor	no	yes	no	no	unknown	unknown	SRR12454999	PRJNA657259	SRP277545	SAMN15823099	SRS7204666	SRX8949388	SRA1112961	9606.0	Homo sapiens	ILLUMINA	Illumina NovaSeq 6000		RNA-Seq	TRANSCRIPTOMIC	cDNA	PAIRED	36137535	10841260500	2023-08-18	2023-08-19	GEO	Therapy-induced senescence of cancer-associated fibroblasts determines survival in rectal cancer	Illumina NovaSeq 6000 sequencing: GSM4728209: 8535-12 Tumor biopsy Homo sapiens RNA-Seq	8535-12 Tumor biopsy	8535-12 Tumor biopsy		ftp.sra.ebi.ac.uk/vol1/fastq/SRR124/099/SRR12454999/SRR12454999_1.fastq.gz;ftp.sra.ebi.ac.uk/vol1/fastq/SRR124/099/SRR12454999/SRR12454999_2.fastq.gz	37149a859c53174f28e5045dd5dcda89;90866fa7a537ff3baf71df1cfbf8c051	1597660537;1636061862				Homo sapiens	9606.0	RNA-Seq	TRANSCRIPTOMIC	cDNA	PAIRED	SAMN15823099	PRJNA657259
Tumor	no	yes	no	no	unknown	unknown	SRR12455000	PRJNA657259	SRP277545	SAMN15823098	SRS7204667	SRX8949389	SRA1112961	9606.0	Homo sapiens	ILLUMINA	Illumina NovaSeq 6000		RNA-Seq	TRANSCRIPTOMIC	cDNA	PAIRED	41701607	12510482100	2023-08-18	2023-08-19	GEO	Therapy-induced senescence of cancer-associated fibroblasts determines survival in rectal cancer	Illumina NovaSeq 6000 sequencing: GSM4728210: 8597-12 Tumor biopsy Homo sapiens RNA-Seq	8597-12 Tumor biopsy	8597-12 Tumor biopsy		ftp.sra.ebi.ac.uk/vol1/fastq/SRR124/000/SRR12455000/SRR12455000_1.fastq.gz;ftp.sra.ebi.ac.uk/vol1/fastq/SRR124/000/SRR12455000/SRR12455000_2.fastq.gz	5ea3cb914c6b90016c53a99c982c6b56;a7d0f3bd874c06c4260e1f44042441c3	1635322096;1754836409				Homo sapiens	9606.0	RNA-Seq	TRANSCRIPTOMIC	cDNA	PAIRED	SAMN15823098	PRJNA657259
Tumor	no	yes	no	no	unknown	unknown	SRR12455001	PRJNA657259	SRP277545	SAMN15823130	SRS7204668	SRX8949390	SRA1112961	9606.0	Homo sapiens	ILLUMINA	Illumina NovaSeq 6000		RNA-Seq	TRANSCRIPTOMIC	cDNA	PAIRED	33342026	10002607800	2023-08-18	2023-08-19	GEO	Therapy-induced senescence of cancer-associated fibroblasts determines survival in rectal cancer	Illumina NovaSeq 6000 sequencing: GSM4728211: 91232-11 Tumor biopsy Homo sapiens RNA-Seq	91232-11 Tumor biopsy	91232-11 Tumor biopsy		ftp.sra.ebi.ac.uk/vol1/fastq/SRR124/001/SRR12455001/SRR12455001_1.fastq.gz;ftp.sra.ebi.ac.uk/vol1/fastq/SRR124/001/SRR12455001/SRR12455001_2.fastq.gz	dca2c3f2f3b25b673813cb782202fda9;57c731d2eba4de86f67e85c92f3288ff	1410111206;1461558206											
Tumor	no	yes	no	no	unknown	unknown	SRR12455002	PRJNA657259	SRP277545	SAMN15823129	SRS7204669	SRX8949391	SRA1112961	9606.0	Homo sapiens	ILLUMINA	Illumina NovaSeq 6000		RNA-Seq	TRANSCRIPTOMIC	cDNA	PAIRED	36265350	10879605000	2023-08-18	2023-08-19	GEO	Therapy-induced senescence of cancer-associated fibroblasts determines survival in rectal cancer	Illumina NovaSeq 6000 sequencing: GSM4728212: 9554-13 Tumor biopsy Homo sapiens RNA-Seq	9554-13 Tumor biopsy	9554-13 Tumor biopsy		ftp.sra.ebi.ac.uk/vol1/fastq/SRR124/002/SRR12455002/SRR12455002_1.fastq.gz;ftp.sra.ebi.ac.uk/vol1/fastq/SRR124/002/SRR12455002/SRR12455002_2.fastq.gz	e358ef911057fe720d484b705b139d72;30ad400aa9fd0b1919b854b1a8611477	1711912583;1752474884				Homo sapiens	9606.0	RNA-Seq	TRANSCRIPTOMIC	cDNA	PAIRED	SAMN15823129	PRJNA657259
Tumor	no	yes	no	no	unknown	unknown	SRR12455003	PRJNA657259	SRP277545	SAMN15823128	SRS7204672	SRX8949392	SRA1112961	9606.0	Homo sapiens	ILLUMINA	Illumina NovaSeq 6000		RNA-Seq	TRANSCRIPTOMIC	cDNA	PAIRED	30496227	9148868100	2023-08-18	2023-08-19	GEO	Therapy-induced senescence of cancer-associated fibroblasts determines survival in rectal cancer	Illumina NovaSeq 6000 sequencing: GSM4728213: 9794-08 Tumor biopsy Homo sapiens RNA-Seq	9794-08 Tumor biopsy	9794-08 Tumor biopsy		ftp.sra.ebi.ac.uk/vol1/fastq/SRR124/003/SRR12455003/SRR12455003_1.fastq.gz;ftp.sra.ebi.ac.uk/vol1/fastq/SRR124/003/SRR12455003/SRR12455003_2.fastq.gz	33971e19eee03ef825deebee87a3cee8;6d18105106c027d9971d56ea33befc22	1273870850;1324318880				Homo sapiens	9606.0	RNA-Seq	TRANSCRIPTOMIC	cDNA	PAIRED	SAMN15823128	PRJNA657259
Tumor	no	yes	no	no	unknown	unknown	SRR12455014	PRJNA657259	SRP277545	SAMN15823037	SRS7204681	SRX8949403	SRA1112961	9606.0	Homo sapiens	ILLUMINA	Illumina NovaSeq 6000		RNA-Seq	TRANSCRIPTOMIC	cDNA	PAIRED	52547630	15764289000	2023-08-18	2023-08-19	GEO	Therapy-induced senescence of cancer-associated fibroblasts determines survival in rectal cancer	Illumina NovaSeq 6000 sequencing: GSM4728224: H123074-17 Tumor biopsy Homo sapiens RNA-Seq	H123074-17 Tumor biopsy	H123074-17 Tumor biopsy		ftp.sra.ebi.ac.uk/vol1/fastq/SRR124/014/SRR12455014/SRR12455014_1.fastq.gz;ftp.sra.ebi.ac.uk/vol1/fastq/SRR124/014/SRR12455014/SRR12455014_2.fastq.gz	8d1208645cd5fe129da44c100e05a6bf;334d5a4cc65b93500d58211c219867d7	2301003603;2331873317				Homo sapiens	9606.0	RNA-Seq	TRANSCRIPTOMIC	cDNA	PAIRED	SAMN15823037	PRJNA657259
Tumor	no	yes	no	no	unknown	unknown	SRR12455015	PRJNA657259	SRP277545	SAMN15823036	SRS7204682	SRX8949404	SRA1112961	9606.0	Homo sapiens	ILLUMINA	Illumina NovaSeq 6000		RNA-Seq	TRANSCRIPTOMIC	cDNA	PAIRED	37302442	11190732600	2023-08-18	2023-08-19	GEO	Therapy-induced senescence of cancer-associated fibroblasts determines survival in rectal cancer	Illumina NovaSeq 6000 sequencing: GSM4728225: H12861-17 Tumor biopsy Homo sapiens RNA-Seq	H12861-17 Tumor biopsy	H12861-17 Tumor biopsy		ftp.sra.ebi.ac.uk/vol1/fastq/SRR124/015/SRR12455015/SRR12455015_1.fastq.gz;ftp.sra.ebi.ac.uk/vol1/fastq/SRR124/015/SRR12455015/SRR12455015_2.fastq.gz	f102e96fb8382946110386e0b2f38363;c25151fdebb46cc10c71b7510670fc3f	1958976172;1960601991				Homo sapiens	9606.0	RNA-Seq	TRANSCRIPTOMIC	cDNA	PAIRED	SAMN15823036	PRJNA657259
Tumor	no	yes	no	no	unknown	unknown	SRR12455026	PRJNA657259	SRP277545	SAMN15823071	SRS7204693	SRX8949415	SRA1112961	9606.0	Homo sapiens	ILLUMINA	Illumina NovaSeq 6000		RNA-Seq	TRANSCRIPTOMIC	cDNA	PAIRED	26815962	8044788600	2023-08-18	2023-08-19	GEO	Therapy-induced senescence of cancer-associated fibroblasts determines survival in rectal cancer	Illumina NovaSeq 6000 sequencing: GSM4728236: H27064 Tumor biopsy Homo sapiens RNA-Seq	H27064 Tumor biopsy	H27064 Tumor biopsy		ftp.sra.ebi.ac.uk/vol1/fastq/SRR124/026/SRR12455026/SRR12455026_1.fastq.gz;ftp.sra.ebi.ac.uk/vol1/fastq/SRR124/026/SRR12455026/SRR12455026_2.fastq.gz	947efe035a114ebcbd2ff9d6d569c440;58720c48df3c0cdcd557588997153c5d	1367919161;1370337591											
Tumor	no	yes	no	no	unknown	unknown	SRR12455029	PRJNA657259	SRP277545	SAMN15823068	SRS7204696	SRX8949418	SRA1112961	9606.0	Homo sapiens	ILLUMINA	Illumina NovaSeq 6000		RNA-Seq	TRANSCRIPTOMIC	cDNA	PAIRED	50783284	15234985200	2023-08-18	2023-08-19	GEO	Therapy-induced senescence of cancer-associated fibroblasts determines survival in rectal cancer	Illumina NovaSeq 6000 sequencing: GSM4728239: H34738-2018 Tumor biopsy Homo sapiens RNA-Seq	H34738-2018 Tumor biopsy	H34738-2018 Tumor biopsy		ftp.sra.ebi.ac.uk/vol1/fastq/SRR124/029/SRR12455029/SRR12455029_1.fastq.gz;ftp.sra.ebi.ac.uk/vol1/fastq/SRR124/029/SRR12455029/SRR12455029_2.fastq.gz	d28f94a4a81dacea2850edf3fd97a92a;559b3150178187974f72564bc9d755dc	2266845098;2240960710											
Tumor	no	yes	no	no	unknown	unknown	SRR12455037	PRJNA657259	SRP277545	SAMN15823028	SRS7204704	SRX8949426	SRA1112961	9606.0	Homo sapiens	ILLUMINA	Illumina NovaSeq 6000		RNA-Seq	TRANSCRIPTOMIC	cDNA	PAIRED	8559268	2567780400	2023-08-18	2023-08-19	GEO	Therapy-induced senescence of cancer-associated fibroblasts determines survival in rectal cancer	Illumina NovaSeq 6000 sequencing: GSM4728247: H59457-17 Tumor biopsy Homo sapiens RNA-Seq	H59457-17 Tumor biopsy	H59457-17 Tumor biopsy		ftp.sra.ebi.ac.uk/vol1/fastq/SRR124/037/SRR12455037/SRR12455037_1.fastq.gz;ftp.sra.ebi.ac.uk/vol1/fastq/SRR124/037/SRR12455037/SRR12455037_2.fastq.gz	c4b88692d3d893eb745fec9efb4d62a2;6c91122890ec1f6248d638469468d438	241953693;243708357				Homo sapiens	9606.0	RNA-Seq	TRANSCRIPTOMIC	cDNA	PAIRED	SAMN15823028	PRJNA657259
Tumor	no	yes	no	no	unknown	unknown	SRR12455038	PRJNA657259	SRP277545	SAMN15823027	SRS7204705	SRX8949427	SRA1112961	9606.0	Homo sapiens	ILLUMINA	Illumina NovaSeq 6000		RNA-Seq	TRANSCRIPTOMIC	cDNA	PAIRED	51677322	15503196600	2023-08-18	2023-08-19	GEO	Therapy-induced senescence of cancer-associated fibroblasts determines survival in rectal cancer	Illumina NovaSeq 6000 sequencing: GSM4728248: H65166-2016 Tumor biopsy Homo sapiens RNA-Seq	H65166-2016 Tumor biopsy	H65166-2016 Tumor biopsy		ftp.sra.ebi.ac.uk/vol1/fastq/SRR124/038/SRR12455038/SRR12455038_1.fastq.gz;ftp.sra.ebi.ac.uk/vol1/fastq/SRR124/038/SRR12455038/SRR12455038_2.fastq.gz	23581d9a86d0d560499476d4054dc506;5ac31d004450fe4f5ecc43520c9d7feb	2251728289;2292829627				Homo sapiens	9606.0	RNA-Seq	TRANSCRIPTOMIC	cDNA	PAIRED	SAMN15823027	PRJNA657259
Tumor	no	yes	no	no	unknown	unknown	SRR12455042	PRJNA657259	SRP277545	SAMN15823024	SRS7204709	SRX8949431	SRA1112961	9606.0	Homo sapiens	ILLUMINA	Illumina NovaSeq 6000		RNA-Seq	TRANSCRIPTOMIC	cDNA	PAIRED	44187565	13256269500	2023-08-18	2023-08-19	GEO	Therapy-induced senescence of cancer-associated fibroblasts determines survival in rectal cancer	Illumina NovaSeq 6000 sequencing: GSM4728252: H83725-16 Tumor biopsy Homo sapiens RNA-Seq	H83725-16 Tumor biopsy	H83725-16 Tumor biopsy		ftp.sra.ebi.ac.uk/vol1/fastq/SRR124/042/SRR12455042/SRR12455042_1.fastq.gz;ftp.sra.ebi.ac.uk/vol1/fastq/SRR124/042/SRR12455042/SRR12455042_2.fastq.gz	618d6ae8372bfcb1f2e7cc6a0fb35a85;84e1a2f86dbe9bcdb266d755f7567724	1822651750;1874952043				Homo sapiens	9606.0	RNA-Seq	TRANSCRIPTOMIC	cDNA	PAIRED	SAMN15823024	PRJNA657259
Tumor	no	yes	no	no	unknown	unknown	SRR12455046	PRJNA657259	SRP277545	SAMN15823020	SRS7204713	SRX8949435	SRA1112961	9606.0	Homo sapiens	ILLUMINA	Illumina NovaSeq 6000		RNA-Seq	TRANSCRIPTOMIC	cDNA	PAIRED	37584618	11275385400	2023-08-18	2023-08-19	GEO	Therapy-induced senescence of cancer-associated fibroblasts determines survival in rectal cancer	Illumina NovaSeq 6000 sequencing: GSM4728256: N008391-12-01 Tumor biopsy Homo sapiens RNA-Seq	N008391-12-01 Tumor biopsy	N008391-12-01 Tumor biopsy		ftp.sra.ebi.ac.uk/vol1/fastq/SRR124/046/SRR12455046/SRR12455046_1.fastq.gz;ftp.sra.ebi.ac.uk/vol1/fastq/SRR124/046/SRR12455046/SRR12455046_2.fastq.gz	cc30b7288b208cd5220b2c3ee20f307f;14533c093930ac61f82628634ba69f74	1539743270;1586301582				Homo sapiens	9606.0	RNA-Seq	TRANSCRIPTOMIC	cDNA	PAIRED	SAMN15823020	PRJNA657259
Tumor	no	yes	no	no	unknown	unknown	SRR12455047	PRJNA657259	SRP277545	SAMN15823019	SRS7204714	SRX8949436	SRA1112961	9606.0	Homo sapiens	ILLUMINA	Illumina NovaSeq 6000		RNA-Seq	TRANSCRIPTOMIC	cDNA	PAIRED	48971469	14691440700	2023-08-18	2023-08-19	GEO	Therapy-induced senescence of cancer-associated fibroblasts determines survival in rectal cancer	Illumina NovaSeq 6000 sequencing: GSM4728257: N012593-14 Tumor biopsy Homo sapiens RNA-Seq	N012593-14 Tumor biopsy	N012593-14 Tumor biopsy		ftp.sra.ebi.ac.uk/vol1/fastq/SRR124/047/SRR12455047/SRR12455047_1.fastq.gz;ftp.sra.ebi.ac.uk/vol1/fastq/SRR124/047/SRR12455047/SRR12455047_2.fastq.gz	7207966eb267f74e72f7c2e62ab15610;9df918767cf0d1aa92ad91241d335be2	1676825209;1734640187				Homo sapiens	9606.0	RNA-Seq	TRANSCRIPTOMIC	cDNA	PAIRED	SAMN15823019	PRJNA657259
Tumor	no	yes	no	no	unknown	unknown	SRR12455048	PRJNA657259	SRP277545	SAMN15823018	SRS7204715	SRX8949437	SRA1112961	9606.0	Homo sapiens	ILLUMINA	Illumina NovaSeq 6000		RNA-Seq	TRANSCRIPTOMIC	cDNA	PAIRED	35559017	10667705100	2023-08-18	2023-08-19	GEO	Therapy-induced senescence of cancer-associated fibroblasts determines survival in rectal cancer	Illumina NovaSeq 6000 sequencing: GSM4728258: N018968-14 Tumor biopsy Homo sapiens RNA-Seq	N018968-14 Tumor biopsy	N018968-14 Tumor biopsy		ftp.sra.ebi.ac.uk/vol1/fastq/SRR124/048/SRR12455048/SRR12455048_1.fastq.gz;ftp.sra.ebi.ac.uk/vol1/fastq/SRR124/048/SRR12455048/SRR12455048_2.fastq.gz	bd1a147734bb372f8d3790e8d2560c68;98591ff501c167b0c170a0e757096e4a	1260517729;1272382692				Homo sapiens	9606.0	RNA-Seq	TRANSCRIPTOMIC	cDNA	PAIRED	SAMN15823018	PRJNA657259
Tumor	no	yes	no	no	unknown	unknown	SRR12455052	PRJNA657259	SRP277545	SAMN15823014	SRS7204719	SRX8949441	SRA1112961	9606.0	Homo sapiens	ILLUMINA	Illumina NovaSeq 6000		RNA-Seq	TRANSCRIPTOMIC	cDNA	PAIRED	38134969	11440490700	2023-08-18	2023-08-19	GEO	Therapy-induced senescence of cancer-associated fibroblasts determines survival in rectal cancer	Illumina NovaSeq 6000 sequencing: GSM4728262: U10819-16 Tumor biopsy Homo sapiens RNA-Seq	U10819-16 Tumor biopsy	U10819-16 Tumor biopsy		ftp.sra.ebi.ac.uk/vol1/fastq/SRR124/052/SRR12455052/SRR12455052_1.fastq.gz;ftp.sra.ebi.ac.uk/vol1/fastq/SRR124/052/SRR12455052/SRR12455052_2.fastq.gz	dbd88b25ef12826c30f277a82cb60de3;58ff458808c263afcc8892c3c77df434	1982472561;1985227051				Homo sapiens	9606.0	RNA-Seq	TRANSCRIPTOMIC	cDNA	PAIRED	SAMN15823014	PRJNA657259
Tumor	no	yes	no	no	unknown	unknown	SRR12455055	PRJNA657259	SRP277545	SAMN15823011	SRS7204723	SRX8949444	SRA1112961	9606.0	Homo sapiens	ILLUMINA	Illumina NovaSeq 6000		RNA-Seq	TRANSCRIPTOMIC	cDNA	PAIRED	54649121	16394736300	2023-08-18	2023-08-19	GEO	Therapy-induced senescence of cancer-associated fibroblasts determines survival in rectal cancer	Illumina NovaSeq 6000 sequencing: GSM4728265: H00263-12 Tumor biopsy Homo sapiens RNA-Seq	H00263-12 Tumor biopsy	H00263-12 Tumor biopsy		ftp.sra.ebi.ac.uk/vol1/fastq/SRR124/055/SRR12455055/SRR12455055_1.fastq.gz;ftp.sra.ebi.ac.uk/vol1/fastq/SRR124/055/SRR12455055/SRR12455055_2.fastq.gz	1da51301498bbc0a6c1aee0057f024b2;15eb596141752b50372c1fd514c58b0e	1347160071;1425248324											
Tumor	no	yes	no	no	unknown	unknown	SRR12455059	PRJNA657259	SRP277545	SAMN15823050	SRS7204726	SRX8949448	SRA1112961	9606.0	Homo sapiens	ILLUMINA	Illumina NovaSeq 6000		RNA-Seq	TRANSCRIPTOMIC	cDNA	PAIRED	35713558	10714067400	2023-08-18	2023-08-19	GEO	Therapy-induced senescence of cancer-associated fibroblasts determines survival in rectal cancer	Illumina NovaSeq 6000 sequencing: GSM4728269: H05373-17-01 Tumor biopsy Homo sapiens RNA-Seq	H05373-17-01 Tumor biopsy	H05373-17-01 Tumor biopsy		ftp.sra.ebi.ac.uk/vol1/fastq/SRR124/059/SRR12455059/SRR12455059_1.fastq.gz;ftp.sra.ebi.ac.uk/vol1/fastq/SRR124/059/SRR12455059/SRR12455059_2.fastq.gz	6eca6f0f0fac9cb9a68b7fa29cad24b8;d429ececf3795b45262a89ddbc628861	1849908853;1851690471											
Tumor	no	yes	no	no	unknown	unknown	SRR12455060	PRJNA657259	SRP277545	SAMN15823049	SRS7204727	SRX8949449	SRA1112961	9606.0	Homo sapiens	ILLUMINA	Illumina NovaSeq 6000		RNA-Seq	TRANSCRIPTOMIC	cDNA	PAIRED	48254066	14476219800	2023-08-18	2023-08-19	GEO	Therapy-induced senescence of cancer-associated fibroblasts determines survival in rectal cancer	Illumina NovaSeq 6000 sequencing: GSM4728270: H05802-14-01 Tumor biopsy Homo sapiens RNA-Seq	H05802-14-01 Tumor biopsy	H05802-14-01 Tumor biopsy		ftp.sra.ebi.ac.uk/vol1/fastq/SRR124/060/SRR12455060/SRR12455060_1.fastq.gz;ftp.sra.ebi.ac.uk/vol1/fastq/SRR124/060/SRR12455060/SRR12455060_2.fastq.gz	28afbecf70398dbd851926aaa356dd3b;b9a5ad024fd8e345a748115707e2a0d7	1755679377;1770421518				Homo sapiens	9606.0	RNA-Seq	TRANSCRIPTOMIC	cDNA	PAIRED	SAMN15823049	PRJNA657259
Tumor	no	no	no	no	unknown	unknown	SRR20643233	PRJNA862190	SRP388072	SAMN29960756	SRS14299653	SRX16666520	SRA1462537	9606.0	Homo sapiens	ILLUMINA	Illumina HiSeq 2500	GSM6390446	RNA-Seq	TRANSCRIPTOMIC	cDNA	PAIRED	78565713	7856571300	2022-08-22	2022-08-23		Genomic and transcriptomic determinants of response to neoadjuvant therapy in rectal cancer	Illumina HiSeq 2500 sequencing: GSM6390446: TM236 Homo sapiens RNA-Seq	TM236	TM236		ftp.sra.ebi.ac.uk/vol1/fastq/SRR206/033/SRR20643233/SRR20643233_1.fastq.gz;ftp.sra.ebi.ac.uk/vol1/fastq/SRR206/033/SRR20643233/SRR20643233_2.fastq.gz	62e46d530b42feefd823a960b525c87a;215acffeacbacadbcad55dcd60824506	3132535261;3312467546				Homo sapiens	9606.0	RNA-Seq	TRANSCRIPTOMIC	cDNA	PAIRED	SAMN29960756	PRJNA862190
Tumor	no	no	no	no	unknown	unknown	SRR20643236	PRJNA862190	SRP388072	SAMN29960759	SRS14299650	SRX16666517	SRA1462537	9606.0	Homo sapiens	ILLUMINA	Illumina HiSeq 2500	GSM6390443	RNA-Seq	TRANSCRIPTOMIC	cDNA	PAIRED	106943612	10908248424	2022-08-22	2022-08-22		Genomic and transcriptomic determinants of response to neoadjuvant therapy in rectal cancer	Illumina HiSeq 2500 sequencing: GSM6390443: JM204 Homo sapiens RNA-Seq	JM204	JM204		ftp.sra.ebi.ac.uk/vol1/fastq/SRR206/036/SRR20643236/SRR20643236_1.fastq.gz;ftp.sra.ebi.ac.uk/vol1/fastq/SRR206/036/SRR20643236/SRR20643236_2.fastq.gz	7ff569c559ea05d6229cfba39c34afde;c267c63082473a91ea1f28418e83fd58	3396130308;3596449869				Homo sapiens	9606.0	RNA-Seq	TRANSCRIPTOMIC	cDNA	PAIRED	SAMN29960759	PRJNA862190
Tumor	no	no	no	no	unknown	unknown	SRR20643237	PRJNA862190	SRP388072	SAMN29960760	SRS14299649	SRX16666516	SRA1462537	9606.0	Homo sapiens	ILLUMINA	Illumina HiSeq 2500	GSM6390442	RNA-Seq	TRANSCRIPTOMIC	cDNA	PAIRED	119926279	12232480458	2022-08-11	2022-08-24		Genomic and transcriptomic determinants of response to neoadjuvant therapy in rectal cancer	Illumina HiSeq 2500 sequencing: GSM6390442: JM203 Homo sapiens RNA-Seq	JM203	JM203		ftp.sra.ebi.ac.uk/vol1/fastq/SRR206/037/SRR20643237/SRR20643237_1.fastq.gz;ftp.sra.ebi.ac.uk/vol1/fastq/SRR206/037/SRR20643237/SRR20643237_2.fastq.gz	d951983729192ca7c124d66c2bb2e7e4;b547e49340c588b5793b48729fbecbfa	3812240158;3932243913				Homo sapiens	9606.0	RNA-Seq	TRANSCRIPTOMIC	cDNA	PAIRED	SAMN29960760	PRJNA862190
Tumor	no	no	no	no	unknown	unknown	SRR20643244	PRJNA862190	SRP388072	SAMN29960767	SRS14299641	SRX16666509	SRA1462537	9606.0	Homo sapiens	ILLUMINA	Illumina HiSeq 2500	GSM6390435	RNA-Seq	TRANSCRIPTOMIC	cDNA	PAIRED	114610574	11690278548	2022-08-19	2022-10-29		Genomic and transcriptomic determinants of response to neoadjuvant therapy in rectal cancer	Illumina HiSeq 2500 sequencing: GSM6390435: JM193 Homo sapiens RNA-Seq	JM193	JM193		ftp.sra.ebi.ac.uk/vol1/fastq/SRR206/044/SRR20643244/SRR20643244_1.fastq.gz;ftp.sra.ebi.ac.uk/vol1/fastq/SRR206/044/SRR20643244/SRR20643244_2.fastq.gz	d35a17a2ba0f2435bb3d156b513cd690;d789e7f579140820851606044cf36cb1	3648686958;3850612456											
Tumor	no	no	no	no	unknown	unknown	SRR20643248	PRJNA862190	SRP388072	SAMN29960771	SRS14299639	SRX16666505	SRA1462537	9606.0	Homo sapiens	ILLUMINA	Illumina HiSeq 2500	GSM6390431	RNA-Seq	TRANSCRIPTOMIC	cDNA	PAIRED	126265994	12879131388	2022-08-22	2022-08-22		Genomic and transcriptomic determinants of response to neoadjuvant therapy in rectal cancer	Illumina HiSeq 2500 sequencing: GSM6390431: JM188 Homo sapiens RNA-Seq	JM188	JM188		ftp.sra.ebi.ac.uk/vol1/fastq/SRR206/048/SRR20643248/SRR20643248_1.fastq.gz;ftp.sra.ebi.ac.uk/vol1/fastq/SRR206/048/SRR20643248/SRR20643248_2.fastq.gz	b296e5a1a9c100eb9e43b42f057e986f;683a7a7f7c047a6cee1e40006410d2ec	3991270586;4180445632											
Tumor	no	no	no	no	unknown	unknown	SRR20643252	PRJNA862190	SRP388072	SAMN29960775	SRS14299634	SRX16666501	SRA1462537	9606.0	Homo sapiens	ILLUMINA	Illumina HiSeq 2500	GSM6390427	RNA-Seq	TRANSCRIPTOMIC	cDNA	PAIRED	100241945	10224678390	2022-08-22	2022-08-22		Genomic and transcriptomic determinants of response to neoadjuvant therapy in rectal cancer	Illumina HiSeq 2500 sequencing: GSM6390427: JM181 Homo sapiens RNA-Seq	JM181	JM181		ftp.sra.ebi.ac.uk/vol1/fastq/SRR206/052/SRR20643252/SRR20643252_1.fastq.gz;ftp.sra.ebi.ac.uk/vol1/fastq/SRR206/052/SRR20643252/SRR20643252_2.fastq.gz	a6768302baf47b362e186500d00efacf;abf357d6aa666c436db5f2723d81ea9b	3349157105;3423795851											
Tumor	no	no	no	no	unknown	unknown	SRR20643257	PRJNA862190	SRP388072	SAMN29960780	SRS14299629	SRX16666496	SRA1462537	9606.0	Homo sapiens	ILLUMINA	Illumina HiSeq 2500	GSM6390422	RNA-Seq	TRANSCRIPTOMIC	cDNA	PAIRED	117902913	12026097126	2022-08-22	2022-08-22		Genomic and transcriptomic determinants of response to neoadjuvant therapy in rectal cancer	Illumina HiSeq 2500 sequencing: GSM6390422: JM173 Homo sapiens RNA-Seq	JM173	JM173		ftp.sra.ebi.ac.uk/vol1/fastq/SRR206/057/SRR20643257/SRR20643257_1.fastq.gz;ftp.sra.ebi.ac.uk/vol1/fastq/SRR206/057/SRR20643257/SRR20643257_2.fastq.gz	36f2e8376b8185ae9adf74fa03ad863c;ee6782399044b6d1b5cc7c4e53566e40	3747038695;3934629640				Homo sapiens	9606.0	RNA-Seq	TRANSCRIPTOMIC	cDNA	PAIRED	SAMN29960780	PRJNA862190
Tumor	no	no	no	no	unknown	unknown	SRR20643261	PRJNA862190	SRP388072	SAMN29960784	SRS14299625	SRX16666492	SRA1462537	9606.0	Homo sapiens	ILLUMINA	Illumina HiSeq 2500	GSM6390418	RNA-Seq	TRANSCRIPTOMIC	cDNA	PAIRED	118002812	12036286824	2022-08-22	2022-08-23		Genomic and transcriptomic determinants of response to neoadjuvant therapy in rectal cancer	Illumina HiSeq 2500 sequencing: GSM6390418: JM168 Homo sapiens RNA-Seq	JM168	JM168		ftp.sra.ebi.ac.uk/vol1/fastq/SRR206/061/SRR20643261/SRR20643261_1.fastq.gz;ftp.sra.ebi.ac.uk/vol1/fastq/SRR206/061/SRR20643261/SRR20643261_2.fastq.gz	38569f0495f82b6f814693318492f84c;7f9f077f86d0ff81486a8824b54ca4b1	3179089227;3506237771				Homo sapiens	9606.0	RNA-Seq	TRANSCRIPTOMIC	cDNA	PAIRED	SAMN29960784	PRJNA862190
Tumor	no	no	no	no	unknown	unknown	SRR20643263	PRJNA862190	SRP388072	SAMN29960786	SRS14299623	SRX16666490	SRA1462537	9606.0	Homo sapiens	ILLUMINA	Illumina HiSeq 2500	GSM6390416	RNA-Seq	TRANSCRIPTOMIC	cDNA	PAIRED	124701437	12719546574	2022-08-22	2022-08-23		Genomic and transcriptomic determinants of response to neoadjuvant therapy in rectal cancer	Illumina HiSeq 2500 sequencing: GSM6390416: JM166 Homo sapiens RNA-Seq	JM166	JM166		ftp.sra.ebi.ac.uk/vol1/fastq/SRR206/063/SRR20643263/SRR20643263_1.fastq.gz;ftp.sra.ebi.ac.uk/vol1/fastq/SRR206/063/SRR20643263/SRR20643263_2.fastq.gz	d2a054f4809170d1e4cc1320438bb0c8;489892941136de0c53813b9e78bb53db	3746987158;3852961995				Homo sapiens	9606.0	RNA-Seq	TRANSCRIPTOMIC	cDNA	PAIRED	SAMN29960786	PRJNA862190
Tumor	no	no	no	no	unknown	unknown	SRR20643268	PRJNA862190	SRP388072	SAMN29960791	SRS14299618	SRX16666485	SRA1462537	9606.0	Homo sapiens	ILLUMINA	Illumina HiSeq 2500	GSM6390411	RNA-Seq	TRANSCRIPTOMIC	cDNA	PAIRED	107116433	10711643300	2022-08-22	2022-08-23		Genomic and transcriptomic determinants of response to neoadjuvant therapy in rectal cancer	Illumina HiSeq 2500 sequencing: GSM6390411: JM150 Homo sapiens RNA-Seq	JM150	JM150		ftp.sra.ebi.ac.uk/vol1/fastq/SRR206/068/SRR20643268/SRR20643268_1.fastq.gz;ftp.sra.ebi.ac.uk/vol1/fastq/SRR206/068/SRR20643268/SRR20643268_2.fastq.gz	bbf0d7f47c2d3e3bc83e76b06e33e0d5;a5de0481cec3df8dacff7d6ba4055238	4175009244;4204838596				Homo sapiens	9606.0	RNA-Seq	TRANSCRIPTOMIC	cDNA	PAIRED	SAMN29960791	PRJNA862190
Tumor	no	no	no	no	unknown	unknown	SRR20643269	PRJNA862190	SRP388072	SAMN29960792	SRS14299617	SRX16666484	SRA1462537	9606.0	Homo sapiens	ILLUMINA	Illumina HiSeq 2500	GSM6390410	RNA-Seq	TRANSCRIPTOMIC	cDNA	PAIRED	81259330	8125933000	2022-08-22	2022-08-22		Genomic and transcriptomic determinants of response to neoadjuvant therapy in rectal cancer	Illumina HiSeq 2500 sequencing: GSM6390410: JM139 Homo sapiens RNA-Seq	JM139	JM139		ftp.sra.ebi.ac.uk/vol1/fastq/SRR206/069/SRR20643269/SRR20643269_1.fastq.gz;ftp.sra.ebi.ac.uk/vol1/fastq/SRR206/069/SRR20643269/SRR20643269_2.fastq.gz	e7898c65e7e9c553b7ae072c5f8df7ac;7a18f66e0d6e2c8116c7b8e268e3df3d	3118532659;3119026117				Homo sapiens	9606.0	RNA-Seq	TRANSCRIPTOMIC	cDNA	PAIRED	SAMN29960792	PRJNA862190
Tumor	no	no	no	no	unknown	unknown	SRR20643276	PRJNA862190	SRP388072	SAMN29960799	SRS14299610	SRX16666477	SRA1462537	9606.0	Homo sapiens	ILLUMINA	Illumina HiSeq 2500	GSM6390403	RNA-Seq	TRANSCRIPTOMIC	cDNA	PAIRED	76612143	7661214300	2022-08-11	2022-08-24		Genomic and transcriptomic determinants of response to neoadjuvant therapy in rectal cancer	Illumina HiSeq 2500 sequencing: GSM6390403: JM127 Homo sapiens RNA-Seq	JM127	JM127		ftp.sra.ebi.ac.uk/vol1/fastq/SRR206/076/SRR20643276/SRR20643276_1.fastq.gz;ftp.sra.ebi.ac.uk/vol1/fastq/SRR206/076/SRR20643276/SRR20643276_2.fastq.gz	de6d3fe302980052fa7b9504d830c9b6;2c0dfdb9a3de555a433bc6118ba8c0a5	3035430034;3066510152				Homo sapiens	9606.0	RNA-Seq	TRANSCRIPTOMIC	cDNA	PAIRED	SAMN29960799	PRJNA862190
Tumor	no	no	no	no	unknown	unknown	SRR20643278	PRJNA862190	SRP388072	SAMN29960801	SRS14299608	SRX16666475	SRA1462537	9606.0	Homo sapiens	ILLUMINA	Illumina HiSeq 2500	GSM6390401	RNA-Seq	TRANSCRIPTOMIC	cDNA	PAIRED	88614857	8861485700	2022-08-12	2022-08-25		Genomic and transcriptomic determinants of response to neoadjuvant therapy in rectal cancer	Illumina HiSeq 2500 sequencing: GSM6390401: JM125 Homo sapiens RNA-Seq	JM125	JM125		ftp.sra.ebi.ac.uk/vol1/fastq/SRR206/078/SRR20643278/SRR20643278_1.fastq.gz;ftp.sra.ebi.ac.uk/vol1/fastq/SRR206/078/SRR20643278/SRR20643278_2.fastq.gz	90fa0ead4da07dee8e6c742e4016dddd;fbe6718a6cc4a666b5c9bcd288ba15b3	3218651702;3291783934				Homo sapiens	9606.0	RNA-Seq	TRANSCRIPTOMIC	cDNA	PAIRED	SAMN29960801	PRJNA862190
Tumor	no	no	no	no	unknown	unknown	SRR20643279	PRJNA862190	SRP388072	SAMN29960802	SRS14299607	SRX16666474	SRA1462537	9606.0	Homo sapiens	ILLUMINA	Illumina HiSeq 2500	GSM6390400	RNA-Seq	TRANSCRIPTOMIC	cDNA	PAIRED	132378596	13237859600	2022-08-22	2022-08-23		Genomic and transcriptomic determinants of response to neoadjuvant therapy in rectal cancer	Illumina HiSeq 2500 sequencing: GSM6390400: JM124 Homo sapiens RNA-Seq	JM124	JM124		ftp.sra.ebi.ac.uk/vol1/fastq/SRR206/079/SRR20643279/SRR20643279_1.fastq.gz;ftp.sra.ebi.ac.uk/vol1/fastq/SRR206/079/SRR20643279/SRR20643279_2.fastq.gz	991efc4f41a45d87ccd7c5d91833cbc5;161373cb361a6f03b2ebd1355bb80258	5114532847;5114397602				Homo sapiens	9606.0	RNA-Seq	TRANSCRIPTOMIC	cDNA	PAIRED	SAMN29960802	PRJNA862190
Tumor	no	no	no	no	unknown	unknown	SRR20643281	PRJNA862190	SRP388072	SAMN29960741	SRS14299605	SRX16666472	SRA1462537	9606.0	Homo sapiens	ILLUMINA	Illumina HiSeq 2500	GSM6390461	RNA-Seq	TRANSCRIPTOMIC	cDNA	PAIRED	89311110	8931111000	2022-08-11	2022-08-24		Genomic and transcriptomic determinants of response to neoadjuvant therapy in rectal cancer	Illumina HiSeq 2500 sequencing: GSM6390461: TM297 Homo sapiens RNA-Seq	TM297	TM297		ftp.sra.ebi.ac.uk/vol1/fastq/SRR206/081/SRR20643281/SRR20643281_1.fastq.gz;ftp.sra.ebi.ac.uk/vol1/fastq/SRR206/081/SRR20643281/SRR20643281_2.fastq.gz	338f0fe993bac6294e4fbfe53b925ef0;d73265919adb926a6bbba8da23ae2aa2	3468828905;3632478782											
Tumor	no	no	no	no	unknown	unknown	SRR20643285	PRJNA862190	SRP388072	SAMN29960745	SRS14299602	SRX16666468	SRA1462537	9606.0	Homo sapiens	ILLUMINA	Illumina HiSeq 2500	GSM6390457	RNA-Seq	TRANSCRIPTOMIC	cDNA	PAIRED	81629907	8162990700	2022-08-19	2022-12-19		Genomic and transcriptomic determinants of response to neoadjuvant therapy in rectal cancer	Illumina HiSeq 2500 sequencing: GSM6390457: TM279 Homo sapiens RNA-Seq	TM279	TM279		ftp.sra.ebi.ac.uk/vol1/fastq/SRR206/085/SRR20643285/SRR20643285_1.fastq.gz;ftp.sra.ebi.ac.uk/vol1/fastq/SRR206/085/SRR20643285/SRR20643285_2.fastq.gz	d2daddf83e01981fcc1b91214ba1c575;0b8006e9f4af5742f2e52e53888d1cf1	3169908755;3288441386											
Tumor	no	no	no	no	unknown	unknown	SRR20643287	PRJNA862190	SRP388072	SAMN29960747	SRS14299599	SRX16666466	SRA1462537	9606.0	Homo sapiens	ILLUMINA	Illumina HiSeq 2500	GSM6390455	RNA-Seq	TRANSCRIPTOMIC	cDNA	PAIRED	86930761	8693076100	2022-08-22	2022-08-23		Genomic and transcriptomic determinants of response to neoadjuvant therapy in rectal cancer	Illumina HiSeq 2500 sequencing: GSM6390455: TM267 Homo sapiens RNA-Seq	TM267	TM267		ftp.sra.ebi.ac.uk/vol1/fastq/SRR206/087/SRR20643287/SRR20643287_1.fastq.gz;ftp.sra.ebi.ac.uk/vol1/fastq/SRR206/087/SRR20643287/SRR20643287_2.fastq.gz	24761bbe29df325198eb87cd9f4b92ac;4d916ae6d6c0c9fcb8a7a8b3cf6b1cf8	3423695604;3607677479											
Tumor	no	no	no	no	unknown	unknown	SRR20643289	PRJNA862190	SRP388072	SAMN29960749	SRS14299596	SRX16666464	SRA1462537	9606.0	Homo sapiens	ILLUMINA	Illumina HiSeq 2500	GSM6390453	RNA-Seq	TRANSCRIPTOMIC	cDNA	PAIRED	100831700	10083170000	2022-08-19	2022-10-28		Genomic and transcriptomic determinants of response to neoadjuvant therapy in rectal cancer	Illumina HiSeq 2500 sequencing: GSM6390453: TM251 Homo sapiens RNA-Seq	TM251	TM251		ftp.sra.ebi.ac.uk/vol1/fastq/SRR206/089/SRR20643289/SRR20643289_1.fastq.gz;ftp.sra.ebi.ac.uk/vol1/fastq/SRR206/089/SRR20643289/SRR20643289_2.fastq.gz	2407790ae7b059816af6f915ffda9292;139fb6f95d3d4a978ed9df900cfc3a99	3954736848;4121043769											
Tumor	no	no	no	no	unknown	unknown	SRR20643290	PRJNA862190	SRP388072	SAMN29960750	SRS14299597	SRX16666463	SRA1462537	9606.0	Homo sapiens	ILLUMINA	Illumina HiSeq 2500	GSM6390452	RNA-Seq	TRANSCRIPTOMIC	cDNA	PAIRED	100286484	10028648400	2022-08-14	2022-08-25		Genomic and transcriptomic determinants of response to neoadjuvant therapy in rectal cancer	Illumina HiSeq 2500 sequencing: GSM6390452: TM248 Homo sapiens RNA-Seq	TM248	TM248		ftp.sra.ebi.ac.uk/vol1/fastq/SRR206/090/SRR20643290/SRR20643290_1.fastq.gz;ftp.sra.ebi.ac.uk/vol1/fastq/SRR206/090/SRR20643290/SRR20643290_2.fastq.gz	bef4696bca21d7c26cc3ef2dbd2c7a09;9a84ff3b5e2be63eca1c4eb6618bd060	4010009783;4184684524				Homo sapiens	9606.0	RNA-Seq	TRANSCRIPTOMIC	cDNA	PAIRED	SAMN29960750	PRJNA862190
Tumor	no	no	no	no	unknown	unknown	SRR20643291	PRJNA862190	SRP388072	SAMN29960751	SRS14299595	SRX16666462	SRA1462537	9606.0	Homo sapiens	ILLUMINA	Illumina HiSeq 2500	GSM6390451	RNA-Seq	TRANSCRIPTOMIC	cDNA	PAIRED	66440040	6644004000	2022-08-14	2022-08-25		Genomic and transcriptomic determinants of response to neoadjuvant therapy in rectal cancer	Illumina HiSeq 2500 sequencing: GSM6390451: TM245 Homo sapiens RNA-Seq	TM245	TM245		ftp.sra.ebi.ac.uk/vol1/fastq/SRR206/091/SRR20643291/SRR20643291_1.fastq.gz;ftp.sra.ebi.ac.uk/vol1/fastq/SRR206/091/SRR20643291/SRR20643291_2.fastq.gz	9cbe6e922c64609715ed5291b98e6b71;e89eff75f559fedb005701dc57129df5	2563467530;2732743007				Homo sapiens	9606.0	RNA-Seq	TRANSCRIPTOMIC	cDNA	PAIRED	SAMN29960751	PRJNA862190
Tumor	no	no	no	no	unknown	unknown	SRR20643294	PRJNA862190	SRP388072	SAMN29960754	SRS14299591	SRX16666459	SRA1462537	9606.0	Homo sapiens	ILLUMINA	Illumina HiSeq 2500	GSM6390448	RNA-Seq	TRANSCRIPTOMIC	cDNA	PAIRED	87606378	8760637800	2022-08-22	2022-08-23		Genomic and transcriptomic determinants of response to neoadjuvant therapy in rectal cancer	Illumina HiSeq 2500 sequencing: GSM6390448: TM239 Homo sapiens RNA-Seq	TM239	TM239		ftp.sra.ebi.ac.uk/vol1/fastq/SRR206/094/SRR20643294/SRR20643294_1.fastq.gz;ftp.sra.ebi.ac.uk/vol1/fastq/SRR206/094/SRR20643294/SRR20643294_2.fastq.gz	12fabd38d205adaf1bc61220855194d0;17d8a0cde0da175cb7191e6fc6f662b2	3492390588;3631955762				Homo sapiens	9606.0	RNA-Seq	TRANSCRIPTOMIC	cDNA	PAIRED	SAMN29960754	PRJNA862190
Tumor	no	no	no	no	unknown	unknown	SRR20643298	PRJNA862190	SRP388072	SAMN29960830	SRS14299588	SRX16666455	SRA1462537	9606.0	Homo sapiens	ILLUMINA	Illumina HiSeq 2500	GSM6390372	RNA-Seq	TRANSCRIPTOMIC	cDNA	PAIRED	78098487	7809848700	2022-08-22	2022-08-23		Genomic and transcriptomic determinants of response to neoadjuvant therapy in rectal cancer	Illumina HiSeq 2500 sequencing: GSM6390372: JM034 Homo sapiens RNA-Seq	JM034	JM034		ftp.sra.ebi.ac.uk/vol1/fastq/SRR206/098/SRR20643298/SRR20643298_1.fastq.gz;ftp.sra.ebi.ac.uk/vol1/fastq/SRR206/098/SRR20643298/SRR20643298_2.fastq.gz	6982586c07077dd9e1b778c2c803126d;5faadce401007a7f7632d644edadb38e	3038884369;3180788892				Homo sapiens	9606.0	RNA-Seq	TRANSCRIPTOMIC	cDNA	PAIRED	SAMN29960830	PRJNA862190
Tumor	no	no	no	no	unknown	unknown	SRR20643302	PRJNA862190	SRP388072	SAMN29960834	SRS14299583	SRX16666451	SRA1462537	9606.0	Homo sapiens	ILLUMINA	Illumina HiSeq 2500	GSM6390368	RNA-Seq	TRANSCRIPTOMIC	cDNA	PAIRED	74414666	7441466600	2022-08-22	2022-08-23		Genomic and transcriptomic determinants of response to neoadjuvant therapy in rectal cancer	Illumina HiSeq 2500 sequencing: GSM6390368: JM028 Homo sapiens RNA-Seq	JM028	JM028		ftp.sra.ebi.ac.uk/vol1/fastq/SRR206/002/SRR20643302/SRR20643302_1.fastq.gz;ftp.sra.ebi.ac.uk/vol1/fastq/SRR206/002/SRR20643302/SRR20643302_2.fastq.gz	53d4362db039c78203af13c825bb288b;0b213bde0a7b866399a175e151252a8f	2830270277;2990412043				Homo sapiens	9606.0	RNA-Seq	TRANSCRIPTOMIC	cDNA	PAIRED	SAMN29960834	PRJNA862190
Tumor	no	no	no	no	unknown	unknown	SRR20643304	PRJNA862190	SRP388072	SAMN29960836	SRS14299582	SRX16666449	SRA1462537	9606.0	Homo sapiens	ILLUMINA	Illumina HiSeq 2500	GSM6390366	RNA-Seq	TRANSCRIPTOMIC	cDNA	PAIRED	72024121	7202412100	2022-08-22	2022-08-22		Genomic and transcriptomic determinants of response to neoadjuvant therapy in rectal cancer	Illumina HiSeq 2500 sequencing: GSM6390366: JM026 Homo sapiens RNA-Seq	JM026	JM026		ftp.sra.ebi.ac.uk/vol1/fastq/SRR206/004/SRR20643304/SRR20643304_1.fastq.gz;ftp.sra.ebi.ac.uk/vol1/fastq/SRR206/004/SRR20643304/SRR20643304_2.fastq.gz	b8c87e008abd58c898250918fa156f86;f92e718ada1f1166d4402d485a92ee18	2485265565;2580725105				Homo sapiens	9606.0	RNA-Seq	TRANSCRIPTOMIC	cDNA	PAIRED	SAMN29960836	PRJNA862190
Tumor	no	no	no	no	unknown	unknown	SRR20643306	PRJNA862190	SRP388072	SAMN29960838	SRS14299579	SRX16666447	SRA1462537	9606.0	Homo sapiens	ILLUMINA	Illumina HiSeq 2500	GSM6390364	RNA-Seq	TRANSCRIPTOMIC	cDNA	PAIRED	79511769	7951176900	2022-08-14	2022-08-25		Genomic and transcriptomic determinants of response to neoadjuvant therapy in rectal cancer	Illumina HiSeq 2500 sequencing: GSM6390364: JM024 Homo sapiens RNA-Seq	JM024	JM024		ftp.sra.ebi.ac.uk/vol1/fastq/SRR206/006/SRR20643306/SRR20643306_1.fastq.gz;ftp.sra.ebi.ac.uk/vol1/fastq/SRR206/006/SRR20643306/SRR20643306_2.fastq.gz	fb00a7a6da3910e84269e6435f4c7d1a;4cdea1a5a90db8214e30a72119e3ddf3	3073090955;3309692184				Homo sapiens	9606.0	RNA-Seq	TRANSCRIPTOMIC	cDNA	PAIRED	SAMN29960838	PRJNA862190
Tumor	no	no	no	no	unknown	unknown	SRR20643307	PRJNA862190	SRP388072	SAMN29960839	SRS14299580	SRX16666446	SRA1462537	9606.0	Homo sapiens	ILLUMINA	Illumina HiSeq 2500	GSM6390363	RNA-Seq	TRANSCRIPTOMIC	cDNA	PAIRED	77135156	7713515600	2022-08-11	2022-08-24		Genomic and transcriptomic determinants of response to neoadjuvant therapy in rectal cancer	Illumina HiSeq 2500 sequencing: GSM6390363: JM023 Homo sapiens RNA-Seq	JM023	JM023		ftp.sra.ebi.ac.uk/vol1/fastq/SRR206/007/SRR20643307/SRR20643307_1.fastq.gz;ftp.sra.ebi.ac.uk/vol1/fastq/SRR206/007/SRR20643307/SRR20643307_2.fastq.gz	d12e22351910fb8139268c3bf5298071;fa1c7f7d9a39bde05edffb4dcae34d1e	3076714978;3226329828				Homo sapiens	9606.0	RNA-Seq	TRANSCRIPTOMIC	cDNA	PAIRED	SAMN29960839	PRJNA862190
Tumor	no	no	no	no	unknown	unknown	SRR20643308	PRJNA862190	SRP388072	SAMN29960840	SRS14299578	SRX16666445	SRA1462537	9606.0	Homo sapiens	ILLUMINA	Illumina HiSeq 2500	GSM6390362	RNA-Seq	TRANSCRIPTOMIC	cDNA	PAIRED	77921520	7792152000	2022-08-22	2022-08-22		Genomic and transcriptomic determinants of response to neoadjuvant therapy in rectal cancer	Illumina HiSeq 2500 sequencing: GSM6390362: JM022 Homo sapiens RNA-Seq	JM022	JM022		ftp.sra.ebi.ac.uk/vol1/fastq/SRR206/008/SRR20643308/SRR20643308_1.fastq.gz;ftp.sra.ebi.ac.uk/vol1/fastq/SRR206/008/SRR20643308/SRR20643308_2.fastq.gz	121b1ddea26f714f565cb80872cc1744;1ce8b29d2dd7a22eaca4a5de83e28664	3065468819;3221677878				Homo sapiens	9606.0	RNA-Seq	TRANSCRIPTOMIC	cDNA	PAIRED	SAMN29960840	PRJNA862190
Tumor	no	no	no	no	unknown	unknown	SRR20643309	PRJNA862190	SRP388072	SAMN29960841	SRS14299577	SRX16666444	SRA1462537	9606.0	Homo sapiens	ILLUMINA	Illumina HiSeq 2500	GSM6390361	RNA-Seq	TRANSCRIPTOMIC	cDNA	PAIRED	95781436	9578143600	2022-08-22	2022-08-22		Genomic and transcriptomic determinants of response to neoadjuvant therapy in rectal cancer	Illumina HiSeq 2500 sequencing: GSM6390361: JM020 Homo sapiens RNA-Seq	JM020	JM020		ftp.sra.ebi.ac.uk/vol1/fastq/SRR206/009/SRR20643309/SRR20643309_1.fastq.gz;ftp.sra.ebi.ac.uk/vol1/fastq/SRR206/009/SRR20643309/SRR20643309_2.fastq.gz	1fddacc9d10bc9575223e5ba701b05f2;330251dba36e94235a1f15767c8de757	3658440068;3986164292				Homo sapiens	9606.0	RNA-Seq	TRANSCRIPTOMIC	cDNA	PAIRED	SAMN29960841	PRJNA862190
Tumor	no	no	no	no	unknown	unknown	SRR20643312	PRJNA862190	SRP388072	SAMN29960844	SRS14299574	SRX16666441	SRA1462537	9606.0	Homo sapiens	ILLUMINA	Illumina HiSeq 2500	GSM6390358	RNA-Seq	TRANSCRIPTOMIC	cDNA	PAIRED	93960342	9396034200	2022-08-22	2022-08-22		Genomic and transcriptomic determinants of response to neoadjuvant therapy in rectal cancer	Illumina HiSeq 2500 sequencing: GSM6390358: JM015 Homo sapiens RNA-Seq	JM015	JM015		ftp.sra.ebi.ac.uk/vol1/fastq/SRR206/012/SRR20643312/SRR20643312_1.fastq.gz;ftp.sra.ebi.ac.uk/vol1/fastq/SRR206/012/SRR20643312/SRR20643312_2.fastq.gz	75bd68406a12fd2854ed9f54ead8f9e7;5af48c1e9f9838eeac6d3cd00a3fdd0b	3769211117;3961983688											
Tumor	no	no	no	no	unknown	unknown	SRR20643314	PRJNA862190	SRP388072	SAMN29960846	SRS14299572	SRX16666439	SRA1462537	9606.0	Homo sapiens	ILLUMINA	Illumina HiSeq 2500	GSM6390356	RNA-Seq	TRANSCRIPTOMIC	cDNA	PAIRED	92474457	9247445700	2022-08-11	2022-08-24		Genomic and transcriptomic determinants of response to neoadjuvant therapy in rectal cancer	Illumina HiSeq 2500 sequencing: GSM6390356: JM008 Homo sapiens RNA-Seq	JM008	JM008		ftp.sra.ebi.ac.uk/vol1/fastq/SRR206/014/SRR20643314/SRR20643314_1.fastq.gz;ftp.sra.ebi.ac.uk/vol1/fastq/SRR206/014/SRR20643314/SRR20643314_2.fastq.gz	1ca608754d6c0c9576f6de477f10692a;b66f434efd2ea3a4ef1101cd09e655c7	3729851395;3914518844				Homo sapiens	9606.0	RNA-Seq	TRANSCRIPTOMIC	cDNA	PAIRED	SAMN29960846	PRJNA862190
Tumor	no	no	no	no	unknown	unknown	SRR20643318	PRJNA862190	SRP388072	SAMN29960850	SRS14299568	SRX16666435	SRA1462537	9606.0	Homo sapiens	ILLUMINA	Illumina HiSeq 2500	GSM6390352	RNA-Seq	TRANSCRIPTOMIC	cDNA	PAIRED	95655658	9565565800	2022-08-22	2022-08-23		Genomic and transcriptomic determinants of response to neoadjuvant therapy in rectal cancer	Illumina HiSeq 2500 sequencing: GSM6390352: JM004 Homo sapiens RNA-Seq	JM004	JM004		ftp.sra.ebi.ac.uk/vol1/fastq/SRR206/018/SRR20643318/SRR20643318_1.fastq.gz;ftp.sra.ebi.ac.uk/vol1/fastq/SRR206/018/SRR20643318/SRR20643318_2.fastq.gz	cb13fddfe18b9d408181b99962d020cf;8cc8262086e51bd634c233bc3127e2d8	3761885722;3998952191				Homo sapiens	9606.0	RNA-Seq	TRANSCRIPTOMIC	cDNA	PAIRED	SAMN29960850	PRJNA862190
Tumor	no	no	no	no	unknown	unknown	SRR20643320	PRJNA862190	SRP388072	SAMN29960804	SRS14299566	SRX16666433	SRA1462537	9606.0	Homo sapiens	ILLUMINA	Illumina HiSeq 2500	GSM6390398	RNA-Seq	TRANSCRIPTOMIC	cDNA	PAIRED	84687718	8468771800	2022-08-11	2022-10-29		Genomic and transcriptomic determinants of response to neoadjuvant therapy in rectal cancer	Illumina HiSeq 2500 sequencing: GSM6390398: JM116 Homo sapiens RNA-Seq	JM116	JM116		ftp.sra.ebi.ac.uk/vol1/fastq/SRR206/020/SRR20643320/SRR20643320_1.fastq.gz;ftp.sra.ebi.ac.uk/vol1/fastq/SRR206/020/SRR20643320/SRR20643320_2.fastq.gz	e2ae2222f4630ccbe0dd072edcc47f20;a40ae748b15372282301be442e675917	3174283890;3194874084				Homo sapiens	9606.0	RNA-Seq	TRANSCRIPTOMIC	cDNA	PAIRED	SAMN29960804	PRJNA862190
Tumor	no	no	no	no	unknown	unknown	SRR20643321	PRJNA862190	SRP388072	SAMN29960805	SRS14299565	SRX16666432	SRA1462537	9606.0	Homo sapiens	ILLUMINA	Illumina HiSeq 2500	GSM6390397	RNA-Seq	TRANSCRIPTOMIC	cDNA	PAIRED	139004191	13900419100	2022-08-12	2022-08-25		Genomic and transcriptomic determinants of response to neoadjuvant therapy in rectal cancer	Illumina HiSeq 2500 sequencing: GSM6390397: JM114 Homo sapiens RNA-Seq	JM114	JM114		ftp.sra.ebi.ac.uk/vol1/fastq/SRR206/021/SRR20643321/SRR20643321_1.fastq.gz;ftp.sra.ebi.ac.uk/vol1/fastq/SRR206/021/SRR20643321/SRR20643321_2.fastq.gz	439b672e1277d95a199cfd3adb001cb3;6608eed20648df76c059fcf021dcd034	5404492158;5366824886				Homo sapiens	9606.0	RNA-Seq	TRANSCRIPTOMIC	cDNA	PAIRED	SAMN29960805	PRJNA862190
Tumor	no	no	no	no	unknown	unknown	SRR20643322	PRJNA862190	SRP388072	SAMN29960806	SRS14299564	SRX16666431	SRA1462537	9606.0	Homo sapiens	ILLUMINA	Illumina HiSeq 2500	GSM6390396	RNA-Seq	TRANSCRIPTOMIC	cDNA	PAIRED	74211164	7421116400	2022-08-22	2022-08-23		Genomic and transcriptomic determinants of response to neoadjuvant therapy in rectal cancer	Illumina HiSeq 2500 sequencing: GSM6390396: JM112 Homo sapiens RNA-Seq	JM112	JM112		ftp.sra.ebi.ac.uk/vol1/fastq/SRR206/022/SRR20643322/SRR20643322_1.fastq.gz;ftp.sra.ebi.ac.uk/vol1/fastq/SRR206/022/SRR20643322/SRR20643322_2.fastq.gz	023d409b9c383fe3b2852072b98df5ed;1df64649545e66ccb51a0fba8e55c895	2753871518;2795660941				Homo sapiens	9606.0	RNA-Seq	TRANSCRIPTOMIC	cDNA	PAIRED	SAMN29960806	PRJNA862190
Tumor	no	no	no	no	unknown	unknown	SRR20643323	PRJNA862190	SRP388072	SAMN29960807	SRS14299563	SRX16666430	SRA1462537	9606.0	Homo sapiens	ILLUMINA	Illumina HiSeq 2500	GSM6390395	RNA-Seq	TRANSCRIPTOMIC	cDNA	PAIRED	89967483	8996748300	2022-08-14	2022-10-28		Genomic and transcriptomic determinants of response to neoadjuvant therapy in rectal cancer	Illumina HiSeq 2500 sequencing: GSM6390395: JM109 Homo sapiens RNA-Seq	JM109	JM109		ftp.sra.ebi.ac.uk/vol1/fastq/SRR206/023/SRR20643323/SRR20643323_1.fastq.gz;ftp.sra.ebi.ac.uk/vol1/fastq/SRR206/023/SRR20643323/SRR20643323_2.fastq.gz	89bc5110a3fe34c044fdbf3690f217e0;abfaaf92ce489f54b36417721a468b19	3362996195;3411886441											
Tumor	no	no	no	no	unknown	unknown	SRR20643324	PRJNA862190	SRP388072	SAMN29960808	SRS14299562	SRX16666429	SRA1462537	9606.0	Homo sapiens	ILLUMINA	Illumina HiSeq 2500	GSM6390394	RNA-Seq	TRANSCRIPTOMIC	cDNA	PAIRED	77011684	7701168400	2022-08-11	2022-10-29		Genomic and transcriptomic determinants of response to neoadjuvant therapy in rectal cancer	Illumina HiSeq 2500 sequencing: GSM6390394: JM108 Homo sapiens RNA-Seq	JM108	JM108		ftp.sra.ebi.ac.uk/vol1/fastq/SRR206/024/SRR20643324/SRR20643324_1.fastq.gz;ftp.sra.ebi.ac.uk/vol1/fastq/SRR206/024/SRR20643324/SRR20643324_2.fastq.gz	25bbef130a98a6f7992654ccaac42817;4ac7092741d943db0b1abab4ea7679e7	2868348517;2872721039											
Tumor	no	no	no	no	unknown	unknown	SRR20643325	PRJNA862190	SRP388072	SAMN29960809	SRS14299560	SRX16666428	SRA1462537	9606.0	Homo sapiens	ILLUMINA	Illumina HiSeq 2500	GSM6390393	RNA-Seq	TRANSCRIPTOMIC	cDNA	PAIRED	112250459	11225045900	2022-08-22	2022-08-23		Genomic and transcriptomic determinants of response to neoadjuvant therapy in rectal cancer	Illumina HiSeq 2500 sequencing: GSM6390393: JM107 Homo sapiens RNA-Seq	JM107	JM107		ftp.sra.ebi.ac.uk/vol1/fastq/SRR206/025/SRR20643325/SRR20643325_1.fastq.gz;ftp.sra.ebi.ac.uk/vol1/fastq/SRR206/025/SRR20643325/SRR20643325_2.fastq.gz	e7213916702f0aa6951645761de7ddb3;48b1a13699546efcaef45be0d73c8921	4270866151;4404656761											
Tumor	no	no	no	no	unknown	unknown	SRR20643327	PRJNA862190	SRP388072	SAMN29960811	SRS14299559	SRX16666426	SRA1462537	9606.0	Homo sapiens	ILLUMINA	Illumina HiSeq 2500	GSM6390391	RNA-Seq	TRANSCRIPTOMIC	cDNA	PAIRED	96727236	9672723600	2022-08-11	2022-08-24		Genomic and transcriptomic determinants of response to neoadjuvant therapy in rectal cancer	Illumina HiSeq 2500 sequencing: GSM6390391: JM102 Homo sapiens RNA-Seq	JM102	JM102		ftp.sra.ebi.ac.uk/vol1/fastq/SRR206/027/SRR20643327/SRR20643327_1.fastq.gz;ftp.sra.ebi.ac.uk/vol1/fastq/SRR206/027/SRR20643327/SRR20643327_2.fastq.gz	ba7a80f7a711d5725c22927ae1645ec8;3554fcd996190db1c78f865169681f43	3740683066;3987946094				Homo sapiens	9606.0	RNA-Seq	TRANSCRIPTOMIC	cDNA	PAIRED	SAMN29960811	PRJNA862190
Tumor	no	no	no	no	unknown	unknown	SRR20643328	PRJNA862190	SRP388072	SAMN29960812	SRS14299557	SRX16666425	SRA1462537	9606.0	Homo sapiens	ILLUMINA	Illumina HiSeq 2500	GSM6390390	RNA-Seq	TRANSCRIPTOMIC	cDNA	PAIRED	87388186	8738818600	2022-08-22	2022-08-23		Genomic and transcriptomic determinants of response to neoadjuvant therapy in rectal cancer	Illumina HiSeq 2500 sequencing: GSM6390390: JM099 Homo sapiens RNA-Seq	JM099	JM099		ftp.sra.ebi.ac.uk/vol1/fastq/SRR206/028/SRR20643328/SRR20643328_1.fastq.gz;ftp.sra.ebi.ac.uk/vol1/fastq/SRR206/028/SRR20643328/SRR20643328_2.fastq.gz	14628459a8c6b66506421b22a7b0969f;bc16eba1039b7d604fffd107db8cbb0d	3401692322;3616023126				Homo sapiens	9606.0	RNA-Seq	TRANSCRIPTOMIC	cDNA	PAIRED	SAMN29960812	PRJNA862190
Tumor	no	no	no	no	unknown	unknown	SRR20643330	PRJNA862190	SRP388072	SAMN29960814	SRS14299556	SRX16666423	SRA1462537	9606.0	Homo sapiens	ILLUMINA	Illumina HiSeq 2500	GSM6390388	RNA-Seq	TRANSCRIPTOMIC	cDNA	PAIRED	94370653	9437065300	2022-08-11	2022-08-24		Genomic and transcriptomic determinants of response to neoadjuvant therapy in rectal cancer	Illumina HiSeq 2500 sequencing: GSM6390388: JM091 Homo sapiens RNA-Seq	JM091	JM091		ftp.sra.ebi.ac.uk/vol1/fastq/SRR206/030/SRR20643330/SRR20643330_1.fastq.gz;ftp.sra.ebi.ac.uk/vol1/fastq/SRR206/030/SRR20643330/SRR20643330_2.fastq.gz	c4ff2241ec755e00054c8d631db61fae;cad4f7b3bfd6e233ba609c29efc38708	3689911662;3846569470											
Tumor	no	no	no	no	unknown	unknown	SRR20643333	PRJNA862190	SRP388072	SAMN29960817	SRS14299553	SRX16666420	SRA1462537	9606.0	Homo sapiens	ILLUMINA	Illumina HiSeq 2500	GSM6390385	RNA-Seq	TRANSCRIPTOMIC	cDNA	PAIRED	91318447	9131844700	2022-08-19	2022-09-01		Genomic and transcriptomic determinants of response to neoadjuvant therapy in rectal cancer	Illumina HiSeq 2500 sequencing: GSM6390385: JM082 Homo sapiens RNA-Seq	JM082	JM082		ftp.sra.ebi.ac.uk/vol1/fastq/SRR206/033/SRR20643333/SRR20643333_1.fastq.gz;ftp.sra.ebi.ac.uk/vol1/fastq/SRR206/033/SRR20643333/SRR20643333_2.fastq.gz	3e16997ebae865f7be7915346d44a501;fe8cd3dc16f43386bfdb9ab68cb6b30a	3553831162;3758317032											
Tumor	no	no	no	no	unknown	unknown	SRR20643334	PRJNA862190	SRP388072	SAMN29960818	SRS14299552	SRX16666419	SRA1462537	9606.0	Homo sapiens	ILLUMINA	Illumina HiSeq 2500	GSM6390384	RNA-Seq	TRANSCRIPTOMIC	cDNA	PAIRED	96256604	9625660400	2022-08-11	2022-08-24		Genomic and transcriptomic determinants of response to neoadjuvant therapy in rectal cancer	Illumina HiSeq 2500 sequencing: GSM6390384: JM080 Homo sapiens RNA-Seq	JM080	JM080		ftp.sra.ebi.ac.uk/vol1/fastq/SRR206/034/SRR20643334/SRR20643334_1.fastq.gz;ftp.sra.ebi.ac.uk/vol1/fastq/SRR206/034/SRR20643334/SRR20643334_2.fastq.gz	1a45087ec19e7151b15e6286088b3b30;032fb5fea79621cf1696bf41403c078c	3755276325;3942125735				Homo sapiens	9606.0	RNA-Seq	TRANSCRIPTOMIC	cDNA	PAIRED	SAMN29960818	PRJNA862190
Tumor	no	no	no	no	unknown	unknown	SRR20643335	PRJNA862190	SRP388072	SAMN29960819	SRS14299551	SRX16666418	SRA1462537	9606.0	Homo sapiens	ILLUMINA	Illumina HiSeq 2500	GSM6390383	RNA-Seq	TRANSCRIPTOMIC	cDNA	PAIRED	91124541	9112454100	2022-08-22	2022-08-23		Genomic and transcriptomic determinants of response to neoadjuvant therapy in rectal cancer	Illumina HiSeq 2500 sequencing: GSM6390383: JM077 Homo sapiens RNA-Seq	JM077	JM077		ftp.sra.ebi.ac.uk/vol1/fastq/SRR206/035/SRR20643335/SRR20643335_1.fastq.gz;ftp.sra.ebi.ac.uk/vol1/fastq/SRR206/035/SRR20643335/SRR20643335_2.fastq.gz	49c13c3df858c0b44e62d7deb2afb360;054149170f158f7c41cc21e9921193a3	3544927852;3766804358				Homo sapiens	9606.0	RNA-Seq	TRANSCRIPTOMIC	cDNA	PAIRED	SAMN29960819	PRJNA862190
Tumor	no	no	no	no	unknown	unknown	SRR20643337	PRJNA862190	SRP388072	SAMN29960821	SRS14299549	SRX16666416	SRA1462537	9606.0	Homo sapiens	ILLUMINA	Illumina HiSeq 2500	GSM6390381	RNA-Seq	TRANSCRIPTOMIC	cDNA	PAIRED	82689756	8268975600	2022-08-19	2022-12-19		Genomic and transcriptomic determinants of response to neoadjuvant therapy in rectal cancer	Illumina HiSeq 2500 sequencing: GSM6390381: JM065 Homo sapiens RNA-Seq	JM065	JM065		ftp.sra.ebi.ac.uk/vol1/fastq/SRR206/037/SRR20643337/SRR20643337_1.fastq.gz;ftp.sra.ebi.ac.uk/vol1/fastq/SRR206/037/SRR20643337/SRR20643337_2.fastq.gz	69e857449d42493bef79a7528cc8b43b;03d60f906e2841546cf72c2fc915e1a9	3214563298;3351560137											
Tumor	no	no	no	no	unknown	unknown	SRR20643339	PRJNA862190	SRP388072	SAMN29960823	SRS14299548	SRX16666414	SRA1462537	9606.0	Homo sapiens	ILLUMINA	Illumina HiSeq 2500	GSM6390379	RNA-Seq	TRANSCRIPTOMIC	cDNA	PAIRED	102340484	10234048400	2022-08-22	2022-08-23		Genomic and transcriptomic determinants of response to neoadjuvant therapy in rectal cancer	Illumina HiSeq 2500 sequencing: GSM6390379: JM062 Homo sapiens RNA-Seq	JM062	JM062		ftp.sra.ebi.ac.uk/vol1/fastq/SRR206/039/SRR20643339/SRR20643339_1.fastq.gz;ftp.sra.ebi.ac.uk/vol1/fastq/SRR206/039/SRR20643339/SRR20643339_2.fastq.gz	9bf51c834c4bb22bbe204ad3ad55b860;778236a95a55f72b11138ebe2fe5d305	3708843751;3880812994											
Tumor	no	no	no	no	unknown	unknown	SRR20643344	PRJNA862190	SRP388072	SAMN29960852	SRS14299542	SRX16666409	SRA1462537	9606.0	Homo sapiens	ILLUMINA	Illumina HiSeq 2500	GSM6390350	RNA-Seq	TRANSCRIPTOMIC	cDNA	PAIRED	96103628	9610362800	2022-08-22	2022-08-23		Genomic and transcriptomic determinants of response to neoadjuvant therapy in rectal cancer	Illumina HiSeq 2500 sequencing: GSM6390350: JM002 Homo sapiens RNA-Seq	JM002	JM002		ftp.sra.ebi.ac.uk/vol1/fastq/SRR206/044/SRR20643344/SRR20643344_1.fastq.gz;ftp.sra.ebi.ac.uk/vol1/fastq/SRR206/044/SRR20643344/SRR20643344_2.fastq.gz	03335f99e832f8c3f04f4bab5e61de16;3da4cee77d4cb8c97b9e7c2d677c96e4	3032319265;3208238964											
Tumor	no	no	no	no	unknown	unknown	SRR23610240	PRJNA938399	SRP424408	SAMN33434821	SRS16885200	SRX19495130	SRA1595430	9606.0	Homo sapiens	ILLUMINA	Illumina NovaSeq 6000	GSM7061832	RNA-Seq	TRANSCRIPTOMIC	cDNA	PAIRED	44266467	8941826334	2023-03-03	2023-03-17		Gene Expression Profiles Associated with Radio-Responsiveness in Locally Advanced Rectal Cancer	Illumina NovaSeq 6000 sequencing: GSM7061832: Radiorsensitive-2, 15T Homo sapiens RNA-Seq	Radiorsensitive-2, 15T	Radiorsensitive-2, 15T		ftp.sra.ebi.ac.uk/vol1/fastq/SRR236/040/SRR23610240/SRR23610240_1.fastq.gz;ftp.sra.ebi.ac.uk/vol1/fastq/SRR236/040/SRR23610240/SRR23610240_2.fastq.gz	f8698422c0a0a9da46315796f19d3a03;017f93d98cae5dd7ff88025d9c0dc401	2219174563;2359486181				Homo sapiens	9606.0	RNA-Seq	TRANSCRIPTOMIC	cDNA	PAIRED	SAMN33434821	PRJNA938399
Tumor	no	no	no	no	unknown	unknown	SRR23610244	PRJNA938399	SRP424408	SAMN33434825	SRS16885195	SRX19495126	SRA1595430	9606.0	Homo sapiens	ILLUMINA	Illumina NovaSeq 6000	GSM7061828	RNA-Seq	TRANSCRIPTOMIC	cDNA	PAIRED	43594484	8806085768	2023-03-03	2023-03-17		Gene Expression Profiles Associated with Radio-Responsiveness in Locally Advanced Rectal Cancer	Illumina NovaSeq 6000 sequencing: GSM7061828: Radioresistant-1, 14T Homo sapiens RNA-Seq	Radioresistant-1, 14T	Radioresistant-1, 14T		ftp.sra.ebi.ac.uk/vol1/fastq/SRR236/044/SRR23610244/SRR23610244_1.fastq.gz;ftp.sra.ebi.ac.uk/vol1/fastq/SRR236/044/SRR23610244/SRR23610244_2.fastq.gz	719fda58759f0f6e839f11cdb451f235;89b427519acf903a42ebf3bee8a8f788	2196422061;2290965401				Homo sapiens	9606.0	RNA-Seq	TRANSCRIPTOMIC	cDNA	PAIRED	SAMN33434825	PRJNA938399
Tumor	no	no	no	no	unknown	lung	SRR13781039	PRJNA298376	SRP278662	SAMN17814790	SRS8317055	SRX10166439	SRA1199949	9606.0	Homo sapiens	ILLUMINA	NextSeq 550	4298-BMet-Frag19_rna_Sample	RNA-Seq	TRANSCRIPTOMIC	Hybrid Selection	PAIRED	0	0	2021-03-29	2021-03-29	NIH-phs001003	Prospective Procurement of Solid Tumor Tissue to Identify Novel Therapeutic Targets	NextSeq 550 sequencing: RNA-Seq of 4298 Rectal Cancer sample: Sample 4298-BMet-Frag19_FrTu_March_08_2018_rna	Tumor RNA sample from lung of a human male participant in the dbGaP study Prospective Procurement of Solid Tumor Tissue to Identify Novel Therapeutic Targets	Tumor RNA sample from lung of a human male participant in the dbGaP study Prospective Procurement of Solid Tumor Tissue to Identify Novel Therapeutic Targets					Protected file(s). Go to dbGap			Homo sapiens	9606.0	RNA-Seq	TRANSCRIPTOMIC	Hybrid Selection	PAIRED	SAMN17814790	PRJNA298376
Tumor	no	no	no	no	unknown	lung	SRR13781072	PRJNA298376	SRP278662	SAMN17814905	SRS8317164	SRX10166552	SRA1199949	9606.0	Homo sapiens	ILLUMINA	NextSeq 550	4317-1Met-Frag1_rna_Sample	RNA-Seq	TRANSCRIPTOMIC	Hybrid Selection	PAIRED	0	0	2021-03-29	2021-03-29	NIH-phs001003	Prospective Procurement of Solid Tumor Tissue to Identify Novel Therapeutic Targets	NextSeq 550 sequencing: RNA-Seq of 4317 Rectal Cancer sample: Sample 4317-1Met-Frag1_FrTu_August_29_2018_rna	Tumor RNA sample from lung of a human female participant in the dbGaP study Prospective Procurement of Solid Tumor Tissue to Identify Novel Therapeutic Targets	Tumor RNA sample from lung of a human female participant in the dbGaP study Prospective Procurement of Solid Tumor Tissue to Identify Novel Therapeutic Targets					Protected file(s). Go to dbGap			Homo sapiens	9606.0	RNA-Seq	TRANSCRIPTOMIC	Hybrid Selection	PAIRED	SAMN17814905	PRJNA298376
Tumor	no	no	no	no	unknown	lung	SRR13781076	PRJNA298376	SRP278662	SAMN17814754	SRS8317168	SRX10166556	SRA1199949	9606.0	Homo sapiens	ILLUMINA	NextSeq 550	4317-3AMet-Frag11_rna_Sample	RNA-Seq	TRANSCRIPTOMIC	Hybrid Selection	PAIRED	0	0	2021-03-29	2021-03-29	NIH-phs001003	Prospective Procurement of Solid Tumor Tissue to Identify Novel Therapeutic Targets	NextSeq 550 sequencing: RNA-Seq of 4317 Rectal Cancer sample: Sample 4317-3AMet-Frag11_FrTu_August_29_2018_rna	Tumor RNA sample from lung of a human female participant in the dbGaP study Prospective Procurement of Solid Tumor Tissue to Identify Novel Therapeutic Targets	Tumor RNA sample from lung of a human female participant in the dbGaP study Prospective Procurement of Solid Tumor Tissue to Identify Novel Therapeutic Targets					Protected file(s). Go to dbGap			Homo sapiens	9606.0	RNA-Seq	TRANSCRIPTOMIC	Hybrid Selection	PAIRED	SAMN17814754	PRJNA298376
Tumor	no	no	no	no	unknown	lung	SRR13781034	PRJNA298376	SRP278662	SAMN17814847	SRS8317050	SRX10166434	SRA1199949	9606.0	Homo sapiens	ILLUMINA	NextSeq 550	4298-AMet-Frag1_rna_Sample	RNA-Seq	TRANSCRIPTOMIC	Hybrid Selection	PAIRED	0	0	2021-03-29	2021-03-29	NIH-phs001003	Prospective Procurement of Solid Tumor Tissue to Identify Novel Therapeutic Targets	NextSeq 550 sequencing: RNA-Seq of 4298 Rectal Cancer sample: Sample 4298-AMet-Frag1_FrTu_March_08_2018_rna	Tumor RNA sample from lung of a human male participant in the dbGaP study Prospective Procurement of Solid Tumor Tissue to Identify Novel Therapeutic Targets	Tumor RNA sample from lung of a human male participant in the dbGaP study Prospective Procurement of Solid Tumor Tissue to Identify Novel Therapeutic Targets					Protected file(s). Go to dbGap			Homo sapiens	9606.0	RNA-Seq	TRANSCRIPTOMIC	Hybrid Selection	PAIRED	SAMN17814847	PRJNA298376
Tumor	no	no	no	no	unknown	lung	SRR13781078	PRJNA298376	SRP278662	SAMN17814986	SRS8317170	SRX10166558	SRA1199949	9606.0	Homo sapiens	ILLUMINA	NextSeq 550	4317-3AMet-Frag25_rna_Sample	RNA-Seq	TRANSCRIPTOMIC	Hybrid Selection	PAIRED	0	0	2021-03-29	2021-03-29	NIH-phs001003	Prospective Procurement of Solid Tumor Tissue to Identify Novel Therapeutic Targets	NextSeq 550 sequencing: RNA-Seq of 4317 Rectal Cancer sample: Sample 4317-3AMet-Frag25_FrTu_August_29_2018_rna	Tumor RNA sample from lung of a human female participant in the dbGaP study Prospective Procurement of Solid Tumor Tissue to Identify Novel Therapeutic Targets	Tumor RNA sample from lung of a human female participant in the dbGaP study Prospective Procurement of Solid Tumor Tissue to Identify Novel Therapeutic Targets					Protected file(s). Go to dbGap			Homo sapiens	9606.0	RNA-Seq	TRANSCRIPTOMIC	Hybrid Selection	PAIRED	SAMN17814986	PRJNA298376
Tumor	no	no	no	no	unknown	lung	SRR13781036	PRJNA298376	SRP278662	SAMN17814891	SRS8317053	SRX10166436	SRA1199949	9606.0	Homo sapiens	ILLUMINA	NextSeq 550	4298-AMet-Frag7_rna_Sample	RNA-Seq	TRANSCRIPTOMIC	Hybrid Selection	PAIRED	0	0	2021-03-29	2021-03-29	NIH-phs001003	Prospective Procurement of Solid Tumor Tissue to Identify Novel Therapeutic Targets	NextSeq 550 sequencing: RNA-Seq of 4298 Rectal Cancer sample: Sample 4298-AMet-Frag7_FrTu_March_08_2018_rna	Tumor RNA sample from lung of a human male participant in the dbGaP study Prospective Procurement of Solid Tumor Tissue to Identify Novel Therapeutic Targets	Tumor RNA sample from lung of a human male participant in the dbGaP study Prospective Procurement of Solid Tumor Tissue to Identify Novel Therapeutic Targets					Protected file(s). Go to dbGap			Homo sapiens	9606.0	RNA-Seq	TRANSCRIPTOMIC	Hybrid Selection	PAIRED	SAMN17814891	PRJNA298376
Tumor	no	no	no	no	unknown	lung	SRR13781074	PRJNA298376	SRP278662	SAMN17814966	SRS8317166	SRX10166554	SRA1199949	9606.0	Homo sapiens	ILLUMINA	NextSeq 550	4317-2Met-Frag6_rna_Sample	RNA-Seq	TRANSCRIPTOMIC	Hybrid Selection	PAIRED	0	0	2021-03-29	2021-03-29	NIH-phs001003	Prospective Procurement of Solid Tumor Tissue to Identify Novel Therapeutic Targets	NextSeq 550 sequencing: RNA-Seq of 4317 Rectal Cancer sample: Sample 4317-2Met-Frag6_FrTu_August_29_2018_rna	Tumor RNA sample from lung of a human female participant in the dbGaP study Prospective Procurement of Solid Tumor Tissue to Identify Novel Therapeutic Targets	Tumor RNA sample from lung of a human female participant in the dbGaP study Prospective Procurement of Solid Tumor Tissue to Identify Novel Therapeutic Targets					Protected file(s). Go to dbGap			Homo sapiens	9606.0	RNA-Seq	TRANSCRIPTOMIC	Hybrid Selection	PAIRED	SAMN17814966	PRJNA298376
Tumor	no	no	no	no	unknown	lung	SRR13781080	PRJNA298376	SRP278662	SAMN17814901	SRS8317172	SRX10166560	SRA1199949	9606.0	Homo sapiens	ILLUMINA	NextSeq 550	4317-3BMet-Frag20_rna_Sample	RNA-Seq	TRANSCRIPTOMIC	Hybrid Selection	PAIRED	0	0	2021-03-29	2021-03-29	NIH-phs001003	Prospective Procurement of Solid Tumor Tissue to Identify Novel Therapeutic Targets	NextSeq 550 sequencing: RNA-Seq of 4317 Rectal Cancer sample: Sample 4317-3BMet-Frag20_FrTu_August_29_2018_rna	Tumor RNA sample from lung of a human female participant in the dbGaP study Prospective Procurement of Solid Tumor Tissue to Identify Novel Therapeutic Targets	Tumor RNA sample from lung of a human female participant in the dbGaP study Prospective Procurement of Solid Tumor Tissue to Identify Novel Therapeutic Targets					Protected file(s). Go to dbGap										
Tumor	no	no	no	no	unknown	unknown	SRR24742962	PRJNA976474	SRP439684	SAMN35370314	SRS17830025	SRX20520137	SRA1644597	9606.0	Homo sapiens	ILLUMINA	NextSeq 500	GSM7429829	RNA-Seq	TRANSCRIPTOMIC	cDNA	PAIRED	21771211	3309224072	2023-06-21	2023-06-30		Neoadjuvant chemoradiation alters biomarkers of anticancer immunotherapy responses in locally advanced rectal cancer	NextSeq 500 sequencing: GSM7429829: 11_POSTRT Homo sapiens RNA-Seq	11_POSTRT	11_POSTRT	missing	ftp.sra.ebi.ac.uk/vol1/fastq/SRR247/062/SRR24742962/SRR24742962_1.fastq.gz;ftp.sra.ebi.ac.uk/vol1/fastq/SRR247/062/SRR24742962/SRR24742962_2.fastq.gz	76caa8f466eab6c1513970b837f144ba;37d7645292e9a321c92c0b6b4f74fccc	744494475;748657390				Homo sapiens	9606.0	RNA-Seq	TRANSCRIPTOMIC	cDNA	PAIRED	SAMN35370314	PRJNA976474
Tumor	no	no	no	no	unknown	unknown	SRR24742968	PRJNA976474	SRP439684	SAMN35370320	SRS17830019	SRX20520131	SRA1644597	9606.0	Homo sapiens	ILLUMINA	NextSeq 500	GSM7429823	RNA-Seq	TRANSCRIPTOMIC	cDNA	PAIRED	17698298	2690141296	2023-06-21	2023-06-30		Neoadjuvant chemoradiation alters biomarkers of anticancer immunotherapy responses in locally advanced rectal cancer	NextSeq 500 sequencing: GSM7429823: 8_POSTRT Homo sapiens RNA-Seq	8_POSTRT	8_POSTRT	missing	ftp.sra.ebi.ac.uk/vol1/fastq/SRR247/068/SRR24742968/SRR24742968_1.fastq.gz;ftp.sra.ebi.ac.uk/vol1/fastq/SRR247/068/SRR24742968/SRR24742968_2.fastq.gz	4c3f8023a0bd5207271168776b2a439f;c0adfd97d2b7bfa795ef5d9ca4914003	624667871;626094189				Homo sapiens	9606.0	RNA-Seq	TRANSCRIPTOMIC	cDNA	PAIRED	SAMN35370320	PRJNA976474
Tumor	no	no	no	no	unknown	unknown	SRR24742973	PRJNA976474	SRP439684	SAMN35370325	SRS17830014	SRX20520126	SRA1644597	9606.0	Homo sapiens	ILLUMINA	NextSeq 500	GSM7429818	RNA-Seq	TRANSCRIPTOMIC	cDNA	PAIRED	18461008	2806073216	2023-06-21	2023-06-30		Neoadjuvant chemoradiation alters biomarkers of anticancer immunotherapy responses in locally advanced rectal cancer	NextSeq 500 sequencing: GSM7429818: 6_PRERT Homo sapiens RNA-Seq	6_PRERT	6_PRERT	missing	ftp.sra.ebi.ac.uk/vol1/fastq/SRR247/073/SRR24742973/SRR24742973_1.fastq.gz;ftp.sra.ebi.ac.uk/vol1/fastq/SRR247/073/SRR24742973/SRR24742973_2.fastq.gz	093a1f8bd4cf512ad9e0841a712c7fda;0c6de31e7b086da6f4080180f525daf4	653318998;654039303				Homo sapiens	9606.0	RNA-Seq	TRANSCRIPTOMIC	cDNA	PAIRED	SAMN35370325	PRJNA976474
Tumor	no	no	no	no	unknown	unknown	SRR24742981	PRJNA976474	SRP439684	SAMN35370333	SRS17830006	SRX20520118	SRA1644597	9606.0	Homo sapiens	ILLUMINA	NextSeq 500	GSM7429810	RNA-Seq	TRANSCRIPTOMIC	cDNA	PAIRED	16825688	2557504576	2023-06-21	2023-06-30		Neoadjuvant chemoradiation alters biomarkers of anticancer immunotherapy responses in locally advanced rectal cancer	NextSeq 500 sequencing: GSM7429810: 2_PRERT Homo sapiens RNA-Seq	2_PRERT	2_PRERT	missing	ftp.sra.ebi.ac.uk/vol1/fastq/SRR247/081/SRR24742981/SRR24742981_1.fastq.gz;ftp.sra.ebi.ac.uk/vol1/fastq/SRR247/081/SRR24742981/SRR24742981_2.fastq.gz	c00a462530e0de43ef769ed6c986d881;3edc19be10762cb235ae8a0df5bca189	593543104;594583058				Homo sapiens	9606.0	RNA-Seq	TRANSCRIPTOMIC	cDNA	PAIRED	SAMN35370333	PRJNA976474
Tumor	no	no	no	no	unknown	unknown	SRR24742983	PRJNA976474	SRP439684	SAMN35370335	SRS17830004	SRX20520116	SRA1644597	9606.0	Homo sapiens	ILLUMINA	NextSeq 500	GSM7429808	RNA-Seq	TRANSCRIPTOMIC	cDNA	PAIRED	18058563	2744901576	2023-06-21	2023-06-30		Neoadjuvant chemoradiation alters biomarkers of anticancer immunotherapy responses in locally advanced rectal cancer	NextSeq 500 sequencing: GSM7429808: 1_PRERT Homo sapiens RNA-Seq	1_PRERT	1_PRERT	missing	ftp.sra.ebi.ac.uk/vol1/fastq/SRR247/083/SRR24742983/SRR24742983_1.fastq.gz;ftp.sra.ebi.ac.uk/vol1/fastq/SRR247/083/SRR24742983/SRR24742983_2.fastq.gz	cd1eb9851e4210e2726f626139a9360e;5ff214394ac6da9ac185f84bd4fc01ce	635804883;636625624				Homo sapiens	9606.0	RNA-Seq	TRANSCRIPTOMIC	cDNA	PAIRED	SAMN35370335	PRJNA976474
Tumor	no	no	no	no	unknown	unknown	SRR25993098	PRJNA1014721	SRP459457	SAMN37340016	SRS18846690	SRX21710873	SRA1708698	9606.0	Homo sapiens	ILLUMINA	Illumina HiSeq 2000	GSM7770488	RNA-Seq	TRANSCRIPTOMIC	cDNA	SINGLE	17983197	917143047	2024-08-25	2024-08-25		Molecular differentiation between complete and incomplete responders to neoadjuvant therapy in rectal cancer	Illumina HiSeq 2000 sequencing: GSM7770488: ICR, tumor, NP19_2 Homo sapiens RNA-Seq	ICR, tumor, NP19_2	ICR, tumor, NP19_2	missing	ftp.sra.ebi.ac.uk/vol1/fastq/SRR259/098/SRR25993098/SRR25993098.fastq.gz	10a75da4a137910f9cd72b1ca25f798d	691409556				Homo sapiens	9606.0	RNA-Seq	TRANSCRIPTOMIC	cDNA	SINGLE	SAMN37340016	PRJNA1014721
Tumor	no	no	no	no	unknown	unknown	SRR25993099	PRJNA1014721	SRP459457	SAMN37340017	SRS18846689	SRX21710872	SRA1708698	9606.0	Homo sapiens	ILLUMINA	Illumina HiSeq 2000	GSM7770487	RNA-Seq	TRANSCRIPTOMIC	cDNA	SINGLE	13361921	681457971	2024-08-25	2024-08-25		Molecular differentiation between complete and incomplete responders to neoadjuvant therapy in rectal cancer	Illumina HiSeq 2000 sequencing: GSM7770487: ICR, tumor, NP19_1 Homo sapiens RNA-Seq	ICR, tumor, NP19_1	ICR, tumor, NP19_1	missing	ftp.sra.ebi.ac.uk/vol1/fastq/SRR259/099/SRR25993099/SRR25993099.fastq.gz	0207bc9aaa97eafe817057de9bb8f672	526109175				Homo sapiens	9606.0	RNA-Seq	TRANSCRIPTOMIC	cDNA	SINGLE	SAMN37340017	PRJNA1014721
Tumor	no	no	no	no	unknown	unknown	SRR25993100	PRJNA1014721	SRP459457	SAMN37340018	SRS18846688	SRX21710871	SRA1708698	9606.0	Homo sapiens	ILLUMINA	Illumina HiSeq 2000	GSM7770486	RNA-Seq	TRANSCRIPTOMIC	cDNA	SINGLE	11682962	595831062	2024-08-25	2024-08-25		Molecular differentiation between complete and incomplete responders to neoadjuvant therapy in rectal cancer	Illumina HiSeq 2000 sequencing: GSM7770486: ICR, tumor, NP17_3 Homo sapiens RNA-Seq	ICR, tumor, NP17_3	ICR, tumor, NP17_3	missing	ftp.sra.ebi.ac.uk/vol1/fastq/SRR259/000/SRR25993100/SRR25993100.fastq.gz	bb9347570deb8a479e8f5d845d846b1f	462522172				Homo sapiens	9606.0	RNA-Seq	TRANSCRIPTOMIC	cDNA	SINGLE	SAMN37340018	PRJNA1014721
Tumor	no	no	no	no	unknown	unknown	SRR25993103	PRJNA1014721	SRP459457	SAMN37340021	SRS18846685	SRX21710868	SRA1708698	9606.0	Homo sapiens	ILLUMINA	Illumina HiSeq 2000	GSM7770483	RNA-Seq	TRANSCRIPTOMIC	cDNA	SINGLE	11646871	593990421	2024-08-25	2024-08-25		Molecular differentiation between complete and incomplete responders to neoadjuvant therapy in rectal cancer	Illumina HiSeq 2000 sequencing: GSM7770483: ICR, tumor, NP14 Homo sapiens RNA-Seq	ICR, tumor, NP14	ICR, tumor, NP14	missing	ftp.sra.ebi.ac.uk/vol1/fastq/SRR259/003/SRR25993103/SRR25993103.fastq.gz	e2a11b8a6afd319570a0364d6bb48e19	453481540				Homo sapiens	9606.0	RNA-Seq	TRANSCRIPTOMIC	cDNA	SINGLE	SAMN37340021	PRJNA1014721
Tumor	no	no	no	no	unknown	unknown	SRR25993104	PRJNA1014721	SRP459457	SAMN37340022	SRS18846684	SRX21710867	SRA1708698	9606.0	Homo sapiens	ILLUMINA	Illumina HiSeq 2000	GSM7770482	RNA-Seq	TRANSCRIPTOMIC	cDNA	SINGLE	11500633	586532283	2024-08-25	2024-08-25		Molecular differentiation between complete and incomplete responders to neoadjuvant therapy in rectal cancer	Illumina HiSeq 2000 sequencing: GSM7770482: CR, tumor, NP10_4 Homo sapiens RNA-Seq	CR, tumor, NP10_4	CR, tumor, NP10_4	missing	ftp.sra.ebi.ac.uk/vol1/fastq/SRR259/004/SRR25993104/SRR25993104.fastq.gz	d55e02b575f726d7b6770f9b7028517e	434304003				Homo sapiens	9606.0	RNA-Seq	TRANSCRIPTOMIC	cDNA	SINGLE	SAMN37340022	PRJNA1014721
Tumor	no	no	no	no	unknown	unknown	SRR25993108	PRJNA1014721	SRP459457	SAMN37340026	SRS18846681	SRX21710863	SRA1708698	9606.0	Homo sapiens	ILLUMINA	Illumina HiSeq 2000	GSM7770478	RNA-Seq	TRANSCRIPTOMIC	cDNA	SINGLE	10516177	536325027	2024-08-25	2024-08-25		Molecular differentiation between complete and incomplete responders to neoadjuvant therapy in rectal cancer	Illumina HiSeq 2000 sequencing: GSM7770478: CR, tumor, NP20 Homo sapiens RNA-Seq	CR, tumor, NP20	CR, tumor, NP20	missing	ftp.sra.ebi.ac.uk/vol1/fastq/SRR259/008/SRR25993108/SRR25993108.fastq.gz	1c7e81b4c01e7647cb4258f75a5a855f	391582550				Homo sapiens	9606.0	RNA-Seq	TRANSCRIPTOMIC	cDNA	SINGLE	SAMN37340026	PRJNA1014721
