top_label	is_cell_line	is_bulk_sorted	is_control	adjacent_normal	barrett_grade	tissue_origin	run_accession	experiment_accession	sample_accession	study_accession	secondary_sample_accession	secondary_study_accession	BioSample	BioProject	experiment_title	sample_title	study_title	sample_description	library_name	library_strategy	library_source	library_layout	instrument_model	read_count	base_count	scientific_name	collection_date	first_public	last_updated	project_name	submission_accession	library_min_fragment_size	bam_md5	assembly_software	library_prep_longitude	library_selection	pcr_isolation_protocol	chip_protocol	sequencing_primer_provider	serotype	environment_feature	submitted_galaxy	extraction_protocol	germline	secondary_project	culture_collection	submission_tool	sra_bytes	read_strand	rna_purity_280_ratio	hi_c_protocol	collected_by	submitted_ftp	restriction_enzyme_target_sequence	isolate	fastq_bytes	instrument_platform	variety	sequencing_date_format	temperature	sra_aspera	ecotype	submitted_aspera	sampling_campaign	bam_ftp	tissue_lib	environmental_sample	control_experiment	sex	submitted_md5	checklist	fastq_galaxy	library_gen_protocol	specimen_voucher	library_prep_latitude	submitted_bytes	taxonomic_identity_marker	run_date	country	ncbi_reporting_standard	sra_galaxy	sample_prep_interval	fastq_md5	experimental_protocol	bio_material	rna_prep_5_protocol	host_body_site	local_environmental_context	assembly_quality	collection_date_end	sample_capture_status	host_genotype	host_phenotype	environmental_medium	cultivar	faang_library_selection	target_gene	bam_bytes	library_max_fragment_size	experiment_target	sequencing_date	description	nominal_sdev	chip_ab_provider	environment_material	host_tax_id	sample_material	sample_storage_processing	sra_md5	cell_type	fastq_ftp	disease	sample_prep_interval_units	broker_name	sub_strain	restriction_site	serovar	investigation_type	location	sra_ftp	age	experimental_factor	sequencing_primer_catalog	environment_biome	rna_purity_230_ratio	dnase_protocol	dev_stage	library_prep_date_format	bam_aspera	binning_software	datahub	rna_integrity_num	library_prep_date	location_start	marine_region	aligned	file_location	sample_collection	chip_target	nominal_length	broad_scale_environmental_context	sequencing_location	status	completeness_score	lon	fastq_aspera	tax_lineage	host_sex	library_pcr_isolation_protocol	sample_alias	mating_type	collection_date_start	sub_species	contamination_score	run_alias	restriction_enzyme	depth	submitted_read_type	library_construction_protocol	host_growth_conditions	experiment_alias	host_gravidity	center_name	identified_by	cell_line	sampling_site	host	tag	first_created	lat	strain	host_status	tax_id	submitted_format	submitted_host_sex	surveillance_target	bisulfite_protocol	altitude	rt_prep_protocol	host_scientific_name	bam_galaxy	accession	sample_storage	cage_protocol	sampling_platform	taxonomic_classification	location_end	protocol_label	elevation	salinity	sequencing_method	sequencing_primer_lot	transposase_protocol	study_alias	library_prep_location	rna_prep_3_protocol	ph	sequencing_longitude	tissue_type	isolation_source	ReleaseDate	LoadDate	spots	bases	spots_with_mates	avgLength	size_MB	AssemblyName	download_path	Experiment	LibraryName	LibraryStrategy	LibrarySelection	LibrarySource	LibraryLayout	InsertSize	InsertDev	Platform	Model	SRAStudy	Study_Pubmed_id	ProjectID	Sample	SampleType	TaxID	ScientificName	SampleName	g1k_pop_code	source	g1k_analysis_group	Subject_ID	Sex	Disease	Tumor	Affection_Status	Analyte_Type	Histological_Type	Body_Site	CenterName	Submission	dbgap_study_accession	Consent	RunHash	ReadHash
Unknown	no	no	no	no	unknown	ovary	SRR066809	SRX027372	SAMN00113716	PRJNA132681	SRS115249	SRP003646	SAMN00113716	PRJNA132681	Illumina Genome Analyzer sequencing: GSM602248: Ovary tissue small RNA	Ovary tissue small RNA	Repertoire of porcine microRNAs in adult ovary and testis by deep sequencing.	Ovary tissue small RNA	GSM602248: Ovary tissue small RNA	RNA-Seq	TRANSCRIPTOMIC	SINGLE	Illumina Genome Analyzer	17620539	669580482	Sus scrofa		2011-04-06	2015-06-19	Sus scrofa	SRA024366					size fractionation												336083203.0								421795851	ILLUMINA				fasp.sra.ebi.ac.uk:/vol1/srr/SRR066/SRR066809								female			ftp.sra.ebi.ac.uk/vol1/fastq/SRR066/SRR066809/SRR066809.fastq.gz								Generic	ftp.sra.ebi.ac.uk/vol1/srr/SRR066/SRR066809		3a2d5fd5c94a259a51ed86f670745856																			Illumina Genome Analyzer sequencing: GSM602248: Ovary tissue small RNA							b6b4f5421081331482fe50793ec43ae4		ftp.sra.ebi.ac.uk/vol1/fastq/SRR066/SRR066809/SRR066809.fastq.gz									ftp.sra.ebi.ac.uk/vol1/srr/SRR066/SRR066809							adult (210-days-old)																public			fasp.sra.ebi.ac.uk:/vol1/fastq/SRR066/SRR066809/SRR066809.fastq.gz	1;131567;2759;33154;33208;6072;33213;33511;7711;89593;7742;7776;117570;117571;8287;1338369;32523;32524;40674;32525;9347;1437010;314145;91561;35497;9821;9822;9823			GSM602248					GSM602248_1						GSM602248: Ovary tissue small RNA		GEO					env_tax;env_tax:terrestrial	2011-04-06				9823.0									SRR066809												GSE24443					Ovary		2011-04-04 09:37:29	2014-05-28 01:18:55	17620539.0	669580482.0	0.0	38.0	320.0		https://sra-downloadb.be-md.ncbi.nlm.nih.gov/sos5/sra-pub-zq-11/SRR000/066/SRR066809/SRR066809.sralite.1	SRX027372	GSM602248: Ovary tissue small RNA	RNA-Seq	size fractionation	TRANSCRIPTOMIC	SINGLE	0.0	0.0	ILLUMINA	Illumina Genome Analyzer	SRP003646	2.0	132681.0	SRS115249	simple	9823.0	Sus scrofa	GSM602248							no					GEO	SRA024366		public	090B0995B617CF5503A51EB8332B2766	4A751CF7808CFD45B511F5CA3945B9D6
Unknown	no	no	no	no	unknown	ovary	SRR073601	SRX031800	SAMN00138387	PRJNA168994	SRS139288	SRP004630			Illumina Genome Analyzer sequencing: GSM628271: r2d2[1] ovary total RNA	r2d2[1] ovary total RNA	GSE25570: Ovary small RNA	r2d2[1] ovary total RNA	GSM628271: r2d2[1] ovary total RNA	RNA-Seq	TRANSCRIPTOMIC	SINGLE	Illumina Genome Analyzer	31887923	1626284073	Drosophila melanogaster		2010-12-14	2015-06-19	Drosophila melanogaster	SRA026681					size fractionation												1030164696.0								1227484772	ILLUMINA				fasp.sra.ebi.ac.uk:/vol1/srr/SRR073/SRR073601											ftp.sra.ebi.ac.uk/vol1/fastq/SRR073/SRR073601/SRR073601.fastq.gz								Generic	ftp.sra.ebi.ac.uk/vol1/srr/SRR073/SRR073601		15834829f00486f1269d4dc9d82d13d4																			Illumina Genome Analyzer sequencing: GSM628271: r2d2[1] ovary total RNA							f06d573837b5e7007aa9acc161a66a3e		ftp.sra.ebi.ac.uk/vol1/fastq/SRR073/SRR073601/SRR073601.fastq.gz									ftp.sra.ebi.ac.uk/vol1/srr/SRR073/SRR073601																							public			fasp.sra.ebi.ac.uk:/vol1/fastq/SRR073/SRR073601/SRR073601.fastq.gz	1;131567;2759;33154;33208;6072;33213;33317;1206794;88770;6656;197563;197562;6960;50557;85512;7496;33340;33392;7147;7203;43733;480118;480117;43738;43741;43746;7214;43845;46877;7215;32341;32346;32351;7227			GSM628271					GSM628271_1						GSM628271: r2d2[1] ovary total RNA		GEO					env_tax;env_tax:terrestrial	2010-12-14		r2d2[1]		7227.0									SRR073601												GSE25570					Ovary																																													
Unknown	no	no	no	no	unknown	ovary	SRR073602	SRX031801	SAMN00138388	PRJNA168994	SRS139289	SRP004630			Illumina Genome Analyzer sequencing: GSM628272: ago2[414] ovary total RNA	ago2[414] ovary total RNA	GSE25570: Ovary small RNA	ago2[414] ovary total RNA	GSM628272: ago2[414] ovary total RNA	RNA-Seq	TRANSCRIPTOMIC	SINGLE	Illumina Genome Analyzer	32730644	1669262844	Drosophila melanogaster		2010-12-14	2015-06-19	Drosophila melanogaster	SRA026681					size fractionation												1065361309.0								1265618650	ILLUMINA				fasp.sra.ebi.ac.uk:/vol1/srr/SRR073/SRR073602											ftp.sra.ebi.ac.uk/vol1/fastq/SRR073/SRR073602/SRR073602.fastq.gz								Generic	ftp.sra.ebi.ac.uk/vol1/srr/SRR073/SRR073602		05c59dae2c7078548b6f10971145cadb																			Illumina Genome Analyzer sequencing: GSM628272: ago2[414] ovary total RNA							7091fcd715752319edf48092f57b997d		ftp.sra.ebi.ac.uk/vol1/fastq/SRR073/SRR073602/SRR073602.fastq.gz									ftp.sra.ebi.ac.uk/vol1/srr/SRR073/SRR073602																							public			fasp.sra.ebi.ac.uk:/vol1/fastq/SRR073/SRR073602/SRR073602.fastq.gz	1;131567;2759;33154;33208;6072;33213;33317;1206794;88770;6656;197563;197562;6960;50557;85512;7496;33340;33392;7147;7203;43733;480118;480117;43738;43741;43746;7214;43845;46877;7215;32341;32346;32351;7227			GSM628272					GSM628272_1						GSM628272: ago2[414] ovary total RNA		GEO					env_tax;env_tax:terrestrial	2010-12-14		ago2[414]		7227.0									SRR073602												GSE25570					Ovary																																													
Unknown	no	no	no	no	unknown	ovary	SRR12008091	SRX8541185	SAMN15230452	PRJNA561416	SRS6835984	SRP219044			Illumina HiSeq 2500 sequencing: GSM4615209: Adult ovary dataset1 Drosophila melanogaster RNA-Seq	Adult ovary dataset1	A Cell Atlas of the Drosophila ovary	Adult ovary dataset1		RNA-Seq	TRANSCRIPTOMIC	PAIRED	Illumina HiSeq 2500	299217715	37102996660	Drosophila melanogaster		2020-09-09	2023-06-10	A Cell Atlas of the Drosophila ovary	SRA946766					cDNA												10152890214.0								5217522577;10869882856	ILLUMINA				fasp.sra.ebi.ac.uk:/vol1/srr/SRR120/091/SRR12008091											ftp.sra.ebi.ac.uk/vol1/fastq/SRR120/091/SRR12008091/SRR12008091_1.fastq.gz;ftp.sra.ebi.ac.uk/vol1/fastq/SRR120/091/SRR12008091/SRR12008091_2.fastq.gz								Generic	ftp.sra.ebi.ac.uk/vol1/srr/SRR120/091/SRR12008091		579a534e6445207bdd8fc814e135bf02;f63c5f31a36eead0415ce712661cba37																			Illumina HiSeq 2500 sequencing: GSM4615209: Adult ovary dataset1 Drosophila melanogaster RNA-Seq							437199b9ee4e2b6d24b1aa49b44930c0		ftp.sra.ebi.ac.uk/vol1/fastq/SRR120/091/SRR12008091/SRR12008091_1.fastq.gz;ftp.sra.ebi.ac.uk/vol1/fastq/SRR120/091/SRR12008091/SRR12008091_2.fastq.gz									ftp.sra.ebi.ac.uk/vol1/srr/SRR120/091/SRR12008091																							public			fasp.sra.ebi.ac.uk:/vol1/fastq/SRR120/091/SRR12008091/SRR12008091_1.fastq.gz;fasp.sra.ebi.ac.uk:/vol1/fastq/SRR120/091/SRR12008091/SRR12008091_2.fastq.gz	1;131567;2759;33154;33208;6072;33213;33317;1206794;88770;6656;197563;197562;6960;50557;85512;7496;33340;33392;7147;7203;43733;480118;480117;43738;43741;43746;7214;43845;46877;7215;32341;32346;32351;7227			GSM4615209					GSM4615209_r1				Flies were dissected within 45 min in ice cold Schneider's Insect Medium with 10% FBS and 167 mg/ml insulin on an ice pack. Tissue was transferred to an eppendorf tube containing ice cold Cell Dissociation Buffer (Thermo Fisher Scientific #13151014) and rinsed once with the buffer. Dissociation was performed at RT in Cell Dissociation Buffer with 4 mg/ml elastase (Worthington Biochemical LS002292) and 2.5 mg/ml collagenase (Invitrogen # 17018-029) with nutation and regular pipetting with a P200 to aid tissue dissociation. After 20 min the solution was passed through a 50 µm filter (Partec #04-0042-2317) and the solution incubated for additional 10 min before passage through a 30 µm filter (Miltenyi Biotec #130-041-407). Enzymes where quenched by adding 500 µl of dissection solution and cells were centrifuged for 5 min at 4°C and 3500 rcf. For the dataset1 dataset cells were subjected to MACS. Cells were washed in dissection solution and centrifuged again before being resuspended in ice cold 200 µl PBS with 0.04 % ultrapure BSA (Thermo Fisher Scientific AM2616). Dissociation was verified and cells were counted using a cell counting chamber and the solution adjusted to 1000 cells per µl. Single Cell 3' v2, 10X Genomics Single-cell RNA-sequencing		GSM4615209		GEO					env_tax;env_tax:terrestrial	2020-09-09				7227.0									SRR12008091												GSE136162					ovary																																													
Unknown	no	no	no	no	unknown	ovary	SRR12008092	SRX8541186	SAMN15230451	PRJNA561416	SRS6835985	SRP219044			Illumina HiSeq 2500 sequencing: GSM4615210: Adult ovary dataset2 Drosophila melanogaster RNA-Seq	Adult ovary dataset2	A Cell Atlas of the Drosophila ovary	Adult ovary dataset2		RNA-Seq	TRANSCRIPTOMIC	PAIRED	Illumina HiSeq 2500	225401108	20511500828	Drosophila melanogaster		2020-09-09	2020-09-09	A Cell Atlas of the Drosophila ovary	SRA946766					cDNA												9079265275.0								10040189165	ILLUMINA				fasp.sra.ebi.ac.uk:/vol1/srr/SRR120/092/SRR12008092											ftp.sra.ebi.ac.uk/vol1/fastq/SRR120/092/SRR12008092/SRR12008092.fastq.gz								Generic	ftp.sra.ebi.ac.uk/vol1/srr/SRR120/092/SRR12008092		e4edf5844d6a505e5530980263fb293d																			Illumina HiSeq 2500 sequencing: GSM4615210: Adult ovary dataset2 Drosophila melanogaster RNA-Seq							9e3c43c34510e558b578bd756c754ec4		ftp.sra.ebi.ac.uk/vol1/fastq/SRR120/092/SRR12008092/SRR12008092.fastq.gz									ftp.sra.ebi.ac.uk/vol1/srr/SRR120/092/SRR12008092																							public			fasp.sra.ebi.ac.uk:/vol1/fastq/SRR120/092/SRR12008092/SRR12008092.fastq.gz	1;131567;2759;33154;33208;6072;33213;33317;1206794;88770;6656;197563;197562;6960;50557;85512;7496;33340;33392;7147;7203;43733;480118;480117;43738;43741;43746;7214;43845;46877;7215;32341;32346;32351;7227			GSM4615210					GSM4615210_r1				Flies were dissected within 45 min in ice cold Schneider's Insect Medium with 10% FBS and 167 mg/ml insulin on an ice pack. Tissue was transferred to an eppendorf tube containing ice cold Cell Dissociation Buffer (Thermo Fisher Scientific #13151014) and rinsed once with the buffer. Dissociation was performed at RT in Cell Dissociation Buffer with 4 mg/ml elastase (Worthington Biochemical LS002292) and 2.5 mg/ml collagenase (Invitrogen # 17018-029) with nutation and regular pipetting with a P200 to aid tissue dissociation. After 20 min the solution was passed through a 50 µm filter (Partec #04-0042-2317) and the solution incubated for additional 10 min before passage through a 30 µm filter (Miltenyi Biotec #130-041-407). Enzymes where quenched by adding 500 µl of dissection solution and cells were centrifuged for 5 min at 4°C and 3500 rcf. For the dataset1 dataset cells were subjected to MACS. Cells were washed in dissection solution and centrifuged again before being resuspended in ice cold 200 µl PBS with 0.04 % ultrapure BSA (Thermo Fisher Scientific AM2616). Dissociation was verified and cells were counted using a cell counting chamber and the solution adjusted to 1000 cells per µl. Single Cell 3' v2, 10X Genomics Single-cell RNA-sequencing		GSM4615210		GEO					env_tax;env_tax:terrestrial	2020-09-09				7227.0									SRR12008092												GSE136162					ovary																																													
Unknown	no	no	no	no	unknown	ovary	SRR12008093	SRX8541186	SAMN15230451	PRJNA561416	SRS6835985	SRP219044			Illumina HiSeq 2500 sequencing: GSM4615210: Adult ovary dataset2 Drosophila melanogaster RNA-Seq	Adult ovary dataset2	A Cell Atlas of the Drosophila ovary	Adult ovary dataset2		RNA-Seq	TRANSCRIPTOMIC	PAIRED	Illumina HiSeq 2500	222777998	20272797818	Drosophila melanogaster		2020-09-09	2020-09-09	A Cell Atlas of the Drosophila ovary	SRA946766					cDNA												8993754960.0								9930125795	ILLUMINA				fasp.sra.ebi.ac.uk:/vol1/srr/SRR120/093/SRR12008093											ftp.sra.ebi.ac.uk/vol1/fastq/SRR120/093/SRR12008093/SRR12008093.fastq.gz								Generic	ftp.sra.ebi.ac.uk/vol1/srr/SRR120/093/SRR12008093		7d0a3cd8722c48d9b129ccb4e8076ab4																			Illumina HiSeq 2500 sequencing: GSM4615210: Adult ovary dataset2 Drosophila melanogaster RNA-Seq							d07b34bd526067a9b6eb69a379172f4b		ftp.sra.ebi.ac.uk/vol1/fastq/SRR120/093/SRR12008093/SRR12008093.fastq.gz									ftp.sra.ebi.ac.uk/vol1/srr/SRR120/093/SRR12008093																							public			fasp.sra.ebi.ac.uk:/vol1/fastq/SRR120/093/SRR12008093/SRR12008093.fastq.gz	1;131567;2759;33154;33208;6072;33213;33317;1206794;88770;6656;197563;197562;6960;50557;85512;7496;33340;33392;7147;7203;43733;480118;480117;43738;43741;43746;7214;43845;46877;7215;32341;32346;32351;7227			GSM4615210					GSM4615210_r2				Flies were dissected within 45 min in ice cold Schneider's Insect Medium with 10% FBS and 167 mg/ml insulin on an ice pack. Tissue was transferred to an eppendorf tube containing ice cold Cell Dissociation Buffer (Thermo Fisher Scientific #13151014) and rinsed once with the buffer. Dissociation was performed at RT in Cell Dissociation Buffer with 4 mg/ml elastase (Worthington Biochemical LS002292) and 2.5 mg/ml collagenase (Invitrogen # 17018-029) with nutation and regular pipetting with a P200 to aid tissue dissociation. After 20 min the solution was passed through a 50 µm filter (Partec #04-0042-2317) and the solution incubated for additional 10 min before passage through a 30 µm filter (Miltenyi Biotec #130-041-407). Enzymes where quenched by adding 500 µl of dissection solution and cells were centrifuged for 5 min at 4°C and 3500 rcf. For the dataset1 dataset cells were subjected to MACS. Cells were washed in dissection solution and centrifuged again before being resuspended in ice cold 200 µl PBS with 0.04 % ultrapure BSA (Thermo Fisher Scientific AM2616). Dissociation was verified and cells were counted using a cell counting chamber and the solution adjusted to 1000 cells per µl. Single Cell 3' v2, 10X Genomics Single-cell RNA-sequencing		GSM4615210		GEO					env_tax;env_tax:terrestrial	2020-09-09				7227.0									SRR12008093												GSE136162					ovary																																													
Unknown	no	no	no	no	unknown	ovary	SRR12008094	SRX8541187	SAMN15230450	PRJNA561416	SRS6835986	SRP219044			Illumina HiSeq 2500 sequencing: GSM4615211: Adult ovary dataset3 Drosophila melanogaster RNA-Seq	Adult ovary dataset3	A Cell Atlas of the Drosophila ovary	Adult ovary dataset3		RNA-Seq	TRANSCRIPTOMIC	PAIRED	Illumina HiSeq 2500	379061161	34494565651	Drosophila melanogaster		2020-09-09	2020-09-09	A Cell Atlas of the Drosophila ovary	SRA946766					cDNA												15384929457.0								16943377973	ILLUMINA				fasp.sra.ebi.ac.uk:/vol1/srr/SRR120/094/SRR12008094											ftp.sra.ebi.ac.uk/vol1/fastq/SRR120/094/SRR12008094/SRR12008094.fastq.gz								Generic	ftp.sra.ebi.ac.uk/vol1/srr/SRR120/094/SRR12008094		70a29349468a11ae734345c0866a972a																			Illumina HiSeq 2500 sequencing: GSM4615211: Adult ovary dataset3 Drosophila melanogaster RNA-Seq							a934731483b3570848da843a3194aa93		ftp.sra.ebi.ac.uk/vol1/fastq/SRR120/094/SRR12008094/SRR12008094.fastq.gz									ftp.sra.ebi.ac.uk/vol1/srr/SRR120/094/SRR12008094																							public			fasp.sra.ebi.ac.uk:/vol1/fastq/SRR120/094/SRR12008094/SRR12008094.fastq.gz	1;131567;2759;33154;33208;6072;33213;33317;1206794;88770;6656;197563;197562;6960;50557;85512;7496;33340;33392;7147;7203;43733;480118;480117;43738;43741;43746;7214;43845;46877;7215;32341;32346;32351;7227			GSM4615211					GSM4615211_r1				Flies were dissected within 45 min in ice cold Schneider's Insect Medium with 10% FBS and 167 mg/ml insulin on an ice pack. Tissue was transferred to an eppendorf tube containing ice cold Cell Dissociation Buffer (Thermo Fisher Scientific #13151014) and rinsed once with the buffer. Dissociation was performed at RT in Cell Dissociation Buffer with 4 mg/ml elastase (Worthington Biochemical LS002292) and 2.5 mg/ml collagenase (Invitrogen # 17018-029) with nutation and regular pipetting with a P200 to aid tissue dissociation. After 20 min the solution was passed through a 50 µm filter (Partec #04-0042-2317) and the solution incubated for additional 10 min before passage through a 30 µm filter (Miltenyi Biotec #130-041-407). Enzymes where quenched by adding 500 µl of dissection solution and cells were centrifuged for 5 min at 4°C and 3500 rcf. For the dataset1 dataset cells were subjected to MACS. Cells were washed in dissection solution and centrifuged again before being resuspended in ice cold 200 µl PBS with 0.04 % ultrapure BSA (Thermo Fisher Scientific AM2616). Dissociation was verified and cells were counted using a cell counting chamber and the solution adjusted to 1000 cells per µl. Single Cell 3' v2, 10X Genomics Single-cell RNA-sequencing		GSM4615211		GEO					env_tax;env_tax:terrestrial	2020-09-09				7227.0									SRR12008094												GSE136162					ovary																																													
Unknown	no	no	no	no	unknown	ovary	SRR12008095	SRX8541187	SAMN15230450	PRJNA561416	SRS6835986	SRP219044			Illumina HiSeq 2500 sequencing: GSM4615211: Adult ovary dataset3 Drosophila melanogaster RNA-Seq	Adult ovary dataset3	A Cell Atlas of the Drosophila ovary	Adult ovary dataset3		RNA-Seq	TRANSCRIPTOMIC	PAIRED	Illumina HiSeq 2500	368642192	33546439472	Drosophila melanogaster		2020-09-09	2020-09-09	A Cell Atlas of the Drosophila ovary	SRA946766					cDNA												15154079520.0								16628391721	ILLUMINA				fasp.sra.ebi.ac.uk:/vol1/srr/SRR120/095/SRR12008095											ftp.sra.ebi.ac.uk/vol1/fastq/SRR120/095/SRR12008095/SRR12008095.fastq.gz								Generic	ftp.sra.ebi.ac.uk/vol1/srr/SRR120/095/SRR12008095		2239b4daa40c3608da92f52583629a37																			Illumina HiSeq 2500 sequencing: GSM4615211: Adult ovary dataset3 Drosophila melanogaster RNA-Seq							2b3b2a561e4a92a21043fb9e7234016a		ftp.sra.ebi.ac.uk/vol1/fastq/SRR120/095/SRR12008095/SRR12008095.fastq.gz									ftp.sra.ebi.ac.uk/vol1/srr/SRR120/095/SRR12008095																							public			fasp.sra.ebi.ac.uk:/vol1/fastq/SRR120/095/SRR12008095/SRR12008095.fastq.gz	1;131567;2759;33154;33208;6072;33213;33317;1206794;88770;6656;197563;197562;6960;50557;85512;7496;33340;33392;7147;7203;43733;480118;480117;43738;43741;43746;7214;43845;46877;7215;32341;32346;32351;7227			GSM4615211					GSM4615211_r2				Flies were dissected within 45 min in ice cold Schneider's Insect Medium with 10% FBS and 167 mg/ml insulin on an ice pack. Tissue was transferred to an eppendorf tube containing ice cold Cell Dissociation Buffer (Thermo Fisher Scientific #13151014) and rinsed once with the buffer. Dissociation was performed at RT in Cell Dissociation Buffer with 4 mg/ml elastase (Worthington Biochemical LS002292) and 2.5 mg/ml collagenase (Invitrogen # 17018-029) with nutation and regular pipetting with a P200 to aid tissue dissociation. After 20 min the solution was passed through a 50 µm filter (Partec #04-0042-2317) and the solution incubated for additional 10 min before passage through a 30 µm filter (Miltenyi Biotec #130-041-407). Enzymes where quenched by adding 500 µl of dissection solution and cells were centrifuged for 5 min at 4°C and 3500 rcf. For the dataset1 dataset cells were subjected to MACS. Cells were washed in dissection solution and centrifuged again before being resuspended in ice cold 200 µl PBS with 0.04 % ultrapure BSA (Thermo Fisher Scientific AM2616). Dissociation was verified and cells were counted using a cell counting chamber and the solution adjusted to 1000 cells per µl. Single Cell 3' v2, 10X Genomics Single-cell RNA-sequencing		GSM4615211		GEO					env_tax;env_tax:terrestrial	2020-09-09				7227.0									SRR12008095												GSE136162					ovary																																													
Unknown	no	no	no	no	unknown	intestine	SRR13978575	SRX10356147	SAMN18313521	PRJNA714749	SRS8474108	SRP310910			Illumina NovaSeq 6000 sequencing: Ovary queenright workers - Colony B	Ovary queenright workers - Colony B	DNA methylation in the brain and ovary of Apis mellifera	Ovary queenright workers - Colony B	Ovary_QR_col.B	Bisulfite-Seq	GENOMIC	PAIRED	Illumina NovaSeq 6000	57449498	17234849400	Apis mellifera	2018-03-31	2021-03-19	2021-03-19		SRA1206734					RANDOM												5689950261.0				Dr. Carlos Cardoso Jr			Queenright Colony B	3562088671;3549546142	ILLUMINA				fasp.sra.ebi.ac.uk:/vol1/srr/SRR139/075/SRR13978575								female			ftp.sra.ebi.ac.uk/vol1/fastq/SRR139/075/SRR13978575/SRR13978575_1.fastq.gz;ftp.sra.ebi.ac.uk/vol1/fastq/SRR139/075/SRR13978575/SRR13978575_2.fastq.gz							Australia	Invertebrate	ftp.sra.ebi.ac.uk/vol1/srr/SRR139/075/SRR13978575		9b39ed770c2ad34d5e403c7173e173fe;b86061f7ed8ecc8174304380e77a3d92							2018-03-31												Illumina NovaSeq 6000 sequencing: Ovary queenright workers - Colony B							39ab437191a29abe05be002178dee148		ftp.sra.ebi.ac.uk/vol1/fastq/SRR139/075/SRR13978575/SRR13978575_1.fastq.gz;ftp.sra.ebi.ac.uk/vol1/fastq/SRR139/075/SRR13978575/SRR13978575_2.fastq.gz									ftp.sra.ebi.ac.uk/vol1/srr/SRR139/075/SRR13978575																							public			fasp.sra.ebi.ac.uk:/vol1/fastq/SRR139/075/SRR13978575/SRR13978575_1.fastq.gz;fasp.sra.ebi.ac.uk:/vol1/fastq/SRR139/075/SRR13978575/SRR13978575_2.fastq.gz	1;131567;2759;33154;33208;6072;33213;33317;1206794;88770;6656;197563;197562;6960;50557;85512;7496;33340;33392;7399;7400;7434;34735;3042114;7458;70987;83321;7459;7460			Ovary_QR_col.B		2018-03-30			FCH3YT5DSXX_L3_APIohpMAAAIAAA-35_1.fq.gz						Ovary_QR_col.B		SUB9294587					env_tax;env_tax:terrestrial	2021-03-19				7460.0									SRR13978575												PRJNA714749					Ovary	University of Sydney																																												
Unknown	no	no	no	no	unknown	intestine	SRR13978576	SRX10356146	SAMN18313520	PRJNA714749	SRS8474106	SRP310910			Illumina NovaSeq 6000 sequencing: Ovary queenless workers - Colony B	Ovary queenless workers - Colony B	DNA methylation in the brain and ovary of Apis mellifera	Ovary queenless workers - Colony B	Ovary_QL_col.B	Bisulfite-Seq	GENOMIC	PAIRED	Illumina NovaSeq 6000	48966882	14690064600	Apis mellifera	2018-03-31	2021-03-19	2021-03-19		SRA1206734					RANDOM												4865371276.0				Dr. Carlos Cardoso Jr			Queenless Colony B	3039218437;3046526384	ILLUMINA				fasp.sra.ebi.ac.uk:/vol1/srr/SRR139/076/SRR13978576								female			ftp.sra.ebi.ac.uk/vol1/fastq/SRR139/076/SRR13978576/SRR13978576_1.fastq.gz;ftp.sra.ebi.ac.uk/vol1/fastq/SRR139/076/SRR13978576/SRR13978576_2.fastq.gz							Australia	Invertebrate	ftp.sra.ebi.ac.uk/vol1/srr/SRR139/076/SRR13978576		0f78aa337936ffce4a48695539c08b10;7e2edd86fd534310f6701d8fe5576955							2018-03-31												Illumina NovaSeq 6000 sequencing: Ovary queenless workers - Colony B							b118f9c09958f4bd3a3287f22be8d60e		ftp.sra.ebi.ac.uk/vol1/fastq/SRR139/076/SRR13978576/SRR13978576_1.fastq.gz;ftp.sra.ebi.ac.uk/vol1/fastq/SRR139/076/SRR13978576/SRR13978576_2.fastq.gz									ftp.sra.ebi.ac.uk/vol1/srr/SRR139/076/SRR13978576																							public			fasp.sra.ebi.ac.uk:/vol1/fastq/SRR139/076/SRR13978576/SRR13978576_1.fastq.gz;fasp.sra.ebi.ac.uk:/vol1/fastq/SRR139/076/SRR13978576/SRR13978576_2.fastq.gz	1;131567;2759;33154;33208;6072;33213;33317;1206794;88770;6656;197563;197562;6960;50557;85512;7496;33340;33392;7399;7400;7434;34735;3042114;7458;70987;83321;7459;7460			Ovary_QL_col.B		2018-03-30			FCH3YT5DSXX_L3_APIohpMAAAJAAA-36_1.fq.gz						Ovary_QL_col.B		SUB9294587					env_tax;env_tax:terrestrial	2021-03-19				7460.0									SRR13978576												PRJNA714749					Ovary	University of Sydney																																												
Unknown	no	no	no	no	unknown	intestine	SRR13978577	SRX10356145	SAMN18313519	PRJNA714749	SRS8474107	SRP310910			Illumina NovaSeq 6000 sequencing: Ovary queenright workers - Colony A	Ovary queenright workers - Colony A	DNA methylation in the brain and ovary of Apis mellifera	Ovary queenright workers - Colony A	Ovary_QR_col.A	Bisulfite-Seq	GENOMIC	PAIRED	Illumina NovaSeq 6000	56585418	16975625400	Apis mellifera	2018-03-31	2021-03-19	2021-03-19		SRA1206734					RANDOM												5611346329.0				Dr. Carlos Cardoso Jr			Queenright Colony A	3491083485;3509918437	ILLUMINA				fasp.sra.ebi.ac.uk:/vol1/srr/SRR139/077/SRR13978577								female			ftp.sra.ebi.ac.uk/vol1/fastq/SRR139/077/SRR13978577/SRR13978577_1.fastq.gz;ftp.sra.ebi.ac.uk/vol1/fastq/SRR139/077/SRR13978577/SRR13978577_2.fastq.gz							Australia	Invertebrate	ftp.sra.ebi.ac.uk/vol1/srr/SRR139/077/SRR13978577		454aa9688c3d2afadf5fd44d8a44e567;398e773e19669f5f02075aec1c74030c							2018-03-31												Illumina NovaSeq 6000 sequencing: Ovary queenright workers - Colony A							1a72b0c9b6161a3d152ede4f36ef92a5		ftp.sra.ebi.ac.uk/vol1/fastq/SRR139/077/SRR13978577/SRR13978577_1.fastq.gz;ftp.sra.ebi.ac.uk/vol1/fastq/SRR139/077/SRR13978577/SRR13978577_2.fastq.gz									ftp.sra.ebi.ac.uk/vol1/srr/SRR139/077/SRR13978577																							public			fasp.sra.ebi.ac.uk:/vol1/fastq/SRR139/077/SRR13978577/SRR13978577_1.fastq.gz;fasp.sra.ebi.ac.uk:/vol1/fastq/SRR139/077/SRR13978577/SRR13978577_2.fastq.gz	1;131567;2759;33154;33208;6072;33213;33317;1206794;88770;6656;197563;197562;6960;50557;85512;7496;33340;33392;7399;7400;7434;34735;3042114;7458;70987;83321;7459;7460			Ovary_QR_col.A		2018-03-30			FCH3YT5DSXX_L3_APIohpMAAAGAAA-21_1.fq.gz						Ovary_QR_col.A		SUB9294587					env_tax;env_tax:terrestrial	2021-03-19				7460.0									SRR13978577												PRJNA714749					Ovary	University of Sydney																																												
Unknown	no	no	no	no	unknown	intestine	SRR13978578	SRX10356144	SAMN18313518	PRJNA714749	SRS8474103	SRP310910			Illumina NovaSeq 6000 sequencing: Ovary queenless workers - Colony A	Ovary queenless workers - Colony A	DNA methylation in the brain and ovary of Apis mellifera	Ovary queenless workers - Colony A	Ovary_QL_col.A	Bisulfite-Seq	GENOMIC	PAIRED	Illumina NovaSeq 6000	58502125	17550637500	Apis mellifera	2018-03-31	2021-03-19	2021-03-19		SRA1206734					RANDOM												5812132696.0				Dr. Carlos Cardoso Jr			Queenless Colony A	3613528626;3646171286	ILLUMINA				fasp.sra.ebi.ac.uk:/vol1/srr/SRR139/078/SRR13978578								female			ftp.sra.ebi.ac.uk/vol1/fastq/SRR139/078/SRR13978578/SRR13978578_1.fastq.gz;ftp.sra.ebi.ac.uk/vol1/fastq/SRR139/078/SRR13978578/SRR13978578_2.fastq.gz							Australia	Invertebrate	ftp.sra.ebi.ac.uk/vol1/srr/SRR139/078/SRR13978578		e1566d9c17f8df68dbb10010adc18483;de61bc3a6d47f1721051a6d08d88c558							2018-03-31												Illumina NovaSeq 6000 sequencing: Ovary queenless workers - Colony A							1966711d321ffd1c61a4fdd4d48b66ac		ftp.sra.ebi.ac.uk/vol1/fastq/SRR139/078/SRR13978578/SRR13978578_1.fastq.gz;ftp.sra.ebi.ac.uk/vol1/fastq/SRR139/078/SRR13978578/SRR13978578_2.fastq.gz									ftp.sra.ebi.ac.uk/vol1/srr/SRR139/078/SRR13978578																							public			fasp.sra.ebi.ac.uk:/vol1/fastq/SRR139/078/SRR13978578/SRR13978578_1.fastq.gz;fasp.sra.ebi.ac.uk:/vol1/fastq/SRR139/078/SRR13978578/SRR13978578_2.fastq.gz	1;131567;2759;33154;33208;6072;33213;33317;1206794;88770;6656;197563;197562;6960;50557;85512;7496;33340;33392;7399;7400;7434;34735;3042114;7458;70987;83321;7459;7460			Ovary_QL_col.A		2018-03-30			FCH3YT5DSXX_L3_APIohpMAAAHAAA-24_1.fq.gz						Ovary_QL_col.A		SUB9294587					env_tax;env_tax:terrestrial	2021-03-19				7460.0									SRR13978578												PRJNA714749					Ovary	University of Sydney																																												
Unknown	no	no	no	no	unknown	intestine	SRR13978583	SRX10356139	SAMN18313523	PRJNA714749	SRS8474099	SRP310910			Illumina NovaSeq 6000 sequencing: Ovary queenright workers - Colony C	Ovary queenright workers - Colony C	DNA methylation in the brain and ovary of Apis mellifera	Ovary queenright workers - Colony C	Ovary_QR_col.C	Bisulfite-Seq	GENOMIC	PAIRED	Illumina NovaSeq 6000	51007853	15302355900	Apis mellifera	2018-03-31	2021-03-19	2021-03-19		SRA1206734					RANDOM												5085951663.0				Dr. Carlos Cardoso Jr			Queenright Colony C	3172706540;3191279201	ILLUMINA				fasp.sra.ebi.ac.uk:/vol1/srr/SRR139/083/SRR13978583								female			ftp.sra.ebi.ac.uk/vol1/fastq/SRR139/083/SRR13978583/SRR13978583_1.fastq.gz;ftp.sra.ebi.ac.uk/vol1/fastq/SRR139/083/SRR13978583/SRR13978583_2.fastq.gz							Australia	Invertebrate	ftp.sra.ebi.ac.uk/vol1/srr/SRR139/083/SRR13978583		85b1800de62b9d8f2570ceec103ee88e;96be93179459f5b14dc20d07dca1b6dc							2018-03-31												Illumina NovaSeq 6000 sequencing: Ovary queenright workers - Colony C							cb7560a2504bf92192bb5595502f85cf		ftp.sra.ebi.ac.uk/vol1/fastq/SRR139/083/SRR13978583/SRR13978583_1.fastq.gz;ftp.sra.ebi.ac.uk/vol1/fastq/SRR139/083/SRR13978583/SRR13978583_2.fastq.gz									ftp.sra.ebi.ac.uk/vol1/srr/SRR139/083/SRR13978583																							public			fasp.sra.ebi.ac.uk:/vol1/fastq/SRR139/083/SRR13978583/SRR13978583_1.fastq.gz;fasp.sra.ebi.ac.uk:/vol1/fastq/SRR139/083/SRR13978583/SRR13978583_2.fastq.gz	1;131567;2759;33154;33208;6072;33213;33317;1206794;88770;6656;197563;197562;6960;50557;85512;7496;33340;33392;7399;7400;7434;34735;3042114;7458;70987;83321;7459;7460			Ovary_QR_col.C		2018-03-30			FCH3YT5DSXX_L3_APIohpMAAAKAAA-37_1.fq.gz						Ovary_QR_col.C		SUB9294587					env_tax;env_tax:terrestrial	2021-03-19				7460.0									SRR13978583												PRJNA714749					Ovary	University of Sydney																																												
Unknown	no	no	no	no	unknown	intestine	SRR13978584	SRX10356138	SAMN18313522	PRJNA714749	SRS8474097	SRP310910			Illumina NovaSeq 6000 sequencing: Ovary queenless workers - Colony C	Ovary queenless workers - Colony C	DNA methylation in the brain and ovary of Apis mellifera	Ovary queenless workers - Colony C	Ovary_QL_col.C	Bisulfite-Seq	GENOMIC	PAIRED	Illumina NovaSeq 6000	45785756	13735726800	Apis mellifera	2018-03-31	2021-03-19	2021-03-19		SRA1206734					RANDOM												4535662869.0				Dr. Carlos Cardoso Jr			Queenless Colony C	2842412796;2841978199	ILLUMINA				fasp.sra.ebi.ac.uk:/vol1/srr/SRR139/084/SRR13978584								female			ftp.sra.ebi.ac.uk/vol1/fastq/SRR139/084/SRR13978584/SRR13978584_1.fastq.gz;ftp.sra.ebi.ac.uk/vol1/fastq/SRR139/084/SRR13978584/SRR13978584_2.fastq.gz							Australia	Invertebrate	ftp.sra.ebi.ac.uk/vol1/srr/SRR139/084/SRR13978584		7b3d52246f6edf0d124e0fa7921803b9;52b0c153ca395e1c953a06b3d6736ec4							2018-03-31												Illumina NovaSeq 6000 sequencing: Ovary queenless workers - Colony C							3728377b637abdba090ecf4958c8d9d0		ftp.sra.ebi.ac.uk/vol1/fastq/SRR139/084/SRR13978584/SRR13978584_1.fastq.gz;ftp.sra.ebi.ac.uk/vol1/fastq/SRR139/084/SRR13978584/SRR13978584_2.fastq.gz									ftp.sra.ebi.ac.uk/vol1/srr/SRR139/084/SRR13978584																							public			fasp.sra.ebi.ac.uk:/vol1/fastq/SRR139/084/SRR13978584/SRR13978584_1.fastq.gz;fasp.sra.ebi.ac.uk:/vol1/fastq/SRR139/084/SRR13978584/SRR13978584_2.fastq.gz	1;131567;2759;33154;33208;6072;33213;33317;1206794;88770;6656;197563;197562;6960;50557;85512;7496;33340;33392;7399;7400;7434;34735;3042114;7458;70987;83321;7459;7460			Ovary_QL_col.C		2018-03-30			FCH3YT5DSXX_L3_APIohpMAAALAAA-39_1.fq.gz						Ovary_QL_col.C		SUB9294587					env_tax;env_tax:terrestrial	2021-03-19				7460.0									SRR13978584												PRJNA714749					Ovary	University of Sydney																																												
Unknown	no	no	no	no	unknown	intestine	SRR13991368	SRX10368851	SAMN18341574	PRJNA714749	SRS8483648	SRP310910			Illumina MiSeq sequencing: Ovary queenless workers - Colony E	Ovary queenless workers - Colony E	DNA methylation in the brain and ovary of Apis mellifera	Ovary queenless workers - Colony E	Ovary_QL_col.E	AMPLICON	GENOMIC	PAIRED	Illumina MiSeq	30100	9030000	Apis mellifera	2019-03-02	2021-03-19	2021-03-19		SRA1207471					PCR												3812457.0				Dr. Carlos Cardoso Jr			Queenright Colony E	1114281;1021929	ILLUMINA				fasp.sra.ebi.ac.uk:/vol1/srr/SRR139/068/SRR13991368								female			ftp.sra.ebi.ac.uk/vol1/fastq/SRR139/068/SRR13991368/SRR13991368_1.fastq.gz;ftp.sra.ebi.ac.uk/vol1/fastq/SRR139/068/SRR13991368/SRR13991368_2.fastq.gz							Australia	Invertebrate	ftp.sra.ebi.ac.uk/vol1/srr/SRR139/068/SRR13991368		19f6c2f4ed1c25d4075db818e90dc083;20e802bc7ee4a08da9f9c4faf6bc7d99							2019-03-02												Illumina MiSeq sequencing: Ovary queenless workers - Colony E							c4d32a37a4f26b6f3d2bcf730024f532		ftp.sra.ebi.ac.uk/vol1/fastq/SRR139/068/SRR13991368/SRR13991368_1.fastq.gz;ftp.sra.ebi.ac.uk/vol1/fastq/SRR139/068/SRR13991368/SRR13991368_2.fastq.gz									ftp.sra.ebi.ac.uk/vol1/srr/SRR139/068/SRR13991368																							public			fasp.sra.ebi.ac.uk:/vol1/fastq/SRR139/068/SRR13991368/SRR13991368_1.fastq.gz;fasp.sra.ebi.ac.uk:/vol1/fastq/SRR139/068/SRR13991368/SRR13991368_2.fastq.gz	1;131567;2759;33154;33208;6072;33213;33317;1206794;88770;6656;197563;197562;6960;50557;85512;7496;33340;33392;7399;7400;7434;34735;3042114;7458;70987;83321;7459;7460			Ovary_Queenless_col.E		2019-03-02			Ov_E_m_1_R1.fastq.gz						Ovary_QL_col.E		SUB9308602					env_tax;env_tax:terrestrial	2021-03-19				7460.0									SRR13991368												PRJNA714749					Ovary	University of Sydney																																												
Unknown	no	no	no	no	unknown	intestine	SRR13991369	SRX10368850	SAMN18341575	PRJNA714749	SRS8483647	SRP310910			Illumina MiSeq sequencing: Ovary queenright workers - Colony E	Ovary queenright workers - Colony E	DNA methylation in the brain and ovary of Apis mellifera	Ovary queenright workers - Colony E	Ovary_QR_col.E	AMPLICON	GENOMIC	PAIRED	Illumina MiSeq	29820	8946000	Apis mellifera	2019-03-02	2021-03-19	2021-03-19		SRA1207471					PCR												3837997.0				Dr. Carlos Cardoso Jr			Queenless Colony E	1120475;1088537	ILLUMINA				fasp.sra.ebi.ac.uk:/vol1/srr/SRR139/069/SRR13991369								female			ftp.sra.ebi.ac.uk/vol1/fastq/SRR139/069/SRR13991369/SRR13991369_1.fastq.gz;ftp.sra.ebi.ac.uk/vol1/fastq/SRR139/069/SRR13991369/SRR13991369_2.fastq.gz							Australia	Invertebrate	ftp.sra.ebi.ac.uk/vol1/srr/SRR139/069/SRR13991369		d381735aeff8c5eb135e11beec9a482a;806f4de599faee4a197853b07685acb7							2019-03-02												Illumina MiSeq sequencing: Ovary queenright workers - Colony E							706f9b543023ce767d536b8f2eb0e3e6		ftp.sra.ebi.ac.uk/vol1/fastq/SRR139/069/SRR13991369/SRR13991369_1.fastq.gz;ftp.sra.ebi.ac.uk/vol1/fastq/SRR139/069/SRR13991369/SRR13991369_2.fastq.gz									ftp.sra.ebi.ac.uk/vol1/srr/SRR139/069/SRR13991369																							public			fasp.sra.ebi.ac.uk:/vol1/fastq/SRR139/069/SRR13991369/SRR13991369_1.fastq.gz;fasp.sra.ebi.ac.uk:/vol1/fastq/SRR139/069/SRR13991369/SRR13991369_2.fastq.gz	1;131567;2759;33154;33208;6072;33213;33317;1206794;88770;6656;197563;197562;6960;50557;85512;7496;33340;33392;7399;7400;7434;34735;3042114;7458;70987;83321;7459;7460			Ovary_Queenright_col.E		2019-03-02			Ov_E_p_1_R1.fastq.gz						Ovary_QR_col.E		SUB9308602					env_tax;env_tax:terrestrial	2021-03-19				7460.0									SRR13991369												PRJNA714749					Ovary	University of Sydney																																												
Unknown	no	no	no	no	unknown	intestine	SRR13991370	SRX10368849	SAMN18313518	PRJNA714749	SRS8474103	SRP310910			Illumina MiSeq sequencing: Ovary queenless workers - Colony A	Ovary queenless workers - Colony A	DNA methylation in the brain and ovary of Apis mellifera	Ovary queenless workers - Colony A	Ovary_QL_col.A	AMPLICON	GENOMIC	PAIRED	Illumina MiSeq	45676	13702800	Apis mellifera	2018-03-31	2021-03-19	2021-03-19		SRA1207471					PCR												5755500.0				Dr. Carlos Cardoso Jr			Queenless Colony A	1632768;1589104	ILLUMINA				fasp.sra.ebi.ac.uk:/vol1/srr/SRR139/070/SRR13991370								female			ftp.sra.ebi.ac.uk/vol1/fastq/SRR139/070/SRR13991370/SRR13991370_1.fastq.gz;ftp.sra.ebi.ac.uk/vol1/fastq/SRR139/070/SRR13991370/SRR13991370_2.fastq.gz							Australia	Invertebrate	ftp.sra.ebi.ac.uk/vol1/srr/SRR139/070/SRR13991370		8b0249a9f953daaeaad008e19f45203d;2feeeb216c39eef7667c68fc84eb7d66							2018-03-31												Illumina MiSeq sequencing: Ovary queenless workers - Colony A							97a775f861c6b51c99fe1ddddd1958c2		ftp.sra.ebi.ac.uk/vol1/fastq/SRR139/070/SRR13991370/SRR13991370_1.fastq.gz;ftp.sra.ebi.ac.uk/vol1/fastq/SRR139/070/SRR13991370/SRR13991370_2.fastq.gz									ftp.sra.ebi.ac.uk/vol1/srr/SRR139/070/SRR13991370																							public			fasp.sra.ebi.ac.uk:/vol1/fastq/SRR139/070/SRR13991370/SRR13991370_1.fastq.gz;fasp.sra.ebi.ac.uk:/vol1/fastq/SRR139/070/SRR13991370/SRR13991370_2.fastq.gz	1;131567;2759;33154;33208;6072;33213;33317;1206794;88770;6656;197563;197562;6960;50557;85512;7496;33340;33392;7399;7400;7434;34735;3042114;7458;70987;83321;7459;7460			Ovary_QL_col.A		2018-03-30			Ov_A_m_1_R1.fastq.gz						Ovary_QL_col.A		SUB9308602					env_tax;env_tax:terrestrial	2021-03-19				7460.0									SRR13991370												PRJNA714749					Ovary	University of Sydney																																												
Unknown	no	no	no	no	unknown	intestine	SRR13991371	SRX10368848	SAMN18313519	PRJNA714749	SRS8474107	SRP310910			Illumina MiSeq sequencing: Ovary queenright workers - Colony A	Ovary queenright workers - Colony A	DNA methylation in the brain and ovary of Apis mellifera	Ovary queenright workers - Colony A	Ovary_QR_col.A	AMPLICON	GENOMIC	PAIRED	Illumina MiSeq	33347	10004100	Apis mellifera	2018-03-31	2021-03-19	2021-03-19		SRA1207471					PCR												4315086.0				Dr. Carlos Cardoso Jr			Queenright Colony A	1292942;1256550	ILLUMINA				fasp.sra.ebi.ac.uk:/vol1/srr/SRR139/071/SRR13991371								female			ftp.sra.ebi.ac.uk/vol1/fastq/SRR139/071/SRR13991371/SRR13991371_1.fastq.gz;ftp.sra.ebi.ac.uk/vol1/fastq/SRR139/071/SRR13991371/SRR13991371_2.fastq.gz							Australia	Invertebrate	ftp.sra.ebi.ac.uk/vol1/srr/SRR139/071/SRR13991371		2a94ea401c334655928f3dc4dda4aae5;40a8694bddb847ac4f5df2baad0c6b3b							2018-03-31												Illumina MiSeq sequencing: Ovary queenright workers - Colony A							0c981aba80cc020e8f94a9caa219b3cb		ftp.sra.ebi.ac.uk/vol1/fastq/SRR139/071/SRR13991371/SRR13991371_1.fastq.gz;ftp.sra.ebi.ac.uk/vol1/fastq/SRR139/071/SRR13991371/SRR13991371_2.fastq.gz									ftp.sra.ebi.ac.uk/vol1/srr/SRR139/071/SRR13991371																							public			fasp.sra.ebi.ac.uk:/vol1/fastq/SRR139/071/SRR13991371/SRR13991371_1.fastq.gz;fasp.sra.ebi.ac.uk:/vol1/fastq/SRR139/071/SRR13991371/SRR13991371_2.fastq.gz	1;131567;2759;33154;33208;6072;33213;33317;1206794;88770;6656;197563;197562;6960;50557;85512;7496;33340;33392;7399;7400;7434;34735;3042114;7458;70987;83321;7459;7460			Ovary_QR_col.A		2018-03-30			Ov_A_p_1_R1.fastq.gz						Ovary_QR_col.A		SUB9308602					env_tax;env_tax:terrestrial	2021-03-19				7460.0									SRR13991371												PRJNA714749					Ovary	University of Sydney																																												
Unknown	no	no	no	no	unknown	intestine	SRR13991375	SRX10368844	SAMN18341572	PRJNA714749	SRS8483643	SRP310910			Illumina MiSeq sequencing: Ovary queenless workers - Colony D	Ovary queenless workers - Colony D	DNA methylation in the brain and ovary of Apis mellifera	Ovary queenless workers - Colony D	Ovary_QL_col.D	AMPLICON	GENOMIC	PAIRED	Illumina MiSeq	42165	12649500	Apis mellifera	2019-03-02	2021-03-19	2021-03-19		SRA1207471					PCR												5329539.0				Dr. Carlos Cardoso Jr			Queenright Colony D	1593206;1455987	ILLUMINA				fasp.sra.ebi.ac.uk:/vol1/srr/SRR139/075/SRR13991375								female			ftp.sra.ebi.ac.uk/vol1/fastq/SRR139/075/SRR13991375/SRR13991375_1.fastq.gz;ftp.sra.ebi.ac.uk/vol1/fastq/SRR139/075/SRR13991375/SRR13991375_2.fastq.gz							Australia	Invertebrate	ftp.sra.ebi.ac.uk/vol1/srr/SRR139/075/SRR13991375		ca7746f63a0f5b23d952f9e67c07e2d4;f2773b8ee75a53cf5a945c51f752a842							2019-03-02												Illumina MiSeq sequencing: Ovary queenless workers - Colony D							6c156d015b60d88447988ca06363f4c8		ftp.sra.ebi.ac.uk/vol1/fastq/SRR139/075/SRR13991375/SRR13991375_1.fastq.gz;ftp.sra.ebi.ac.uk/vol1/fastq/SRR139/075/SRR13991375/SRR13991375_2.fastq.gz									ftp.sra.ebi.ac.uk/vol1/srr/SRR139/075/SRR13991375																							public			fasp.sra.ebi.ac.uk:/vol1/fastq/SRR139/075/SRR13991375/SRR13991375_1.fastq.gz;fasp.sra.ebi.ac.uk:/vol1/fastq/SRR139/075/SRR13991375/SRR13991375_2.fastq.gz	1;131567;2759;33154;33208;6072;33213;33317;1206794;88770;6656;197563;197562;6960;50557;85512;7496;33340;33392;7399;7400;7434;34735;3042114;7458;70987;83321;7459;7460			Ovary_Queenless_col.D		2019-03-02			Ov_D_m_1_R1.fastq.gz						Ovary_QL_col.D		SUB9308602					env_tax;env_tax:terrestrial	2021-03-19				7460.0									SRR13991375												PRJNA714749					Ovary	University of Sydney																																												
Unknown	no	no	no	no	unknown	intestine	SRR13991376	SRX10368843	SAMN18341573	PRJNA714749	SRS8483642	SRP310910			Illumina MiSeq sequencing: Ovary queenright workers - Colony D	Ovary queenright workers - Colony D	DNA methylation in the brain and ovary of Apis mellifera	Ovary queenright workers - Colony D	Ovary_QR_col.D	AMPLICON	GENOMIC	PAIRED	Illumina MiSeq	30724	9217200	Apis mellifera	2019-03-02	2021-03-19	2021-03-19		SRA1207471					PCR												3901833.0				Dr. Carlos Cardoso Jr			Queenless Colony D	1135943;1063506	ILLUMINA				fasp.sra.ebi.ac.uk:/vol1/srr/SRR139/076/SRR13991376								female			ftp.sra.ebi.ac.uk/vol1/fastq/SRR139/076/SRR13991376/SRR13991376_1.fastq.gz;ftp.sra.ebi.ac.uk/vol1/fastq/SRR139/076/SRR13991376/SRR13991376_2.fastq.gz							Australia	Invertebrate	ftp.sra.ebi.ac.uk/vol1/srr/SRR139/076/SRR13991376		26d2883b67a3ae80083090871e21e27c;854958e5fb45ec97350d9aefbe3d3474							2019-03-02												Illumina MiSeq sequencing: Ovary queenright workers - Colony D							44edb6849d239729d10025767387820b		ftp.sra.ebi.ac.uk/vol1/fastq/SRR139/076/SRR13991376/SRR13991376_1.fastq.gz;ftp.sra.ebi.ac.uk/vol1/fastq/SRR139/076/SRR13991376/SRR13991376_2.fastq.gz									ftp.sra.ebi.ac.uk/vol1/srr/SRR139/076/SRR13991376																							public			fasp.sra.ebi.ac.uk:/vol1/fastq/SRR139/076/SRR13991376/SRR13991376_1.fastq.gz;fasp.sra.ebi.ac.uk:/vol1/fastq/SRR139/076/SRR13991376/SRR13991376_2.fastq.gz	1;131567;2759;33154;33208;6072;33213;33317;1206794;88770;6656;197563;197562;6960;50557;85512;7496;33340;33392;7399;7400;7434;34735;3042114;7458;70987;83321;7459;7460			Ovary_Queenright_col.D		2019-03-02			Ov_D_p_1_R1.fastq.gz						Ovary_QR_col.D		SUB9308602					env_tax;env_tax:terrestrial	2021-03-19				7460.0									SRR13991376												PRJNA714749					Ovary	University of Sydney																																												
Unknown	no	no	no	no	unknown	intestine	SRR13991378	SRX10368841	SAMN18341576	PRJNA714749	SRS8483641	SRP310910			Illumina MiSeq sequencing: Ovary queenless workers - Colony F	Ovary queenless workers - Colony F	DNA methylation in the brain and ovary of Apis mellifera	Ovary queenless workers - Colony F	Ovary_QL_col.F	AMPLICON	GENOMIC	PAIRED	Illumina MiSeq	42711	12813300	Apis mellifera	2019-03-02	2021-03-19	2021-03-19		SRA1207471					PCR												5385664.0				Dr. Carlos Cardoso Jr			Queenright Colony F	1604512;1478769	ILLUMINA				fasp.sra.ebi.ac.uk:/vol1/srr/SRR139/078/SRR13991378								female			ftp.sra.ebi.ac.uk/vol1/fastq/SRR139/078/SRR13991378/SRR13991378_1.fastq.gz;ftp.sra.ebi.ac.uk/vol1/fastq/SRR139/078/SRR13991378/SRR13991378_2.fastq.gz							Australia	Invertebrate	ftp.sra.ebi.ac.uk/vol1/srr/SRR139/078/SRR13991378		8068c814568358dacbb9440274d11bc1;a52e301920c89c6308aa4b36623f7c95							2019-03-02												Illumina MiSeq sequencing: Ovary queenless workers - Colony F							5f433b30bffd607d09fec6849e6426a2		ftp.sra.ebi.ac.uk/vol1/fastq/SRR139/078/SRR13991378/SRR13991378_1.fastq.gz;ftp.sra.ebi.ac.uk/vol1/fastq/SRR139/078/SRR13991378/SRR13991378_2.fastq.gz									ftp.sra.ebi.ac.uk/vol1/srr/SRR139/078/SRR13991378																							public			fasp.sra.ebi.ac.uk:/vol1/fastq/SRR139/078/SRR13991378/SRR13991378_1.fastq.gz;fasp.sra.ebi.ac.uk:/vol1/fastq/SRR139/078/SRR13991378/SRR13991378_2.fastq.gz	1;131567;2759;33154;33208;6072;33213;33317;1206794;88770;6656;197563;197562;6960;50557;85512;7496;33340;33392;7399;7400;7434;34735;3042114;7458;70987;83321;7459;7460			Ovary_Queenless_col.F		2019-03-02			Ov_F_m_1_R1.fastq.gz						Ovary_QL_col.F		SUB9308602					env_tax;env_tax:terrestrial	2021-03-19				7460.0									SRR13991378												PRJNA714749					Ovary	University of Sydney																																												
Unknown	no	no	no	no	unknown	intestine	SRR13991382	SRX10368837	SAMN18313520	PRJNA714749	SRS8474106	SRP310910			Illumina MiSeq sequencing: Ovary queenless workers - Colony B	Ovary queenless workers - Colony B	DNA methylation in the brain and ovary of Apis mellifera	Ovary queenless workers - Colony B	Ovary_QL_col.B	AMPLICON	GENOMIC	PAIRED	Illumina MiSeq	33983	10194900	Apis mellifera	2018-03-31	2021-03-19	2021-03-19		SRA1207471					PCR												4242406.0				Dr. Carlos Cardoso Jr			Queenless Colony B	1241074;1115429	ILLUMINA				fasp.sra.ebi.ac.uk:/vol1/srr/SRR139/082/SRR13991382								female			ftp.sra.ebi.ac.uk/vol1/fastq/SRR139/082/SRR13991382/SRR13991382_1.fastq.gz;ftp.sra.ebi.ac.uk/vol1/fastq/SRR139/082/SRR13991382/SRR13991382_2.fastq.gz							Australia	Invertebrate	ftp.sra.ebi.ac.uk/vol1/srr/SRR139/082/SRR13991382		6c984955c12c2cc6182312efe8ef951c;673885f5f52be7533181a368b6825819							2018-03-31												Illumina MiSeq sequencing: Ovary queenless workers - Colony B							e06174c0f4ee7a0a2fb8f16795ba62aa		ftp.sra.ebi.ac.uk/vol1/fastq/SRR139/082/SRR13991382/SRR13991382_1.fastq.gz;ftp.sra.ebi.ac.uk/vol1/fastq/SRR139/082/SRR13991382/SRR13991382_2.fastq.gz									ftp.sra.ebi.ac.uk/vol1/srr/SRR139/082/SRR13991382																							public			fasp.sra.ebi.ac.uk:/vol1/fastq/SRR139/082/SRR13991382/SRR13991382_1.fastq.gz;fasp.sra.ebi.ac.uk:/vol1/fastq/SRR139/082/SRR13991382/SRR13991382_2.fastq.gz	1;131567;2759;33154;33208;6072;33213;33317;1206794;88770;6656;197563;197562;6960;50557;85512;7496;33340;33392;7399;7400;7434;34735;3042114;7458;70987;83321;7459;7460			Ovary_QL_col.B		2018-03-30			Ov_B_m_1_R1.fastq.gz						Ovary_QL_col.B		SUB9308602					env_tax;env_tax:terrestrial	2021-03-19				7460.0									SRR13991382												PRJNA714749					Ovary	University of Sydney																																												
Unknown	no	no	no	no	unknown	intestine	SRR13991383	SRX10368836	SAMN18313521	PRJNA714749	SRS8474108	SRP310910			Illumina MiSeq sequencing: Ovary queenright workers - Colony B	Ovary queenright workers - Colony B	DNA methylation in the brain and ovary of Apis mellifera	Ovary queenright workers - Colony B	Ovary_QR_col.B	AMPLICON	GENOMIC	PAIRED	Illumina MiSeq	29414	8824200	Apis mellifera	2018-03-31	2021-03-19	2021-03-19		SRA1207471					PCR												3704191.0				Dr. Carlos Cardoso Jr			Queenright Colony B	1073207;983073	ILLUMINA				fasp.sra.ebi.ac.uk:/vol1/srr/SRR139/083/SRR13991383								female			ftp.sra.ebi.ac.uk/vol1/fastq/SRR139/083/SRR13991383/SRR13991383_1.fastq.gz;ftp.sra.ebi.ac.uk/vol1/fastq/SRR139/083/SRR13991383/SRR13991383_2.fastq.gz							Australia	Invertebrate	ftp.sra.ebi.ac.uk/vol1/srr/SRR139/083/SRR13991383		0bba518a4d8770dae98293621392704f;98e0cdad7d99176edb827aebc9b64556							2018-03-31												Illumina MiSeq sequencing: Ovary queenright workers - Colony B							51ee41fd47dd022a05ffeec1cb87a9b3		ftp.sra.ebi.ac.uk/vol1/fastq/SRR139/083/SRR13991383/SRR13991383_1.fastq.gz;ftp.sra.ebi.ac.uk/vol1/fastq/SRR139/083/SRR13991383/SRR13991383_2.fastq.gz									ftp.sra.ebi.ac.uk/vol1/srr/SRR139/083/SRR13991383																							public			fasp.sra.ebi.ac.uk:/vol1/fastq/SRR139/083/SRR13991383/SRR13991383_1.fastq.gz;fasp.sra.ebi.ac.uk:/vol1/fastq/SRR139/083/SRR13991383/SRR13991383_2.fastq.gz	1;131567;2759;33154;33208;6072;33213;33317;1206794;88770;6656;197563;197562;6960;50557;85512;7496;33340;33392;7399;7400;7434;34735;3042114;7458;70987;83321;7459;7460			Ovary_QR_col.B		2018-03-30			Ov_B_p_1_R1.fastq.gz						Ovary_QR_col.B		SUB9308602					env_tax;env_tax:terrestrial	2021-03-19				7460.0									SRR13991383												PRJNA714749					Ovary	University of Sydney																																												
Unknown	no	no	no	no	unknown	intestine	SRR13991384	SRX10368835	SAMN18341577	PRJNA714749	SRS8483640	SRP310910			Illumina MiSeq sequencing: Ovary queenright workers - Colony F	Ovary queenright workers - Colony F	DNA methylation in the brain and ovary of Apis mellifera	Ovary queenright workers - Colony F	Ovary_QR_col.F	AMPLICON	GENOMIC	PAIRED	Illumina MiSeq	16670	5001000	Apis mellifera	2019-03-02	2021-03-19	2021-03-19		SRA1207471					PCR												2169255.0				Dr. Carlos Cardoso Jr			Queenless Colony F	627941;594660	ILLUMINA				fasp.sra.ebi.ac.uk:/vol1/srr/SRR139/084/SRR13991384								female			ftp.sra.ebi.ac.uk/vol1/fastq/SRR139/084/SRR13991384/SRR13991384_1.fastq.gz;ftp.sra.ebi.ac.uk/vol1/fastq/SRR139/084/SRR13991384/SRR13991384_2.fastq.gz							Australia	Invertebrate	ftp.sra.ebi.ac.uk/vol1/srr/SRR139/084/SRR13991384		2ba28ea5853cd87ebb5fb8e4d319391c;cbaef85ee4ab32c839cdd86c1009cc93							2019-03-02												Illumina MiSeq sequencing: Ovary queenright workers - Colony F							b9162dc8920f54d5ac90b25c1df1bebe		ftp.sra.ebi.ac.uk/vol1/fastq/SRR139/084/SRR13991384/SRR13991384_1.fastq.gz;ftp.sra.ebi.ac.uk/vol1/fastq/SRR139/084/SRR13991384/SRR13991384_2.fastq.gz									ftp.sra.ebi.ac.uk/vol1/srr/SRR139/084/SRR13991384																							public			fasp.sra.ebi.ac.uk:/vol1/fastq/SRR139/084/SRR13991384/SRR13991384_1.fastq.gz;fasp.sra.ebi.ac.uk:/vol1/fastq/SRR139/084/SRR13991384/SRR13991384_2.fastq.gz	1;131567;2759;33154;33208;6072;33213;33317;1206794;88770;6656;197563;197562;6960;50557;85512;7496;33340;33392;7399;7400;7434;34735;3042114;7458;70987;83321;7459;7460			Ovary_Queenright_col.F		2019-03-02			Ov_F_p_1_R1.fastq.gz						Ovary_QR_col.F		SUB9308602					env_tax;env_tax:terrestrial	2021-03-19				7460.0									SRR13991384												PRJNA714749					Ovary	University of Sydney																																												
Unknown	no	no	no	no	unknown	intestine	SRR13991388	SRX10368831	SAMN18313523	PRJNA714749	SRS8474099	SRP310910			Illumina MiSeq sequencing: Ovary queenright workers - Colony C	Ovary queenright workers - Colony C	DNA methylation in the brain and ovary of Apis mellifera	Ovary queenright workers - Colony C	Ovary_QR_col.C	AMPLICON	GENOMIC	PAIRED	Illumina MiSeq	24887	7466100	Apis mellifera	2018-03-31	2021-03-19	2021-03-19		SRA1207471					PCR												3158912.0				Dr. Carlos Cardoso Jr			Queenright Colony C	922915;834166	ILLUMINA				fasp.sra.ebi.ac.uk:/vol1/srr/SRR139/088/SRR13991388								female			ftp.sra.ebi.ac.uk/vol1/fastq/SRR139/088/SRR13991388/SRR13991388_1.fastq.gz;ftp.sra.ebi.ac.uk/vol1/fastq/SRR139/088/SRR13991388/SRR13991388_2.fastq.gz							Australia	Invertebrate	ftp.sra.ebi.ac.uk/vol1/srr/SRR139/088/SRR13991388		18f8759c22c164993b1a96b6cde2b8f3;48ad5caab396be7efe3680c795f6108b							2018-03-31												Illumina MiSeq sequencing: Ovary queenright workers - Colony C							1db27a9f1a070c29e46db67a25349e7f		ftp.sra.ebi.ac.uk/vol1/fastq/SRR139/088/SRR13991388/SRR13991388_1.fastq.gz;ftp.sra.ebi.ac.uk/vol1/fastq/SRR139/088/SRR13991388/SRR13991388_2.fastq.gz									ftp.sra.ebi.ac.uk/vol1/srr/SRR139/088/SRR13991388																							public			fasp.sra.ebi.ac.uk:/vol1/fastq/SRR139/088/SRR13991388/SRR13991388_1.fastq.gz;fasp.sra.ebi.ac.uk:/vol1/fastq/SRR139/088/SRR13991388/SRR13991388_2.fastq.gz	1;131567;2759;33154;33208;6072;33213;33317;1206794;88770;6656;197563;197562;6960;50557;85512;7496;33340;33392;7399;7400;7434;34735;3042114;7458;70987;83321;7459;7460			Ovary_QR_col.C		2018-03-30			Ov_C_p_1_R1.fastq.gz						Ovary_QR_col.C		SUB9308602					env_tax;env_tax:terrestrial	2021-03-19				7460.0									SRR13991388												PRJNA714749					Ovary	University of Sydney																																												
Unknown	no	no	no	no	unknown	intestine	SRR13991389	SRX10368830	SAMN18313522	PRJNA714749	SRS8474097	SRP310910			Illumina MiSeq sequencing: Ovary queenless workers - Colony C	Ovary queenless workers - Colony C	DNA methylation in the brain and ovary of Apis mellifera	Ovary queenless workers - Colony C	Ovary_QL_col.C	AMPLICON	GENOMIC	PAIRED	Illumina MiSeq	43224	12967200	Apis mellifera	2018-03-31	2021-03-19	2021-03-19		SRA1207471					PCR												5442031.0				Dr. Carlos Cardoso Jr			Queenless Colony C	1536314;1519733	ILLUMINA				fasp.sra.ebi.ac.uk:/vol1/srr/SRR139/089/SRR13991389								female			ftp.sra.ebi.ac.uk/vol1/fastq/SRR139/089/SRR13991389/SRR13991389_1.fastq.gz;ftp.sra.ebi.ac.uk/vol1/fastq/SRR139/089/SRR13991389/SRR13991389_2.fastq.gz							Australia	Invertebrate	ftp.sra.ebi.ac.uk/vol1/srr/SRR139/089/SRR13991389		06d6556956cf6295748623eddbd656b9;a353ddcbd1f368687143ee542dee7d1e							2018-03-31												Illumina MiSeq sequencing: Ovary queenless workers - Colony C							6f1de4595fe7b26982ca9ed8bfaa4666		ftp.sra.ebi.ac.uk/vol1/fastq/SRR139/089/SRR13991389/SRR13991389_1.fastq.gz;ftp.sra.ebi.ac.uk/vol1/fastq/SRR139/089/SRR13991389/SRR13991389_2.fastq.gz									ftp.sra.ebi.ac.uk/vol1/srr/SRR139/089/SRR13991389																							public			fasp.sra.ebi.ac.uk:/vol1/fastq/SRR139/089/SRR13991389/SRR13991389_1.fastq.gz;fasp.sra.ebi.ac.uk:/vol1/fastq/SRR139/089/SRR13991389/SRR13991389_2.fastq.gz	1;131567;2759;33154;33208;6072;33213;33317;1206794;88770;6656;197563;197562;6960;50557;85512;7496;33340;33392;7399;7400;7434;34735;3042114;7458;70987;83321;7459;7460			Ovary_QL_col.C		2018-03-30			Ov_C_m_1_R1.fastq.gz						Ovary_QL_col.C		SUB9308602					env_tax;env_tax:terrestrial	2021-03-19				7460.0									SRR13991389												PRJNA714749					Ovary	University of Sydney																																												
Normal	no	no	yes	no	unknown	ovary	SRR17698005	SRX13861108	SAMN25162126	PRJNA799392	SRS11735240	SRP356206			Illumina HiSeq 2000 sequencing: GSM5830454: ovary tissue-H3K4me3 Mus musculus ChIP-Seq	ovary tissue-H3K4me3	Genome-wide maps of chromatin state in Wild Type mouse ovary	ovary tissue-H3K4me3	GSM5830454	ChIP-Seq	GENOMIC	PAIRED	Illumina HiSeq 2000	100591919	30177575700	Mus musculus		2022-09-01	2022-09-03	Genome-wide maps of chromatin state in Wild Type mouse ovary	SRA1360111					ChIP												11831370927.0								7518342800;8255034593	ILLUMINA				fasp.sra.ebi.ac.uk:/vol1/srr/SRR176/005/SRR17698005											ftp.sra.ebi.ac.uk/vol1/fastq/SRR176/005/SRR17698005/SRR17698005_1.fastq.gz;ftp.sra.ebi.ac.uk/vol1/fastq/SRR176/005/SRR17698005/SRR17698005_2.fastq.gz								Generic	ftp.sra.ebi.ac.uk/vol1/srr/SRR176/005/SRR17698005		a5553093fd86c99a2f812ed5cf8ead69;b76fdf12050fa698a52483cad43c1048																			Illumina HiSeq 2000 sequencing: GSM5830454: ovary tissue-H3K4me3 Mus musculus ChIP-Seq							afb9a5acba4d81846f78bc3054e668b2		ftp.sra.ebi.ac.uk/vol1/fastq/SRR176/005/SRR17698005/SRR17698005_1.fastq.gz;ftp.sra.ebi.ac.uk/vol1/fastq/SRR176/005/SRR17698005/SRR17698005_2.fastq.gz									ftp.sra.ebi.ac.uk/vol1/srr/SRR176/005/SRR17698005																							public			fasp.sra.ebi.ac.uk:/vol1/fastq/SRR176/005/SRR17698005/SRR17698005_1.fastq.gz;fasp.sra.ebi.ac.uk:/vol1/fastq/SRR176/005/SRR17698005/SRR17698005_2.fastq.gz	1;131567;2759;33154;33208;6072;33213;33511;7711;89593;7742;7776;117570;117571;8287;1338369;32523;32524;40674;32525;9347;1437010;314146;314147;9989;1963758;337687;10066;39107;10088;862507;10090			GSM5830454					GSM5830454_r1				Lysates were clarified from sonicated nuclei and histone-DNA complexes were isolated with antibody. Preparation of the sequencing libraries of the DNA samples from IP and inputs was precisely followed the instructions of Illumina at Genergy Biotechnology Microarray Core Facility. Libraries were sequenced on the Illumina HiSeq 2000 following the manufacturer's protocols.		GSM5830454_r1							env_tax;env_tax:terrestrial	2022-09-01		C57BL/6 J		10090.0									SRR17698005												GSE194195					ovary																																													
Unknown	no	no	no	no	unknown	ovary	SRR185872	SRX057734	SAMN00259655	PRJNA80033	SRS188742	SRP006414			454 GS FLX sequencing: Transcriptome analysis of Cotesi plutellae ovary	Transcriptome of C pltellae ovary	Transcriptome of Cotesia plutellae ovary	the oroginal name of the insect is Cotesia plutellae. the taxanomic ID was not found in the NCBI	C plutella Ovary	EST	TRANSCRIPTOMIC	SINGLE	454 GS FLX	57200	33253438	Cotesia vestalis		2011-08-05	2015-06-19	Cotesia vestalis	SRA035357					cDNA												75181704.0								16300834	LS454				fasp.sra.ebi.ac.uk:/vol1/srr/SRR185/SRR185872											ftp.sra.ebi.ac.uk/vol1/fastq/SRR185/SRR185872/SRR185872.fastq.gz								Generic	ftp.sra.ebi.ac.uk/vol1/srr/SRR185/SRR185872		bdd274106cad345e4ffd2411a5399de2																			454 GS FLX sequencing: Transcriptome analysis of Cotesi plutellae ovary							68ee9d4692f6e81efb71035a4a7c1af9		ftp.sra.ebi.ac.uk/vol1/fastq/SRR185/SRR185872/SRR185872.fastq.gz									ftp.sra.ebi.ac.uk/vol1/srr/SRR185/SRR185872																							public			fasp.sra.ebi.ac.uk:/vol1/fastq/SRR185/SRR185872/SRR185872.fastq.gz	1;131567;2759;33154;33208;6072;33213;33317;1206794;88770;6656;197563;197562;6960;50557;85512;7496;33340;33392;7399;7400;7401;7402;65207;32390;217443			CplutellaeOvary					C plutellae						C plutella Ovary		Andong National University						2011-08-05				217443.0									SRR185872												CplutellaeOvary																																																		
Unknown	no	no	no	no	unknown	ovary	SRR19318036	SRX15378107	SAMN28550003	PRJNA839733	SRS13107013	SRP376150			NextSeq 550 sequencing: GSM6170885: Ovary Input 2 Mus musculus ChIP-Seq	Ovary Input 2	Deciphering the endogenous cistrome and transcriptome of estrogen receptor beta in ovary	Ovary Input 2	GSM6170885	ChIP-Seq	GENOMIC	SINGLE	NextSeq 550	109741767	8230632525	Mus musculus	missing	2023-11-19	2023-11-19	Deciphering the endogenous cistrome and transcriptome of estrogen receptor beta in ovary	SRA1423013					ChIP												2068893718.0								3347161375	ILLUMINA				fasp.sra.ebi.ac.uk:/vol1/srr/SRR193/036/SRR19318036/SRR19318036.lite											ftp.sra.ebi.ac.uk/vol1/fastq/SRR193/036/SRR19318036/SRR19318036.fastq.gz							missing	Generic	ftp.sra.ebi.ac.uk/vol1/srr/SRR193/036/SRR19318036/SRR19318036.lite		324e96824cd20fb69cdc9466d03eebd8																			NextSeq 550 sequencing: GSM6170885: Ovary Input 2 Mus musculus ChIP-Seq							15fb85701a9407c9e4e48eb14cf9172d		ftp.sra.ebi.ac.uk/vol1/fastq/SRR193/036/SRR19318036/SRR19318036.fastq.gz									ftp.sra.ebi.ac.uk/vol1/srr/SRR193/036/SRR19318036/SRR19318036.lite																							public			fasp.sra.ebi.ac.uk:/vol1/fastq/SRR193/036/SRR19318036/SRR19318036.fastq.gz	1;131567;2759;33154;33208;6072;33213;33511;7711;89593;7742;7776;117570;117571;8287;1338369;32523;32524;40674;32525;9347;1437010;314146;314147;9989;1963758;337687;10066;39107;10088;862507;10090			GSM6170885					GSM6170885_r1				Cells were incubated with LB1, LB2 buffers to separate nuclear chormatin fractions and immunoprecipitated with ERβ anitbody. The libraries of ChIP DNA were prepared by using the kit NEB Next Ultra II DNA Library Prep Kit for Illumina following user instrcutions		GSM6170885_r1							env_tax;env_tax:terrestrial	2023-11-19		C57BL/6J		10090.0									SRR19318036												GSE203391					ovary																																													
Unknown	no	no	no	no	unknown	ovary	SRR19318037	SRX15378106	SAMN28550004	PRJNA839733	SRS13107011	SRP376150			NextSeq 550 sequencing: GSM6170884: Ovary Input 1 Mus musculus ChIP-Seq	Ovary Input 1	Deciphering the endogenous cistrome and transcriptome of estrogen receptor beta in ovary	Ovary Input 1	GSM6170884	ChIP-Seq	GENOMIC	SINGLE	NextSeq 550	64296473	4822235475	Mus musculus	missing	2023-11-19	2023-11-19	Deciphering the endogenous cistrome and transcriptome of estrogen receptor beta in ovary	SRA1423013					ChIP												1212453132.0								1938211419	ILLUMINA				fasp.sra.ebi.ac.uk:/vol1/srr/SRR193/037/SRR19318037/SRR19318037.lite											ftp.sra.ebi.ac.uk/vol1/fastq/SRR193/037/SRR19318037/SRR19318037.fastq.gz							missing	Generic	ftp.sra.ebi.ac.uk/vol1/srr/SRR193/037/SRR19318037/SRR19318037.lite		0fc447714025d6b4586e30c33dbab6fc																			NextSeq 550 sequencing: GSM6170884: Ovary Input 1 Mus musculus ChIP-Seq							4aedebf95775facc4cf6cb9d3f81062a		ftp.sra.ebi.ac.uk/vol1/fastq/SRR193/037/SRR19318037/SRR19318037.fastq.gz									ftp.sra.ebi.ac.uk/vol1/srr/SRR193/037/SRR19318037/SRR19318037.lite																							public			fasp.sra.ebi.ac.uk:/vol1/fastq/SRR193/037/SRR19318037/SRR19318037.fastq.gz	1;131567;2759;33154;33208;6072;33213;33511;7711;89593;7742;7776;117570;117571;8287;1338369;32523;32524;40674;32525;9347;1437010;314146;314147;9989;1963758;337687;10066;39107;10088;862507;10090			GSM6170884					GSM6170884_r1				Cells were incubated with LB1, LB2 buffers to separate nuclear chormatin fractions and immunoprecipitated with ERβ anitbody. The libraries of ChIP DNA were prepared by using the kit NEB Next Ultra II DNA Library Prep Kit for Illumina following user instrcutions		GSM6170884_r1							env_tax;env_tax:terrestrial	2023-11-19		C57BL/6J		10090.0									SRR19318037												GSE203391					ovary																																													
Tumor	no	no	no	no	unknown	ovary	SRR20073577	SRX16111607	SAMN29625747	PRJNA857435	SRS13774355	SRP385761			Illumina HiSeq 4000 sequencing: GSM6321084: Ovary, tumor, rep 2 Drosophila melanogaster RNA-Seq	Ovary, tumor, rep 2	Systemic coagulopathy promotes host lethality in a new Drosophila model	Ovary, tumor, rep 2	GSM6321084	RNA-Seq	TRANSCRIPTOMIC	SINGLE	Illumina HiSeq 4000	45856187	2338665537	Drosophila melanogaster	missing	2023-06-27	2023-07-07	Systemic coagulopathy promotes host lethality in a new Drosophila model	SRA1452081					cDNA												637331521.0								1181781165	ILLUMINA				fasp.sra.ebi.ac.uk:/vol1/srr/SRR200/077/SRR20073577.lite											ftp.sra.ebi.ac.uk/vol1/fastq/SRR200/077/SRR20073577/SRR20073577.fastq.gz							missing	Generic	ftp.sra.ebi.ac.uk/vol1/srr/SRR200/077/SRR20073577.lite		1b93ec6fe83992343cb856c3fc7e39fe																			Illumina HiSeq 4000 sequencing: GSM6321084: Ovary, tumor, rep 2 Drosophila melanogaster RNA-Seq							45b2a03a45add31d9731120590573e32		ftp.sra.ebi.ac.uk/vol1/fastq/SRR200/077/SRR20073577/SRR20073577.fastq.gz									ftp.sra.ebi.ac.uk/vol1/srr/SRR200/077/SRR20073577.lite							Adult																public			fasp.sra.ebi.ac.uk:/vol1/fastq/SRR200/077/SRR20073577/SRR20073577.fastq.gz	1;131567;2759;33154;33208;6072;33213;33317;1206794;88770;6656;197563;197562;6960;50557;85512;7496;33340;33392;7147;7203;43733;480118;480117;43738;43741;43746;7214;43845;46877;7215;32341;32346;32351;7227			GSM6321084					GSM6321084_r1				RNA isolated using RNeasy mini kit (QIAGEN, 74104) Libraries prepared for sequencing following standard Illumina protocols.		GSM6321084_r1							env_tax;env_tax:terrestrial	2023-06-27				7227.0									SRR20073577												GSE207849					Ovary (tumor)																																													
Tumor	no	no	no	no	unknown	ovary	SRR20073578	SRX16111606	SAMN29625748	PRJNA857435	SRS13774353	SRP385761			Illumina HiSeq 4000 sequencing: GSM6321083: Ovary, tumor, rep 1 Drosophila melanogaster RNA-Seq	Ovary, tumor, rep 1	Systemic coagulopathy promotes host lethality in a new Drosophila model	Ovary, tumor, rep 1	GSM6321083	RNA-Seq	TRANSCRIPTOMIC	SINGLE	Illumina HiSeq 4000	51188531	2610615081	Drosophila melanogaster	missing	2023-06-27	2023-07-07	Systemic coagulopathy promotes host lethality in a new Drosophila model	SRA1452081					cDNA												708124883.0								1309764024	ILLUMINA				fasp.sra.ebi.ac.uk:/vol1/srr/SRR200/078/SRR20073578.lite											ftp.sra.ebi.ac.uk/vol1/fastq/SRR200/078/SRR20073578/SRR20073578.fastq.gz							missing	Generic	ftp.sra.ebi.ac.uk/vol1/srr/SRR200/078/SRR20073578.lite		80b313d699bdc1720dd16fbf69586a9f																			Illumina HiSeq 4000 sequencing: GSM6321083: Ovary, tumor, rep 1 Drosophila melanogaster RNA-Seq							dcadb8ba25dbf9daa49248888b3f698b		ftp.sra.ebi.ac.uk/vol1/fastq/SRR200/078/SRR20073578/SRR20073578.fastq.gz									ftp.sra.ebi.ac.uk/vol1/srr/SRR200/078/SRR20073578.lite							Adult																public			fasp.sra.ebi.ac.uk:/vol1/fastq/SRR200/078/SRR20073578/SRR20073578.fastq.gz	1;131567;2759;33154;33208;6072;33213;33317;1206794;88770;6656;197563;197562;6960;50557;85512;7496;33340;33392;7147;7203;43733;480118;480117;43738;43741;43746;7214;43845;46877;7215;32341;32346;32351;7227			GSM6321083					GSM6321083_r1				RNA isolated using RNeasy mini kit (QIAGEN, 74104) Libraries prepared for sequencing following standard Illumina protocols.		GSM6321083_r1							env_tax;env_tax:terrestrial	2023-06-27				7227.0									SRR20073578												GSE207849					Ovary (tumor)																																													
Unknown	no	no	no	no	unknown	ovary	SRR2179946	SRX1158744	SAMN03984000	PRJNA292732	SRS1038047	SRP062514			Illumina HiSeq 2000 sequencing: topmouth culter ovary transcriptome	Ovary from Erythroculter ilishaeformis	topmouth culter(Erythroculter ilishaeformis) ovary transcriptome	Ovary was obtained from the adult topmouth culter.Ovary was frozen in liquid nitrogen and homogenized in TRIzol reagent.The library was sequenced using Illumina HiSeq2000.	SUB1066813	RNA-Seq	TRANSCRIPTOMIC	PAIRED	Illumina HiSeq 2000	13717157	2469088260	Chanodichthys ilishaeformis	2014-01	2015-09-01	2016-06-28	Chanodichthys ilishaeformis	SRA290011					cDNA												1649647759.0				Zhejiang Institute of freshwater fisheries				1078574110;1098799129	ILLUMINA				fasp.sra.ebi.ac.uk:/vol1/srr/SRR217/006/SRR2179946	Tai Lake of China							female			ftp.sra.ebi.ac.uk/vol1/fastq/SRR217/006/SRR2179946/SRR2179946_1.fastq.gz;ftp.sra.ebi.ac.uk/vol1/fastq/SRR217/006/SRR2179946/SRR2179946_2.fastq.gz								Model organism or animal	ftp.sra.ebi.ac.uk/vol1/srr/SRR217/006/SRR2179946		37caa24268433a02763cbc667f6559a2;33fc6df12a7e5dba97800850143e2da9							2014-01-31												Illumina HiSeq 2000 sequencing: topmouth culter ovary transcriptome							78739fc3a47c220e2ba68d825a5c3b7e		ftp.sra.ebi.ac.uk/vol1/fastq/SRR217/006/SRR2179946/SRR2179946_1.fastq.gz;ftp.sra.ebi.ac.uk/vol1/fastq/SRR217/006/SRR2179946/SRR2179946_2.fastq.gz									ftp.sra.ebi.ac.uk/vol1/srr/SRR217/006/SRR2179946							stage 2-3																public			fasp.sra.ebi.ac.uk:/vol1/fastq/SRR217/006/SRR2179946/SRR2179946_1.fastq.gz;fasp.sra.ebi.ac.uk:/vol1/fastq/SRR217/006/SRR2179946/SRR2179946_2.fastq.gz	1;131567;2759;33154;33208;6072;33213;33511;7711;89593;7742;7776;117570;117571;7898;186623;41665;32443;1489341;186625;186634;32519;186626;186627;7952;30727;2743745;2743747;291793;291482			Ovary-topmouth culter-1		2014-01-01			Gonad_l1_2.fq						SUB1066813							env_tax;env_tax:freshwater;env_tax:brackish	2015-09-01				291482.0									SRR2179946												PRJNA292732					Ovary																																													
Normal	no	no	yes	no	unknown	ovary	SRR22967825	SRX18924238	SAMN32575796	PRJNA918357	SRS16350294	SRP415733			NextSeq 500 sequencing: GSM6915517: Mouse ovary WT 3 Mus musculus RNA-Seq	Mouse ovary WT 3	Transcriptomic analysis of mouse ovary post-PMSG induction 40h	Mouse ovary WT 3	GSM6915517	RNA-Seq	TRANSCRIPTOMIC	SINGLE	NextSeq 500	52716042	2635802100	Mus musculus		2024-01-28	2024-02-02	Transcriptomic analysis of mouse ovary post-PMSG induction 40h	SRA1569151					cDNA												666486146.0								1206210995	ILLUMINA				fasp.sra.ebi.ac.uk:/vol1/srr/SRR229/025/SRR22967825/SRR22967825.lite											ftp.sra.ebi.ac.uk/vol1/fastq/SRR229/025/SRR22967825/SRR22967825.fastq.gz								Generic	ftp.sra.ebi.ac.uk/vol1/srr/SRR229/025/SRR22967825/SRR22967825.lite		a338a5bd00bc58226a3d39d3de433bce																			NextSeq 500 sequencing: GSM6915517: Mouse ovary WT 3 Mus musculus RNA-Seq							8f1cd8e324ffc2f2f68e1f290b755c09		ftp.sra.ebi.ac.uk/vol1/fastq/SRR229/025/SRR22967825/SRR22967825.fastq.gz									ftp.sra.ebi.ac.uk/vol1/srr/SRR229/025/SRR22967825/SRR22967825.lite																							public			fasp.sra.ebi.ac.uk:/vol1/fastq/SRR229/025/SRR22967825/SRR22967825.fastq.gz	1;131567;2759;33154;33208;6072;33213;33511;7711;89593;7742;7776;117570;117571;8287;1338369;32523;32524;40674;32525;9347;1437010;314146;314147;9989;1963758;337687;10066;39107;10088;862507;10090			GSM6915517					GSM6915517_r1				RNA were extracted with Nacherey-Nagel RNA L extraction kit.		GSM6915517_r1							env_tax;env_tax:terrestrial	2024-01-28				10090.0									SRR22967825												GSE222135					Ovary																																													
Cell line	yes	no	no	no	unknown	ovary	SRR24105743	SRX19905783	SAMN33834108	PRJNA932919	SRS17259465	SRP431482			Illumina HiSeq 2500 sequencing: Targeted sequencing of 577 genes from 114 matched tumor and normal samples from 71 high-grade serous ovarian cancer (HGSC) participants and OncoScan somatic copy number analysis from 61 of the 71 HGSC participants.	"DNA sample from Ovary-Tumor caking of a human female participant in the dbGaP study ""Genomic Analyses of Germline and Somatic Variation in High-Grade Serous Ovarian Cancer"""	Genomic Analyses of Germline and Somatic Variation in High-Grade Serous Ovarian Cancer	"DNA sample from Ovary-Tumor caking of a human female participant in the dbGaP study ""Genomic Analyses of Germline and Somatic Variation in High-Grade Serous Ovarian Cancer"""	T43859	Targeted-Capture	GENOMIC	PAIRED	Illumina HiSeq 2500	0	0	Homo sapiens		2023-06-16	2023-06-16	Genomic Analyses of Germline and Somatic Variation in High-Grade Serous Ovarian Cancer	SRA1617285					Hybrid Selection						Protected file(s). Go to dbGap											Protected file(s). Go to dbGap				ILLUMINA						Protected file(s). Go to dbGap						female											Generic																						Illumina HiSeq 2500 sequencing: Targeted sequencing of 577 genes from 114 matched tumor and normal samples from 71 high-grade serous ovarian cancer (HGSC) participants and OncoScan somatic copy number analysis from 61 of the 71 HGSC participants.																																									public				1;131567;2759;33154;33208;6072;33213;33511;7711;89593;7742;7776;117570;117571;8287;1338369;32523;32524;40674;32525;9347;1437010;314146;9443;376913;314293;9526;314295;9604;207598;9605;9606			3198-T43859					8132_T43859_CCGTGT_L003.filtered.bam						T43859		NCI-phs003198					env_tax;env_tax:terrestrial	2023-06-16				9606.0	PROTECTED								SRR24105743												phs003198																																																		
Unknown	no	no	no	no	unknown	ovary	SRR24755382	SRX20531488	SAMN35442057	PRJNA976541	SRS17840263	SRP439925			Illumina HiSeq 2000 sequencing: Sow ovary transcriptome	Sow ovary transcriptome	Transcriptome of sow ovary and porcine granulosa cells	low reproductive ability group	L4_sow_ovary	RNA-Seq	TRANSCRIPTOMIC	PAIRED	Illumina HiSeq 2000	47960869	14388260700	Sus scrofa		2023-06-05	2023-06-07	Sus scrofa	SRA1645478					RANDOM												3651897564.0							missing	2606389739;2610466406	ILLUMINA				fasp.sra.ebi.ac.uk:/vol1/srr/SRR247/082/SRR24755382								female			ftp.sra.ebi.ac.uk/vol1/fastq/SRR247/082/SRR24755382/SRR24755382_1.fastq.gz;ftp.sra.ebi.ac.uk/vol1/fastq/SRR247/082/SRR24755382/SRR24755382_2.fastq.gz								Model organism or animal	ftp.sra.ebi.ac.uk/vol1/srr/SRR247/082/SRR24755382		0f1e280f926c716b483fa78495dd7eb4;5ef2414e9386fa2d97a10ad0c32058aa																			Illumina HiSeq 2000 sequencing: Sow ovary transcriptome							71fa7cccfdfc7a057c5a93b85089036e		ftp.sra.ebi.ac.uk/vol1/fastq/SRR247/082/SRR24755382/SRR24755382_1.fastq.gz;ftp.sra.ebi.ac.uk/vol1/fastq/SRR247/082/SRR24755382/SRR24755382_2.fastq.gz									ftp.sra.ebi.ac.uk/vol1/srr/SRR247/082/SRR24755382							missing																public			fasp.sra.ebi.ac.uk:/vol1/fastq/SRR247/082/SRR24755382/SRR24755382_1.fastq.gz;fasp.sra.ebi.ac.uk:/vol1/fastq/SRR247/082/SRR24755382/SRR24755382_2.fastq.gz	1;131567;2759;33154;33208;6072;33213;33511;7711;89593;7742;7776;117570;117571;8287;1338369;32523;32524;40674;32525;9347;1437010;314145;91561;35497;9821;9822;9823			L4_sow_ovary					L4_rmrna_1.fq.gz						L4_sow_ovary		SUB13475739					env_tax;env_tax:terrestrial	2023-06-05				9823.0									SRR24755382												PRJNA976541					ovary																																													
Unknown	no	no	no	no	unknown	ovary	SRR24755383	SRX20531487	SAMN35442056	PRJNA976541	SRS17840265	SRP439925			Illumina HiSeq 2000 sequencing: Sow ovary transcriptome	Sow ovary transcriptome	Transcriptome of sow ovary and porcine granulosa cells	low reproductive ability group	L2_sow_ovary	RNA-Seq	TRANSCRIPTOMIC	PAIRED	Illumina HiSeq 2000	46882594	14064778200	Sus scrofa		2023-06-05	2023-06-14	Sus scrofa	SRA1645478					RANDOM												3571652476.0							missing	2578393794;2581946882	ILLUMINA				fasp.sra.ebi.ac.uk:/vol1/srr/SRR247/083/SRR24755383.lite								female			ftp.sra.ebi.ac.uk/vol1/fastq/SRR247/083/SRR24755383/SRR24755383_1.fastq.gz;ftp.sra.ebi.ac.uk/vol1/fastq/SRR247/083/SRR24755383/SRR24755383_2.fastq.gz								Model organism or animal	ftp.sra.ebi.ac.uk/vol1/srr/SRR247/083/SRR24755383.lite		13ad08d1c869fb125ee561b8198a842e;16a6dc059946c335cc431e21887ae893																			Illumina HiSeq 2000 sequencing: Sow ovary transcriptome							1fe82236eb99bd8e528a70e9296103b9		ftp.sra.ebi.ac.uk/vol1/fastq/SRR247/083/SRR24755383/SRR24755383_1.fastq.gz;ftp.sra.ebi.ac.uk/vol1/fastq/SRR247/083/SRR24755383/SRR24755383_2.fastq.gz									ftp.sra.ebi.ac.uk/vol1/srr/SRR247/083/SRR24755383.lite							missing																public			fasp.sra.ebi.ac.uk:/vol1/fastq/SRR247/083/SRR24755383/SRR24755383_1.fastq.gz;fasp.sra.ebi.ac.uk:/vol1/fastq/SRR247/083/SRR24755383/SRR24755383_2.fastq.gz	1;131567;2759;33154;33208;6072;33213;33511;7711;89593;7742;7776;117570;117571;8287;1338369;32523;32524;40674;32525;9347;1437010;314145;91561;35497;9821;9822;9823			L2_sow_ovary					L2_rmrna_1.fq.gz						L2_sow_ovary		SUB13475739					env_tax;env_tax:terrestrial	2023-06-05				9823.0									SRR24755383												PRJNA976541					ovary																																													
Unknown	no	no	no	no	unknown	ovary	SRR24755384	SRX20531486	SAMN35442055	PRJNA976541	SRS17840261	SRP439925			Illumina HiSeq 2000 sequencing: Sow ovary transcriptome	Sow ovary transcriptome	Transcriptome of sow ovary and porcine granulosa cells	low reproductive ability group	L1_sow_ovary	RNA-Seq	TRANSCRIPTOMIC	PAIRED	Illumina HiSeq 2000	42721196	12816358800	Sus scrofa		2023-06-05	2023-06-07	Sus scrofa	SRA1645478					RANDOM												3258625981.0							missing	2336861660;2341531772	ILLUMINA				fasp.sra.ebi.ac.uk:/vol1/srr/SRR247/084/SRR24755384								female			ftp.sra.ebi.ac.uk/vol1/fastq/SRR247/084/SRR24755384/SRR24755384_1.fastq.gz;ftp.sra.ebi.ac.uk/vol1/fastq/SRR247/084/SRR24755384/SRR24755384_2.fastq.gz								Model organism or animal	ftp.sra.ebi.ac.uk/vol1/srr/SRR247/084/SRR24755384		16e737cc7aedbce500fa07339eaf2779;e85f15103b4eac408422bf07ce3eddd3																			Illumina HiSeq 2000 sequencing: Sow ovary transcriptome							6c769338605f071c7988799e3368faa8		ftp.sra.ebi.ac.uk/vol1/fastq/SRR247/084/SRR24755384/SRR24755384_1.fastq.gz;ftp.sra.ebi.ac.uk/vol1/fastq/SRR247/084/SRR24755384/SRR24755384_2.fastq.gz									ftp.sra.ebi.ac.uk/vol1/srr/SRR247/084/SRR24755384							missing																public			fasp.sra.ebi.ac.uk:/vol1/fastq/SRR247/084/SRR24755384/SRR24755384_1.fastq.gz;fasp.sra.ebi.ac.uk:/vol1/fastq/SRR247/084/SRR24755384/SRR24755384_2.fastq.gz	1;131567;2759;33154;33208;6072;33213;33511;7711;89593;7742;7776;117570;117571;8287;1338369;32523;32524;40674;32525;9347;1437010;314145;91561;35497;9821;9822;9823			L1_sow_ovary					L1_rmrna_1.fq.gz						L1_sow_ovary		SUB13475739					env_tax;env_tax:terrestrial	2023-06-05				9823.0									SRR24755384												PRJNA976541					ovary																																													
Unknown	no	no	no	no	unknown	ovary	SRR24755385	SRX20531485	SAMN35442054	PRJNA976541	SRS17840260	SRP439925			Illumina HiSeq 2000 sequencing: Sow ovary transcriptome	Sow ovary transcriptome	Transcriptome of sow ovary and porcine granulosa cells	normal reproductive ability group	H4_sow_ovary	RNA-Seq	TRANSCRIPTOMIC	PAIRED	Illumina HiSeq 2000	52578758	15773627400	Sus scrofa		2023-06-05	2023-06-20	Sus scrofa	SRA1645478					RANDOM												4002458411.0							missing	2861328714;2865152636	ILLUMINA				fasp.sra.ebi.ac.uk:/vol1/srr/SRR247/085/SRR24755385.lite								female			ftp.sra.ebi.ac.uk/vol1/fastq/SRR247/085/SRR24755385/SRR24755385_1.fastq.gz;ftp.sra.ebi.ac.uk/vol1/fastq/SRR247/085/SRR24755385/SRR24755385_2.fastq.gz								Model organism or animal	ftp.sra.ebi.ac.uk/vol1/srr/SRR247/085/SRR24755385.lite		6e8db1928c2d3dd96633e59940e989ad;856997233a34b2445e5dd2d67fb066a6																			Illumina HiSeq 2000 sequencing: Sow ovary transcriptome							0df1f4e6a0fe07b3b1a9f7838d989597		ftp.sra.ebi.ac.uk/vol1/fastq/SRR247/085/SRR24755385/SRR24755385_1.fastq.gz;ftp.sra.ebi.ac.uk/vol1/fastq/SRR247/085/SRR24755385/SRR24755385_2.fastq.gz									ftp.sra.ebi.ac.uk/vol1/srr/SRR247/085/SRR24755385.lite							missing																public			fasp.sra.ebi.ac.uk:/vol1/fastq/SRR247/085/SRR24755385/SRR24755385_1.fastq.gz;fasp.sra.ebi.ac.uk:/vol1/fastq/SRR247/085/SRR24755385/SRR24755385_2.fastq.gz	1;131567;2759;33154;33208;6072;33213;33511;7711;89593;7742;7776;117570;117571;8287;1338369;32523;32524;40674;32525;9347;1437010;314145;91561;35497;9821;9822;9823			H4_sow_ovary					H4_rmrna_1.fq.gz						H4_sow_ovary		SUB13475739					env_tax;env_tax:terrestrial	2023-06-05				9823.0									SRR24755385												PRJNA976541					ovary																																													
Unknown	no	no	no	no	unknown	ovary	SRR24755388	SRX20531482	SAMN35442053	PRJNA976541	SRS17840257	SRP439925			Illumina HiSeq 2000 sequencing: Sow ovary transcriptome	Sow ovary transcriptome	Transcriptome of sow ovary and porcine granulosa cells	normal reproductive ability group	H2_sow_ovary	RNA-Seq	TRANSCRIPTOMIC	PAIRED	Illumina HiSeq 2000	50545271	15163581300	Sus scrofa		2023-06-05	2023-06-06	Sus scrofa	SRA1645478					RANDOM												3848887485.0							missing	2830056297;2834970627	ILLUMINA				fasp.sra.ebi.ac.uk:/vol1/srr/SRR247/088/SRR24755388								female			ftp.sra.ebi.ac.uk/vol1/fastq/SRR247/088/SRR24755388/SRR24755388_1.fastq.gz;ftp.sra.ebi.ac.uk/vol1/fastq/SRR247/088/SRR24755388/SRR24755388_2.fastq.gz								Model organism or animal	ftp.sra.ebi.ac.uk/vol1/srr/SRR247/088/SRR24755388		563a1b1e43c015213a1b63ca76c42b2b;7f221f755302486a91d609acf7f65f77																			Illumina HiSeq 2000 sequencing: Sow ovary transcriptome							4d1686819a6a7803fdb7d06bb0119582		ftp.sra.ebi.ac.uk/vol1/fastq/SRR247/088/SRR24755388/SRR24755388_1.fastq.gz;ftp.sra.ebi.ac.uk/vol1/fastq/SRR247/088/SRR24755388/SRR24755388_2.fastq.gz									ftp.sra.ebi.ac.uk/vol1/srr/SRR247/088/SRR24755388							missing																public			fasp.sra.ebi.ac.uk:/vol1/fastq/SRR247/088/SRR24755388/SRR24755388_1.fastq.gz;fasp.sra.ebi.ac.uk:/vol1/fastq/SRR247/088/SRR24755388/SRR24755388_2.fastq.gz	1;131567;2759;33154;33208;6072;33213;33511;7711;89593;7742;7776;117570;117571;8287;1338369;32523;32524;40674;32525;9347;1437010;314145;91561;35497;9821;9822;9823			H2_sow_ovary					H2_rmrna_1.fq.gz						H2_sow_ovary		SUB13475739					env_tax;env_tax:terrestrial	2023-06-05				9823.0									SRR24755388												PRJNA976541					ovary																																													
Unknown	no	no	no	no	unknown	ovary	SRR24755389	SRX20531481	SAMN35442052	PRJNA976541	SRS17840258	SRP439925			Illumina HiSeq 2000 sequencing: Sow ovary transcriptome	Sow ovary transcriptome	Transcriptome of sow ovary and porcine granulosa cells	normal reproductive ability group	H1_sow_ovary	RNA-Seq	TRANSCRIPTOMIC	PAIRED	Illumina HiSeq 2000	47791433	14337429900	Sus scrofa		2023-06-05	2023-06-18	Sus scrofa	SRA1645478					RANDOM												3640354557.0							missing	2574892676;2579291460	ILLUMINA				fasp.sra.ebi.ac.uk:/vol1/srr/SRR247/089/SRR24755389.lite								female			ftp.sra.ebi.ac.uk/vol1/fastq/SRR247/089/SRR24755389/SRR24755389_1.fastq.gz;ftp.sra.ebi.ac.uk/vol1/fastq/SRR247/089/SRR24755389/SRR24755389_2.fastq.gz								Model organism or animal	ftp.sra.ebi.ac.uk/vol1/srr/SRR247/089/SRR24755389.lite		0d97e72b23fc18b5d9576d3458712f98;2023ea356ff3a97ca73b132cbbaf4893																			Illumina HiSeq 2000 sequencing: Sow ovary transcriptome							8a9923b9420d7ad70b0d7c8e584d2d71		ftp.sra.ebi.ac.uk/vol1/fastq/SRR247/089/SRR24755389/SRR24755389_1.fastq.gz;ftp.sra.ebi.ac.uk/vol1/fastq/SRR247/089/SRR24755389/SRR24755389_2.fastq.gz									ftp.sra.ebi.ac.uk/vol1/srr/SRR247/089/SRR24755389.lite							missing																public			fasp.sra.ebi.ac.uk:/vol1/fastq/SRR247/089/SRR24755389/SRR24755389_1.fastq.gz;fasp.sra.ebi.ac.uk:/vol1/fastq/SRR247/089/SRR24755389/SRR24755389_2.fastq.gz	1;131567;2759;33154;33208;6072;33213;33511;7711;89593;7742;7776;117570;117571;8287;1338369;32523;32524;40674;32525;9347;1437010;314145;91561;35497;9821;9822;9823			H1_sow_ovary					H1_rmrna_1.fq.gz						H1_sow_ovary		SUB13475739					env_tax;env_tax:terrestrial	2023-06-05				9823.0									SRR24755389												PRJNA976541					ovary																																													
Unknown	no	no	no	no	unknown	ovary	SRR2567532	SRX1309055	SAMN04147777	PRJNA297891	SRS1102305	SRP064528			Illumina HiSeq 1000 sequencing: GSM1902624: Ovary Rattus norvegicus ncRNA-Seq	Ovary	piRNA expression in rat ovary	Ovary		ncRNA-Seq	TRANSCRIPTOMIC	SINGLE	Illumina HiSeq 1000	25030021	1276531071	Rattus norvegicus		2015-12-25	2020-04-22	Rattus norvegicus	SRA303254					size fractionation												867622799.0								865027826	ILLUMINA				fasp.sra.ebi.ac.uk:/vol1/srr/SRR256/002/SRR2567532											ftp.sra.ebi.ac.uk/vol1/fastq/SRR256/002/SRR2567532/SRR2567532.fastq.gz								Generic	ftp.sra.ebi.ac.uk/vol1/srr/SRR256/002/SRR2567532		0351a41fc7f8eb4d8ee085007ab00662																			Illumina HiSeq 1000 sequencing: GSM1902624: Ovary Rattus norvegicus ncRNA-Seq							06e41365d6f9cb6c366b265495d1c5d0		ftp.sra.ebi.ac.uk/vol1/fastq/SRR256/002/SRR2567532/SRR2567532.fastq.gz									ftp.sra.ebi.ac.uk/vol1/srr/SRR256/002/SRR2567532																							public			fasp.sra.ebi.ac.uk:/vol1/fastq/SRR256/002/SRR2567532/SRR2567532.fastq.gz	1;131567;2759;33154;33208;6072;33213;33511;7711;89593;7742;7776;117570;117571;8287;1338369;32523;32524;40674;32525;9347;1437010;314146;314147;9989;1963758;337687;10066;39107;10114;10116			GSM1902624					GSM1902624_r1				Eight week old Wistar rats were sacrificed and the ovaries are harvested. RNA isolated by using trizol. Small RNA libraries were prepared for sequencing using standard Illumina protocols		GSM1902624		GEO					env_tax;env_tax:terrestrial	2015-12-25		Wistar		10116.0									SRR2567532												GSE73786					Ovary																																													
Unknown	no	no	no	no	unknown	ovary	SRR3126275	SRX1550236	SAMN04444435	PRJNA309641	SRS1266987	SRP068875			Illumina HiSeq 2000 sequencing: Ovary transcriptome of Amblyomma sculptum.	Ovary from Amblyomma sculptum	Amblyomma sculptum midgut and ovary transcriptomes	Ovary from Amblyomma sculptum	ovary-illumina	RNA-Seq	TRANSCRIPTOMIC	PAIRED	Illumina HiSeq 2000	22726084	4090695120	Amblyomma sculptum	2013	2016-03-05	2016-06-27	Amblyomma sculptum	SRA340353					RANDOM												2775060427.0								1703827915;1728384892	ILLUMINA				fasp.sra.ebi.ac.uk:/vol1/srr/SRR312/005/SRR3126275								female			ftp.sra.ebi.ac.uk/vol1/fastq/SRR312/005/SRR3126275/SRR3126275_1.fastq.gz;ftp.sra.ebi.ac.uk/vol1/fastq/SRR312/005/SRR3126275/SRR3126275_2.fastq.gz							Brazil: Uberlandia city	Invertebrate	ftp.sra.ebi.ac.uk/vol1/srr/SRR312/005/SRR3126275		785eef480e0e159897da19963da2f62f;63c41cd6b0de9fad3b387c49aba751b7							2013-12-31												Illumina HiSeq 2000 sequencing: Ovary transcriptome of Amblyomma sculptum.	0.0						3e4f4ed7bf88a911fd682fd639fc8373		ftp.sra.ebi.ac.uk/vol1/fastq/SRR312/005/SRR3126275/SRR3126275_1.fastq.gz;ftp.sra.ebi.ac.uk/vol1/fastq/SRR312/005/SRR3126275/SRR3126275_2.fastq.gz									ftp.sra.ebi.ac.uk/vol1/srr/SRR312/005/SRR3126275																							public			fasp.sra.ebi.ac.uk:/vol1/fastq/SRR312/005/SRR3126275/SRR3126275_1.fastq.gz;fasp.sra.ebi.ac.uk:/vol1/fastq/SRR312/005/SRR3126275/SRR3126275_2.fastq.gz	1;131567;2759;33154;33208;6072;33213;33317;1206794;88770;6656;6843;6854;6933;6934;6935;297308;6939;426441;6942;1581419			Ovary-Ascu		2013-01-01			ovary SRA of A. sculptum						Transcriptome of Amblyomma sculptum			Maria Marlene Martins					2016-03-05				1581419.0									SRR3126275												PRJNA309641					ovary																																													
Unknown	no	no	no	no	unknown	ovary	SRR31520053	SRX26887598	SAMN45067791	PRJNA1191026	SRS23367984	SRP547788			NextSeq 2000 sequencing: GSM8653153: Molino ovary 2 Astyanax mexicanus RNA-Seq	Molino ovary 2	Single cell RNA sequencing reveals the functions of ovary in Astyanax mexicanus	Molino ovary 2	GSM8653153	RNA-Seq	TRANSCRIPTOMIC SINGLE CELL	PAIRED	NextSeq 2000	112557699	10130192910	Astyanax mexicanus	missing	2025-04-17	2025-04-17	Single cell RNA sequencing reveals the functions of ovary in Astyanax mexicanus	SRA2023104					cDNA												4823233198.0								4972234895	ILLUMINA				fasp.sra.ebi.ac.uk:/vol1/srr/SRR315/053/SRR31520053/SRR31520053											ftp.sra.ebi.ac.uk/vol1/fastq/SRR315/053/SRR31520053/SRR31520053.fastq.gz							missing		ftp.sra.ebi.ac.uk/vol1/srr/SRR315/053/SRR31520053/SRR31520053		d205e0dfc7401397b0d6f0e3151a5863																			NextSeq 2000 sequencing: GSM8653153: Molino ovary 2 Astyanax mexicanus RNA-Seq							044352dac7bd221c6c93599affe00c9b		ftp.sra.ebi.ac.uk/vol1/fastq/SRR315/053/SRR31520053/SRR31520053.fastq.gz									ftp.sra.ebi.ac.uk/vol1/srr/SRR315/053/SRR31520053/SRR31520053																							public			fasp.sra.ebi.ac.uk:/vol1/fastq/SRR315/053/SRR31520053/SRR31520053.fastq.gz	1;131567;2759;33154;33208;6072;33213;33511;7711;89593;7742;7776;117570;117571;7898;186623;41665;32443;1489341;186625;186634;32519;186626;186628;7991;1489739;3391093;3391113;7993;7994			GSM8653153					GSM8653153_r1				The digestive enzyme mixture is composed of 3 mg/ml collagenase I (C0130, Sigma-Aldrich), 3 mg/ml collagenase II (C6885, Sigma-Aldrich) and 1.6 mg/ml hyaluronidase (H4272, Sigma-Aldrich) in L15 media (112-029-101, Quality Biological). Fish were fasted one day before cell dissociation. Each sample and library were collected and constructed from a single fish, and the fish being used were aged-matched. The left side ovary from one adult fish was dissected and stored on ice in an RNA Lobind tube (0030108310, Eppendorf north america) containing 3 ml of L15 for no more than 40 min. Tissues were minced with dissection scissors into pieces. L15 media were replaced with 3 ml of digestive enzyme mixture after the tissue settled down to the bottom of the tube. Samples were incubated on an orbitron rotator (260200, Boekel Scientific) at room temperature until no obvious cell clumps were observed (35~45 min, depending on samples). Cells were centrifuged at 300 g for 3 min at 4 °C, resuspended in 3 ml of TrypLE (12604021, ThermoFisher Scientific) and incubated on the orbitron rotator at room temperature for 15 min. 3 ml of 20% FBS (SH30071.03E, Cytiva) in L15 were added to the cell suspensions and incubated on the orbitron rotator at room temperature for 1 min to stop TrypLE reaction. Cell suspensions were then added with 15 ml of L15 and centrifuged at 300 g for 3 min at 4 °C to get the cell pellets. The cell pellets were resuspended and washed three times with 5 ml of L15 using a P1000 pipette and centrifuged at 300 g for 3 min. Cell pellets were resuspended in 2 ml L15 and filtered through a 70 µm nylon filter (352350, Corning) and then through a 40 µm nylon filter (352340, Corning) into Lobind tubes to remove large cells and cell clumps. The filters were washed twice with 2 ml L15. The filtrates were centrifuged at 300 g for 3 min and resuspended in 1 ml of 2% BSA (A9418, Sigma-Aldrich) in phosphate-buffered saline (PBS) (20012050, ThermoFisher Scientific) and transferred into Lobind tubes. scRNA-seq libraries were prepared by Stowers Sequencing core. Dissociated, sorted cells were assessed for concentration and viability using a Luna-FL cell counter (Logos Biosystems). Cells deemed to be at least 84% viable were loaded based on live cell concentration onto a Chromium iX Series instrument (10x Genomics) and libraries prepared using the Chromium Next GEM Single Cell 3' Reagent Kits v3.1 (10x Genomics) according to manufacturer's directions. Resulting cDNA and short fragment libraries were checked for quality and quantity using a 2100 Bioanalyzer (Agilent Technologies) and Qubit 2.0 Fluorometer (Thermo Fisher Scientific). With cells captured estimated at ~1,100-5,500 cells per sample, libraries were pooled and sequenced to a depth necessary to achieve at least 38,000 mean reads per cell on an Illumina NextSeq 2000 instrument utilizing RTA and instrument software versions current at the time of processing with the following paired read lengths 28*10*10*90bp.		GSM8653153_r1							env_tax;env_tax:freshwater	2025-04-17				7994.0									SRR31520053												GSE282933					Ovary																																													
Unknown	no	no	no	no	unknown	ovary	SRR31520054	SRX26887598	SAMN45067791	PRJNA1191026	SRS23367984	SRP547788			NextSeq 2000 sequencing: GSM8653153: Molino ovary 2 Astyanax mexicanus RNA-Seq	Molino ovary 2	Single cell RNA sequencing reveals the functions of ovary in Astyanax mexicanus	Molino ovary 2	GSM8653153	RNA-Seq	TRANSCRIPTOMIC SINGLE CELL	PAIRED	NextSeq 2000	112424596	10118213640	Astyanax mexicanus	missing	2025-04-17	2025-04-17	Single cell RNA sequencing reveals the functions of ovary in Astyanax mexicanus	SRA2023104					cDNA												4759997145.0								4914997447	ILLUMINA				fasp.sra.ebi.ac.uk:/vol1/srr/SRR315/054/SRR31520054/SRR31520054											ftp.sra.ebi.ac.uk/vol1/fastq/SRR315/054/SRR31520054/SRR31520054.fastq.gz							missing		ftp.sra.ebi.ac.uk/vol1/srr/SRR315/054/SRR31520054/SRR31520054		1739ad17784f4541db3e1b01844981c6																			NextSeq 2000 sequencing: GSM8653153: Molino ovary 2 Astyanax mexicanus RNA-Seq							237c2a2a5c5e71aab7170bdeb00edbda		ftp.sra.ebi.ac.uk/vol1/fastq/SRR315/054/SRR31520054/SRR31520054.fastq.gz									ftp.sra.ebi.ac.uk/vol1/srr/SRR315/054/SRR31520054/SRR31520054																							public			fasp.sra.ebi.ac.uk:/vol1/fastq/SRR315/054/SRR31520054/SRR31520054.fastq.gz	1;131567;2759;33154;33208;6072;33213;33511;7711;89593;7742;7776;117570;117571;7898;186623;41665;32443;1489341;186625;186634;32519;186626;186628;7991;1489739;3391093;3391113;7993;7994			GSM8653153					GSM8653153_r2				The digestive enzyme mixture is composed of 3 mg/ml collagenase I (C0130, Sigma-Aldrich), 3 mg/ml collagenase II (C6885, Sigma-Aldrich) and 1.6 mg/ml hyaluronidase (H4272, Sigma-Aldrich) in L15 media (112-029-101, Quality Biological). Fish were fasted one day before cell dissociation. Each sample and library were collected and constructed from a single fish, and the fish being used were aged-matched. The left side ovary from one adult fish was dissected and stored on ice in an RNA Lobind tube (0030108310, Eppendorf north america) containing 3 ml of L15 for no more than 40 min. Tissues were minced with dissection scissors into pieces. L15 media were replaced with 3 ml of digestive enzyme mixture after the tissue settled down to the bottom of the tube. Samples were incubated on an orbitron rotator (260200, Boekel Scientific) at room temperature until no obvious cell clumps were observed (35~45 min, depending on samples). Cells were centrifuged at 300 g for 3 min at 4 °C, resuspended in 3 ml of TrypLE (12604021, ThermoFisher Scientific) and incubated on the orbitron rotator at room temperature for 15 min. 3 ml of 20% FBS (SH30071.03E, Cytiva) in L15 were added to the cell suspensions and incubated on the orbitron rotator at room temperature for 1 min to stop TrypLE reaction. Cell suspensions were then added with 15 ml of L15 and centrifuged at 300 g for 3 min at 4 °C to get the cell pellets. The cell pellets were resuspended and washed three times with 5 ml of L15 using a P1000 pipette and centrifuged at 300 g for 3 min. Cell pellets were resuspended in 2 ml L15 and filtered through a 70 µm nylon filter (352350, Corning) and then through a 40 µm nylon filter (352340, Corning) into Lobind tubes to remove large cells and cell clumps. The filters were washed twice with 2 ml L15. The filtrates were centrifuged at 300 g for 3 min and resuspended in 1 ml of 2% BSA (A9418, Sigma-Aldrich) in phosphate-buffered saline (PBS) (20012050, ThermoFisher Scientific) and transferred into Lobind tubes. scRNA-seq libraries were prepared by Stowers Sequencing core. Dissociated, sorted cells were assessed for concentration and viability using a Luna-FL cell counter (Logos Biosystems). Cells deemed to be at least 84% viable were loaded based on live cell concentration onto a Chromium iX Series instrument (10x Genomics) and libraries prepared using the Chromium Next GEM Single Cell 3' Reagent Kits v3.1 (10x Genomics) according to manufacturer's directions. Resulting cDNA and short fragment libraries were checked for quality and quantity using a 2100 Bioanalyzer (Agilent Technologies) and Qubit 2.0 Fluorometer (Thermo Fisher Scientific). With cells captured estimated at ~1,100-5,500 cells per sample, libraries were pooled and sequenced to a depth necessary to achieve at least 38,000 mean reads per cell on an Illumina NextSeq 2000 instrument utilizing RTA and instrument software versions current at the time of processing with the following paired read lengths 28*10*10*90bp.		GSM8653153_r1							env_tax;env_tax:freshwater	2025-04-17				7994.0									SRR31520054												GSE282933					Ovary																																													
Tumor	no	no	no	no	unknown	ovary	SRR35164902	SRX30270135	SAMN50837817	PRJNA1311633	SRS26320791	SRP613761			Ion Torrent S5 sequencing: DNA seq of musmusculus:ovary cancer	Model organism or animal sample from Mus musculus	Colorectal and ovarian mouse tumors	Model organism or animal sample from Mus musculus	MG_5X37	AMPLICON	GENOMIC	SINGLE	Ion Torrent S5	1295551	159379698	Mus musculus	2019	2025-09-21	2025-09-21		SRA2207040					PCR												89895758.0								92375025	ION_TORRENT				fasp.sra.ebi.ac.uk:/vol1/srr/SRR351/002/SRR35164902/SRR35164902								female			ftp.sra.ebi.ac.uk/vol1/fastq/SRR351/002/SRR35164902/SRR35164902.fastq.gz							USA:Michigan	Model organism or animal	ftp.sra.ebi.ac.uk/vol1/srr/SRR351/002/SRR35164902/SRR35164902		d31a247a9de581ab1be1ed2972d1ae99							2019-12-31												Ion Torrent S5 sequencing: DNA seq of musmusculus:ovary cancer							517ce6351dbdb325f9795fca1f83db7e		ftp.sra.ebi.ac.uk/vol1/fastq/SRR351/002/SRR35164902/SRR35164902.fastq.gz									ftp.sra.ebi.ac.uk/vol1/srr/SRR351/002/SRR35164902/SRR35164902																							public			fasp.sra.ebi.ac.uk:/vol1/fastq/SRR351/002/SRR35164902/SRR35164902.fastq.gz	1;131567;2759;33154;33208;6072;33213;33511;7711;89593;7742;7776;117570;117571;8287;1338369;32523;32524;40674;32525;9347;1437010;314146;314147;9989;1963758;337687;10066;39107;10088;862507;10090			MG_5X37		2019-01-01			mg5_rawlib.bam						MG_5X37		SUB15543190					env_tax;env_tax:terrestrial	2025-09-21		mixed		10090.0									SRR35164902												PRJNA1311633					ovary																																													
Tumor	no	no	no	no	unknown	ovary	SRR35164903	SRX30270134	SAMN50837816	PRJNA1311633	SRS26320789	SRP613761			Ion Torrent S5 sequencing: DNA seq of musmusculus:ovary cancer	Model organism or animal sample from Mus musculus	Colorectal and ovarian mouse tumors	Model organism or animal sample from Mus musculus	14397LOT_X89	AMPLICON	GENOMIC	SINGLE	Ion Torrent S5	1053290	123072315	Mus musculus	2019	2025-09-21	2025-09-21		SRA2207040					PCR												64447933.0								68099022	ION_TORRENT				fasp.sra.ebi.ac.uk:/vol1/srr/SRR351/003/SRR35164903/SRR35164903								female			ftp.sra.ebi.ac.uk/vol1/fastq/SRR351/003/SRR35164903/SRR35164903.fastq.gz							USA:Michigan	Model organism or animal	ftp.sra.ebi.ac.uk/vol1/srr/SRR351/003/SRR35164903/SRR35164903		9bb1803d3d868427e4adfed4277e0ab6							2019-12-31												Ion Torrent S5 sequencing: DNA seq of musmusculus:ovary cancer							c914a0575f487b2462d4f385ddeced7f		ftp.sra.ebi.ac.uk/vol1/fastq/SRR351/003/SRR35164903/SRR35164903.fastq.gz									ftp.sra.ebi.ac.uk/vol1/srr/SRR351/003/SRR35164903/SRR35164903																							public			fasp.sra.ebi.ac.uk:/vol1/fastq/SRR351/003/SRR35164903/SRR35164903.fastq.gz	1;131567;2759;33154;33208;6072;33213;33511;7711;89593;7742;7776;117570;117571;8287;1338369;32523;32524;40674;32525;9347;1437010;314146;314147;9989;1963758;337687;10066;39107;10088;862507;10090			14397LOT_X89		2019-01-01			14397lt_rawlib.bam						14397LOT_X89		SUB15543190					env_tax;env_tax:terrestrial	2025-09-21		mixed		10090.0									SRR35164903												PRJNA1311633					ovary																																													
Tumor	no	no	no	no	unknown	ovary	SRR35164910	SRX30270127	SAMN50837809	PRJNA1311633	SRS26320783	SRP613761			Ion Torrent S5 sequencing: DNA seq of musmusculus:ovary cancer	Model organism or animal sample from Mus musculus	Colorectal and ovarian mouse tumors	Model organism or animal sample from Mus musculus	KC-10_MG_X69	AMPLICON	GENOMIC	SINGLE	Ion Torrent S5	1359586	165531757	Mus musculus	2019	2025-09-21	2025-09-21		SRA2207040					PCR												84155320.0								90276416	ION_TORRENT				fasp.sra.ebi.ac.uk:/vol1/srr/SRR351/010/SRR35164910/SRR35164910								female			ftp.sra.ebi.ac.uk/vol1/fastq/SRR351/010/SRR35164910/SRR35164910.fastq.gz							USA:Michigan	Model organism or animal	ftp.sra.ebi.ac.uk/vol1/srr/SRR351/010/SRR35164910/SRR35164910		b3ce90b7c3f39959dfa2909b57060afd							2019-12-31												Ion Torrent S5 sequencing: DNA seq of musmusculus:ovary cancer							3204f0615f5558c07dc9542ed077af28		ftp.sra.ebi.ac.uk/vol1/fastq/SRR351/010/SRR35164910/SRR35164910.fastq.gz									ftp.sra.ebi.ac.uk/vol1/srr/SRR351/010/SRR35164910/SRR35164910																							public			fasp.sra.ebi.ac.uk:/vol1/fastq/SRR351/010/SRR35164910/SRR35164910.fastq.gz	1;131567;2759;33154;33208;6072;33213;33511;7711;89593;7742;7776;117570;117571;8287;1338369;32523;32524;40674;32525;9347;1437010;314146;314147;9989;1963758;337687;10066;39107;10088;862507;10090			KC-10_MG_X69		2019-01-01			kc10_rawlib.bam						KC-10_MG_X69		SUB15543190					env_tax;env_tax:terrestrial	2025-09-21		mixed		10090.0									SRR35164910												PRJNA1311633					ovary																																													
Tumor	no	no	no	no	unknown	ovary	SRR35164913	SRX30270124	SAMN50837807	PRJNA1311633	SRS26320781	SRP613761			Ion Torrent S5 sequencing: DNA seq of musmusculus:ovary cancer	Model organism or animal sample from Mus musculus	Colorectal and ovarian mouse tumors	Model organism or animal sample from Mus musculus	KC-06_MG_X65	AMPLICON	GENOMIC	SINGLE	Ion Torrent S5	1678545	203090660	Mus musculus	2019	2025-09-21	2025-09-21		SRA2207040					PCR												101787769.0								110892162	ION_TORRENT				fasp.sra.ebi.ac.uk:/vol1/srr/SRR351/013/SRR35164913/SRR35164913								female			ftp.sra.ebi.ac.uk/vol1/fastq/SRR351/013/SRR35164913/SRR35164913.fastq.gz							USA:Michigan	Model organism or animal	ftp.sra.ebi.ac.uk/vol1/srr/SRR351/013/SRR35164913/SRR35164913		657376773318fbbb99ea47cfb3e51522							2019-12-31												Ion Torrent S5 sequencing: DNA seq of musmusculus:ovary cancer							5e769f55d5a244b107052d90dfd3ba5b		ftp.sra.ebi.ac.uk/vol1/fastq/SRR351/013/SRR35164913/SRR35164913.fastq.gz									ftp.sra.ebi.ac.uk/vol1/srr/SRR351/013/SRR35164913/SRR35164913																							public			fasp.sra.ebi.ac.uk:/vol1/fastq/SRR351/013/SRR35164913/SRR35164913.fastq.gz	1;131567;2759;33154;33208;6072;33213;33511;7711;89593;7742;7776;117570;117571;8287;1338369;32523;32524;40674;32525;9347;1437010;314146;314147;9989;1963758;337687;10066;39107;10088;862507;10090			KC-06_MG_X65		2019-01-01			kc06_rawlib.bam						KC-06_MG_X65		SUB15543190					env_tax;env_tax:terrestrial	2025-09-21		mixed		10090.0									SRR35164913												PRJNA1311633					ovary																																													
Tumor	no	no	no	no	unknown	ovary	SRR35164917	SRX30270120	SAMN50837803	PRJNA1311633	SRS26320777	SRP613761			Ion Torrent S5 sequencing: DNA seq of musmusculus:ovary cancer	Model organism or animal sample from Mus musculus	Colorectal and ovarian mouse tumors	Model organism or animal sample from Mus musculus	1685 LOT_X40	AMPLICON	GENOMIC	SINGLE	Ion Torrent S5	706140	86091458	Mus musculus	2019	2025-09-21	2025-09-21		SRA2207040					PCR												46457963.0								47424922	ION_TORRENT				fasp.sra.ebi.ac.uk:/vol1/srr/SRR351/017/SRR35164917/SRR35164917								female			ftp.sra.ebi.ac.uk/vol1/fastq/SRR351/017/SRR35164917/SRR35164917.fastq.gz							USA:Michigan	Model organism or animal	ftp.sra.ebi.ac.uk/vol1/srr/SRR351/017/SRR35164917/SRR35164917		c9922b31791a0d2576e330a0d431d4ad							2019-12-31												Ion Torrent S5 sequencing: DNA seq of musmusculus:ovary cancer							601c43ae540bb9358fd6d0a8841000f5		ftp.sra.ebi.ac.uk/vol1/fastq/SRR351/017/SRR35164917/SRR35164917.fastq.gz									ftp.sra.ebi.ac.uk/vol1/srr/SRR351/017/SRR35164917/SRR35164917																							public			fasp.sra.ebi.ac.uk:/vol1/fastq/SRR351/017/SRR35164917/SRR35164917.fastq.gz	1;131567;2759;33154;33208;6072;33213;33511;7711;89593;7742;7776;117570;117571;8287;1338369;32523;32524;40674;32525;9347;1437010;314146;314147;9989;1963758;337687;10066;39107;10088;862507;10090			1685 LOT_X40		2019-01-01			1685lt_rawlib.bam						1685 LOT_X40		SUB15543190					env_tax;env_tax:terrestrial	2025-09-21		mixed		10090.0									SRR35164917												PRJNA1311633					ovary																																													
Tumor	no	no	no	no	unknown	ovary	SRR35164923	SRX30270114	SAMN50837798	PRJNA1311633	SRS26320770	SRP613761			Ion Torrent S5 sequencing: DNA seq of musmusculus:ovary cancer	Model organism or animal sample from Mus musculus	Colorectal and ovarian mouse tumors	Model organism or animal sample from Mus musculus	8234LOTX62	AMPLICON	GENOMIC	SINGLE	Ion Torrent S5	2079932	255614970	Mus musculus	2019	2025-09-21	2025-09-21		SRA2207040					PCR												132726283.0								144903828	ION_TORRENT				fasp.sra.ebi.ac.uk:/vol1/srr/SRR351/023/SRR35164923/SRR35164923								female			ftp.sra.ebi.ac.uk/vol1/fastq/SRR351/023/SRR35164923/SRR35164923.fastq.gz							USA:Michigan	Model organism or animal	ftp.sra.ebi.ac.uk/vol1/srr/SRR351/023/SRR35164923/SRR35164923		ef5ab91bd64f18bd6e8079047d1344b4							2019-12-31												Ion Torrent S5 sequencing: DNA seq of musmusculus:ovary cancer							8d43c81087c04b6fd7d2cc52d0697585		ftp.sra.ebi.ac.uk/vol1/fastq/SRR351/023/SRR35164923/SRR35164923.fastq.gz									ftp.sra.ebi.ac.uk/vol1/srr/SRR351/023/SRR35164923/SRR35164923																							public			fasp.sra.ebi.ac.uk:/vol1/fastq/SRR351/023/SRR35164923/SRR35164923.fastq.gz	1;131567;2759;33154;33208;6072;33213;33511;7711;89593;7742;7776;117570;117571;8287;1338369;32523;32524;40674;32525;9347;1437010;314146;314147;9989;1963758;337687;10066;39107;10088;862507;10090			8234LOTX62		2019-01-01			8234lt_rawlib.bam						8234LOTX62		SUB15543190					env_tax;env_tax:terrestrial	2025-09-21		mixed		10090.0									SRR35164923												PRJNA1311633					ovary																																													
Tumor	no	no	no	no	unknown	ovary	SRR35164932	SRX30270105	SAMN50837789	PRJNA1311633	SRS26320761	SRP613761			Ion Torrent S5 sequencing: DNA seq of musmusculus:ovary cancer	Model organism or animal sample from Mus musculus	Colorectal and ovarian mouse tumors	Model organism or animal sample from Mus musculus	1784LOTX45	AMPLICON	GENOMIC	SINGLE	Ion Torrent S5	1649540	203169950	Mus musculus	2019	2025-09-21	2025-09-21		SRA2207040					PCR												107260447.0								115332676	ION_TORRENT				fasp.sra.ebi.ac.uk:/vol1/srr/SRR351/032/SRR35164932/SRR35164932								female			ftp.sra.ebi.ac.uk/vol1/fastq/SRR351/032/SRR35164932/SRR35164932.fastq.gz							USA:Michigan	Model organism or animal	ftp.sra.ebi.ac.uk/vol1/srr/SRR351/032/SRR35164932/SRR35164932		f7baf1d4098101b2fe941291c8a907e1							2019-12-31												Ion Torrent S5 sequencing: DNA seq of musmusculus:ovary cancer							e56cb488ab694fc1092ad4be4975592c		ftp.sra.ebi.ac.uk/vol1/fastq/SRR351/032/SRR35164932/SRR35164932.fastq.gz									ftp.sra.ebi.ac.uk/vol1/srr/SRR351/032/SRR35164932/SRR35164932																							public			fasp.sra.ebi.ac.uk:/vol1/fastq/SRR351/032/SRR35164932/SRR35164932.fastq.gz	1;131567;2759;33154;33208;6072;33213;33511;7711;89593;7742;7776;117570;117571;8287;1338369;32523;32524;40674;32525;9347;1437010;314146;314147;9989;1963758;337687;10066;39107;10088;862507;10090			1784LOTX45		2019-01-01			1784lt_rawlib.bam						1784LOTX45		SUB15543190					env_tax;env_tax:terrestrial	2025-09-21		mixed		10090.0									SRR35164932												PRJNA1311633					ovary																																													
Tumor	no	no	no	no	unknown	ovary	SRR35164952	SRX30270085	SAMN50837837	PRJNA1311633	SRS26320741	SRP613761			Ion Torrent S5 sequencing: DNA seq of musmusculus:ovary cancer	Model organism or animal sample from Mus musculus	Colorectal and ovarian mouse tumors	Model organism or animal sample from Mus musculus	12401ROT2_X64	AMPLICON	GENOMIC	SINGLE	Ion Torrent S5	2536322	310770235	Mus musculus	2019	2025-09-21	2025-09-21		SRA2207040					PCR												155813565.0								171645591	ION_TORRENT				fasp.sra.ebi.ac.uk:/vol1/srr/SRR351/052/SRR35164952/SRR35164952								female			ftp.sra.ebi.ac.uk/vol1/fastq/SRR351/052/SRR35164952/SRR35164952.fastq.gz							USA:Michigan	Model organism or animal	ftp.sra.ebi.ac.uk/vol1/srr/SRR351/052/SRR35164952/SRR35164952		6768710526f2c0419b884c4b932d8f83							2019-12-31												Ion Torrent S5 sequencing: DNA seq of musmusculus:ovary cancer							b5895d2683dc63b332229dea62289a34		ftp.sra.ebi.ac.uk/vol1/fastq/SRR351/052/SRR35164952/SRR35164952.fastq.gz									ftp.sra.ebi.ac.uk/vol1/srr/SRR351/052/SRR35164952/SRR35164952																							public			fasp.sra.ebi.ac.uk:/vol1/fastq/SRR351/052/SRR35164952/SRR35164952.fastq.gz	1;131567;2759;33154;33208;6072;33213;33511;7711;89593;7742;7776;117570;117571;8287;1338369;32523;32524;40674;32525;9347;1437010;314146;314147;9989;1963758;337687;10066;39107;10088;862507;10090			12401ROT2_X64		2019-01-01			12401rt2_rawlib.bam						12401ROT2_X64		SUB15543190					env_tax;env_tax:terrestrial	2025-09-21		mixed		10090.0									SRR35164952												PRJNA1311633					ovary																																													
Tumor	no	no	no	no	unknown	ovary	SRR35164953	SRX30270084	SAMN50837836	PRJNA1311633	SRS26320740	SRP613761			Ion Torrent S5 sequencing: DNA seq of musmusculus:ovary cancer	Model organism or animal sample from Mus musculus	Colorectal and ovarian mouse tumors	Model organism or animal sample from Mus musculus	12175ROT_X63	AMPLICON	GENOMIC	SINGLE	Ion Torrent S5	4552302	562912966	Mus musculus	2019	2025-09-21	2025-09-21		SRA2207040					PCR												275412981.0								307810167	ION_TORRENT				fasp.sra.ebi.ac.uk:/vol1/srr/SRR351/053/SRR35164953/SRR35164953								female			ftp.sra.ebi.ac.uk/vol1/fastq/SRR351/053/SRR35164953/SRR35164953.fastq.gz							USA:Michigan	Model organism or animal	ftp.sra.ebi.ac.uk/vol1/srr/SRR351/053/SRR35164953/SRR35164953		20836e4a8f2432f8e23488588def341f							2019-12-31												Ion Torrent S5 sequencing: DNA seq of musmusculus:ovary cancer							ac7465c575ee128510bd10f2e4df6309		ftp.sra.ebi.ac.uk/vol1/fastq/SRR351/053/SRR35164953/SRR35164953.fastq.gz									ftp.sra.ebi.ac.uk/vol1/srr/SRR351/053/SRR35164953/SRR35164953																							public			fasp.sra.ebi.ac.uk:/vol1/fastq/SRR351/053/SRR35164953/SRR35164953.fastq.gz	1;131567;2759;33154;33208;6072;33213;33511;7711;89593;7742;7776;117570;117571;8287;1338369;32523;32524;40674;32525;9347;1437010;314146;314147;9989;1963758;337687;10066;39107;10088;862507;10090			12175ROT_X63		2019-01-01			12175rt_rawlib.bam						12175ROT_X63		SUB15543190					env_tax;env_tax:terrestrial	2025-09-21		mixed		10090.0									SRR35164953												PRJNA1311633					ovary																																													
Tumor	no	no	no	no	unknown	ovary	SRR35164956	SRX30270081	SAMN50837833	PRJNA1311633	SRS26320735	SRP613761			Ion Torrent S5 sequencing: DNA seq of musmusculus:ovary cancer	Model organism or animal sample from Mus musculus	Colorectal and ovarian mouse tumors	Model organism or animal sample from Mus musculus	14721ROT_X95	AMPLICON	GENOMIC	SINGLE	Ion Torrent S5	1525422	183336388	Mus musculus	2019	2025-09-21	2025-09-21		SRA2207040					PCR												93335345.0								101003621	ION_TORRENT				fasp.sra.ebi.ac.uk:/vol1/srr/SRR351/056/SRR35164956/SRR35164956								female			ftp.sra.ebi.ac.uk/vol1/fastq/SRR351/056/SRR35164956/SRR35164956.fastq.gz							USA:Michigan	Model organism or animal	ftp.sra.ebi.ac.uk/vol1/srr/SRR351/056/SRR35164956/SRR35164956		1b5479acb262a809b1af37285a51e544							2019-12-31												Ion Torrent S5 sequencing: DNA seq of musmusculus:ovary cancer							88716b767165f698761341be3a13cb01		ftp.sra.ebi.ac.uk/vol1/fastq/SRR351/056/SRR35164956/SRR35164956.fastq.gz									ftp.sra.ebi.ac.uk/vol1/srr/SRR351/056/SRR35164956/SRR35164956																							public			fasp.sra.ebi.ac.uk:/vol1/fastq/SRR351/056/SRR35164956/SRR35164956.fastq.gz	1;131567;2759;33154;33208;6072;33213;33511;7711;89593;7742;7776;117570;117571;8287;1338369;32523;32524;40674;32525;9347;1437010;314146;314147;9989;1963758;337687;10066;39107;10088;862507;10090			14721ROT_X95		2019-01-01			14721rt_rawlib.bam						14721ROT_X95		SUB15543190					env_tax;env_tax:terrestrial	2025-09-21		mixed		10090.0									SRR35164956												PRJNA1311633					ovary																																													
Tumor	no	no	no	no	unknown	ovary	SRR35164957	SRX30270080	SAMN50837832	PRJNA1311633	SRS26320736	SRP613761			Ion Torrent S5 sequencing: DNA seq of musmusculus:ovary cancer	Model organism or animal sample from Mus musculus	Colorectal and ovarian mouse tumors	Model organism or animal sample from Mus musculus	14943LOTX33	AMPLICON	GENOMIC	SINGLE	Ion Torrent S5	3188163	384039608	Mus musculus	2019	2025-09-21	2025-09-21		SRA2207040					PCR												201254690.0								227554406	ION_TORRENT				fasp.sra.ebi.ac.uk:/vol1/srr/SRR351/057/SRR35164957/SRR35164957								female			ftp.sra.ebi.ac.uk/vol1/fastq/SRR351/057/SRR35164957/SRR35164957.fastq.gz							USA:Michigan	Model organism or animal	ftp.sra.ebi.ac.uk/vol1/srr/SRR351/057/SRR35164957/SRR35164957		0b130a078eaaf4806270ec3d254776b5							2019-12-31												Ion Torrent S5 sequencing: DNA seq of musmusculus:ovary cancer							fc14406caf7bae002a323743149b56aa		ftp.sra.ebi.ac.uk/vol1/fastq/SRR351/057/SRR35164957/SRR35164957.fastq.gz									ftp.sra.ebi.ac.uk/vol1/srr/SRR351/057/SRR35164957/SRR35164957																							public			fasp.sra.ebi.ac.uk:/vol1/fastq/SRR351/057/SRR35164957/SRR35164957.fastq.gz	1;131567;2759;33154;33208;6072;33213;33511;7711;89593;7742;7776;117570;117571;8287;1338369;32523;32524;40674;32525;9347;1437010;314146;314147;9989;1963758;337687;10066;39107;10088;862507;10090			14943LOTX33		2019-01-01			14943lt_rawlib.bam						14943LOTX33		SUB15543190					env_tax;env_tax:terrestrial	2025-09-21		mixed		10090.0									SRR35164957												PRJNA1311633					ovary																																													
Tumor	no	no	no	no	unknown	ovary	SRR35164961	SRX30270076	SAMN50837775	PRJNA1311633	SRS26320732	SRP613761			Ion Torrent S5 sequencing: DNA seq of musmusculus:ovary cancer	Model organism or animal sample from Mus musculus	Colorectal and ovarian mouse tumors	Model organism or animal sample from Mus musculus	15723 LOT_X14	AMPLICON	GENOMIC	SINGLE	Ion Torrent S5	2530686	308476635	Mus musculus	2019	2025-09-21	2025-09-21		SRA2207040					PCR												153122207.0								168783760	ION_TORRENT				fasp.sra.ebi.ac.uk:/vol1/srr/SRR351/061/SRR35164961/SRR35164961								female			ftp.sra.ebi.ac.uk/vol1/fastq/SRR351/061/SRR35164961/SRR35164961.fastq.gz							USA:Michigan	Model organism or animal	ftp.sra.ebi.ac.uk/vol1/srr/SRR351/061/SRR35164961/SRR35164961		f0bbea4fa456cc51468969155bf52323							2019-12-31												Ion Torrent S5 sequencing: DNA seq of musmusculus:ovary cancer							eaeb55a5c6cc13bbc0c6d6fb360a05c6		ftp.sra.ebi.ac.uk/vol1/fastq/SRR351/061/SRR35164961/SRR35164961.fastq.gz									ftp.sra.ebi.ac.uk/vol1/srr/SRR351/061/SRR35164961/SRR35164961																							public			fasp.sra.ebi.ac.uk:/vol1/fastq/SRR351/061/SRR35164961/SRR35164961.fastq.gz	1;131567;2759;33154;33208;6072;33213;33511;7711;89593;7742;7776;117570;117571;8287;1338369;32523;32524;40674;32525;9347;1437010;314146;314147;9989;1963758;337687;10066;39107;10088;862507;10090			15723 LOT_X14		2019-01-01			15723lt_rawlib.bam						15723 LOT_X14		SUB15543190					env_tax;env_tax:terrestrial	2025-09-21		mixed		10090.0									SRR35164961												PRJNA1311633					ovary																																													
Tumor	no	no	no	no	unknown	ovary	SRR35164962	SRX30270075	SAMN50837828	PRJNA1311633	SRS26320731	SRP613761			Ion Torrent S5 sequencing: DNA seq of musmusculus:ovary cancer	Model organism or animal sample from Mus musculus	Colorectal and ovarian mouse tumors	Model organism or animal sample from Mus musculus	6786 LOT_X53	AMPLICON	GENOMIC	SINGLE	Ion Torrent S5	1824727	224382962	Mus musculus	2019	2025-09-21	2025-09-21		SRA2207040					PCR												112575299.0								122814400	ION_TORRENT				fasp.sra.ebi.ac.uk:/vol1/srr/SRR351/062/SRR35164962/SRR35164962								female			ftp.sra.ebi.ac.uk/vol1/fastq/SRR351/062/SRR35164962/SRR35164962.fastq.gz							USA:Michigan	Model organism or animal	ftp.sra.ebi.ac.uk/vol1/srr/SRR351/062/SRR35164962/SRR35164962		ddd8ac3e2780760d0ad0b5ce60fa676f							2019-12-31												Ion Torrent S5 sequencing: DNA seq of musmusculus:ovary cancer							dc345b1f6c9e369aa89faae8d8dd8d2f		ftp.sra.ebi.ac.uk/vol1/fastq/SRR351/062/SRR35164962/SRR35164962.fastq.gz									ftp.sra.ebi.ac.uk/vol1/srr/SRR351/062/SRR35164962/SRR35164962																							public			fasp.sra.ebi.ac.uk:/vol1/fastq/SRR351/062/SRR35164962/SRR35164962.fastq.gz	1;131567;2759;33154;33208;6072;33213;33511;7711;89593;7742;7776;117570;117571;8287;1338369;32523;32524;40674;32525;9347;1437010;314146;314147;9989;1963758;337687;10066;39107;10088;862507;10090			6786 LOT_X53		2019-01-01			6786lt_rawlib.bam						6786 LOT_X53		SUB15543190					env_tax;env_tax:terrestrial	2025-09-21		mixed		10090.0									SRR35164962												PRJNA1311633					ovary																																													
Tumor	no	no	no	no	unknown	ovary	SRR35164966	SRX30270071	SAMN50837824	PRJNA1311633	SRS26320727	SRP613761			Ion Torrent S5 sequencing: DNA seq of musmusculus:ovary cancer	Model organism or animal sample from Mus musculus	Colorectal and ovarian mouse tumors	Model organism or animal sample from Mus musculus	6460 LOT_X44	AMPLICON	GENOMIC	SINGLE	Ion Torrent S5	940510	103091391	Mus musculus	2019	2025-09-21	2025-09-21		SRA2207040					PCR												55072049.0								57678169	ION_TORRENT				fasp.sra.ebi.ac.uk:/vol1/srr/SRR351/066/SRR35164966/SRR35164966								female			ftp.sra.ebi.ac.uk/vol1/fastq/SRR351/066/SRR35164966/SRR35164966.fastq.gz							USA:Michigan	Model organism or animal	ftp.sra.ebi.ac.uk/vol1/srr/SRR351/066/SRR35164966/SRR35164966		81bb47bfd6c555355588d18007807433							2019-12-31												Ion Torrent S5 sequencing: DNA seq of musmusculus:ovary cancer							0b03681641f6d405d6898d11fb204b56		ftp.sra.ebi.ac.uk/vol1/fastq/SRR351/066/SRR35164966/SRR35164966.fastq.gz									ftp.sra.ebi.ac.uk/vol1/srr/SRR351/066/SRR35164966/SRR35164966																							public			fasp.sra.ebi.ac.uk:/vol1/fastq/SRR351/066/SRR35164966/SRR35164966.fastq.gz	1;131567;2759;33154;33208;6072;33213;33511;7711;89593;7742;7776;117570;117571;8287;1338369;32523;32524;40674;32525;9347;1437010;314146;314147;9989;1963758;337687;10066;39107;10088;862507;10090			6460 LOT_X44		2019-01-01			6460lt_rawlib.bam						6460 LOT_X44		SUB15543190					env_tax;env_tax:terrestrial	2025-09-21		mixed		10090.0									SRR35164966												PRJNA1311633					ovary																																													
Tumor	no	no	no	no	unknown	ovary	SRR35164967	SRX30270070	SAMN50837823	PRJNA1311633	SRS26320726	SRP613761			Ion Torrent S5 sequencing: DNA seq of musmusculus:ovary cancer	Model organism or animal sample from Mus musculus	Colorectal and ovarian mouse tumors	Model organism or animal sample from Mus musculus	3695ROTX60	AMPLICON	GENOMIC	SINGLE	Ion Torrent S5	2013554	245128585	Mus musculus	2019	2025-09-21	2025-09-21		SRA2207040					PCR												128109159.0								140314059	ION_TORRENT				fasp.sra.ebi.ac.uk:/vol1/srr/SRR351/067/SRR35164967/SRR35164967								female			ftp.sra.ebi.ac.uk/vol1/fastq/SRR351/067/SRR35164967/SRR35164967.fastq.gz							USA:Michigan	Model organism or animal	ftp.sra.ebi.ac.uk/vol1/srr/SRR351/067/SRR35164967/SRR35164967		e32bb47c28652eba97dde2b2252c7634							2019-12-31												Ion Torrent S5 sequencing: DNA seq of musmusculus:ovary cancer							700cae742993cf174aba744be40972a2		ftp.sra.ebi.ac.uk/vol1/fastq/SRR351/067/SRR35164967/SRR35164967.fastq.gz									ftp.sra.ebi.ac.uk/vol1/srr/SRR351/067/SRR35164967/SRR35164967																							public			fasp.sra.ebi.ac.uk:/vol1/fastq/SRR351/067/SRR35164967/SRR35164967.fastq.gz	1;131567;2759;33154;33208;6072;33213;33511;7711;89593;7742;7776;117570;117571;8287;1338369;32523;32524;40674;32525;9347;1437010;314146;314147;9989;1963758;337687;10066;39107;10088;862507;10090			3695ROTX60		2019-01-01			3695rt_rawlib.bam						3695ROTX60		SUB15543190					env_tax;env_tax:terrestrial	2025-09-21		mixed		10090.0									SRR35164967												PRJNA1311633					ovary																																													
Tumor	no	no	no	no	unknown	ovary	SRR35164969	SRX30270068	SAMN50837821	PRJNA1311633	SRS26320725	SRP613761			Ion Torrent S5 sequencing: DNA seq of musmusculus:ovary cancer	Model organism or animal sample from Mus musculus	Colorectal and ovarian mouse tumors	Model organism or animal sample from Mus musculus	KC-05_MG_X64	AMPLICON	GENOMIC	SINGLE	Ion Torrent S5	1540589	185872335	Mus musculus	2019	2025-09-21	2025-09-21		SRA2207040					PCR												100484026.0								106468434	ION_TORRENT				fasp.sra.ebi.ac.uk:/vol1/srr/SRR351/069/SRR35164969/SRR35164969								female			ftp.sra.ebi.ac.uk/vol1/fastq/SRR351/069/SRR35164969/SRR35164969.fastq.gz							USA:Michigan	Model organism or animal	ftp.sra.ebi.ac.uk/vol1/srr/SRR351/069/SRR35164969/SRR35164969		43bd285e3f1dd84afc306224492cd06a							2019-12-31												Ion Torrent S5 sequencing: DNA seq of musmusculus:ovary cancer							f21277382ae51dff97f14f0adc026ab2		ftp.sra.ebi.ac.uk/vol1/fastq/SRR351/069/SRR35164969/SRR35164969.fastq.gz									ftp.sra.ebi.ac.uk/vol1/srr/SRR351/069/SRR35164969/SRR35164969																							public			fasp.sra.ebi.ac.uk:/vol1/fastq/SRR351/069/SRR35164969/SRR35164969.fastq.gz	1;131567;2759;33154;33208;6072;33213;33511;7711;89593;7742;7776;117570;117571;8287;1338369;32523;32524;40674;32525;9347;1437010;314146;314147;9989;1963758;337687;10066;39107;10088;862507;10090			KC-05_MG_X64		2019-01-01			kc05_rawlib.bam						KC-05_MG_X64		SUB15543190					env_tax;env_tax:terrestrial	2025-09-21		mixed		10090.0									SRR35164969												PRJNA1311633					ovary																																													
Tumor	no	no	no	no	unknown	ovary	SRR35164972	SRX30270065	SAMN50837774	PRJNA1311633	SRS26320720	SRP613761			Ion Torrent S5 sequencing: DNA seq of musmusculus:ovary cancer	Model organism or animal sample from Mus musculus	Colorectal and ovarian mouse tumors	Model organism or animal sample from Mus musculus	15774 ROT_X10	AMPLICON	GENOMIC	SINGLE	Ion Torrent S5	3382728	414855556	Mus musculus	2019	2025-09-21	2025-09-21		SRA2207040					PCR												204384521.0								227088936	ION_TORRENT				fasp.sra.ebi.ac.uk:/vol1/srr/SRR351/072/SRR35164972/SRR35164972								female			ftp.sra.ebi.ac.uk/vol1/fastq/SRR351/072/SRR35164972/SRR35164972.fastq.gz							USA:Michigan	Model organism or animal	ftp.sra.ebi.ac.uk/vol1/srr/SRR351/072/SRR35164972/SRR35164972		eecc1f3347689b59cce5f7bd83666294							2019-12-31												Ion Torrent S5 sequencing: DNA seq of musmusculus:ovary cancer							d1293c8b1925151975e6f5c70a28b9f4		ftp.sra.ebi.ac.uk/vol1/fastq/SRR351/072/SRR35164972/SRR35164972.fastq.gz									ftp.sra.ebi.ac.uk/vol1/srr/SRR351/072/SRR35164972/SRR35164972																							public			fasp.sra.ebi.ac.uk:/vol1/fastq/SRR351/072/SRR35164972/SRR35164972.fastq.gz	1;131567;2759;33154;33208;6072;33213;33511;7711;89593;7742;7776;117570;117571;8287;1338369;32523;32524;40674;32525;9347;1437010;314146;314147;9989;1963758;337687;10066;39107;10088;862507;10090			15774 ROT_X10		2019-01-01			15774rt_rawlib.bam						15774 ROT_X10		SUB15543190					env_tax;env_tax:terrestrial	2025-09-21		mixed		10090.0									SRR35164972												PRJNA1311633					ovary																																													
Tumor	no	no	no	no	unknown	ovary	SRR35164973	SRX30270064	SAMN50837818	PRJNA1311633	SRS26320721	SRP613761			Ion Torrent S5 sequencing: DNA seq of musmusculus:ovary cancer	Model organism or animal sample from Mus musculus	Colorectal and ovarian mouse tumors	Model organism or animal sample from Mus musculus	MG_15X47	AMPLICON	GENOMIC	SINGLE	Ion Torrent S5	1187825	143563772	Mus musculus	2019	2025-09-21	2025-09-21		SRA2207040					PCR												79409601.0								81892742	ION_TORRENT				fasp.sra.ebi.ac.uk:/vol1/srr/SRR351/073/SRR35164973/SRR35164973								female			ftp.sra.ebi.ac.uk/vol1/fastq/SRR351/073/SRR35164973/SRR35164973.fastq.gz							USA:Michigan	Model organism or animal	ftp.sra.ebi.ac.uk/vol1/srr/SRR351/073/SRR35164973/SRR35164973		b82d80bc2a4bdadc1ceef58fc83bb3e2							2019-12-31												Ion Torrent S5 sequencing: DNA seq of musmusculus:ovary cancer							bd0e94a234cccd176714914d2a283c52		ftp.sra.ebi.ac.uk/vol1/fastq/SRR351/073/SRR35164973/SRR35164973.fastq.gz									ftp.sra.ebi.ac.uk/vol1/srr/SRR351/073/SRR35164973/SRR35164973																							public			fasp.sra.ebi.ac.uk:/vol1/fastq/SRR351/073/SRR35164973/SRR35164973.fastq.gz	1;131567;2759;33154;33208;6072;33213;33511;7711;89593;7742;7776;117570;117571;8287;1338369;32523;32524;40674;32525;9347;1437010;314146;314147;9989;1963758;337687;10066;39107;10088;862507;10090			MG_15X47		2019-01-01			mg15_rawlib.bam						MG_15X47		SUB15543190					env_tax;env_tax:terrestrial	2025-09-21		mixed		10090.0									SRR35164973												PRJNA1311633					ovary																																													
Tumor	no	no	no	no	unknown	ovary	SRR35164998	SRX30270039	SAMN50837931	PRJNA1311633	SRS26320695	SRP613761			Ion Torrent S5 sequencing: DNA seq of musmusculus:ovary cancer	Model organism or animal sample from Mus musculus	Colorectal and ovarian mouse tumors	Model organism or animal sample from Mus musculus	KC-11_MG_X70	AMPLICON	GENOMIC	SINGLE	Ion Torrent S5	1803613	220234229	Mus musculus	2019	2025-09-21	2025-09-21		SRA2207040					PCR												111325153.0								121713971	ION_TORRENT				fasp.sra.ebi.ac.uk:/vol1/srr/SRR351/098/SRR35164998/SRR35164998								female			ftp.sra.ebi.ac.uk/vol1/fastq/SRR351/098/SRR35164998/SRR35164998.fastq.gz							USA:Michigan	Model organism or animal	ftp.sra.ebi.ac.uk/vol1/srr/SRR351/098/SRR35164998/SRR35164998		8c8967790e54341a2e553f2b010f88a9							2019-12-31												Ion Torrent S5 sequencing: DNA seq of musmusculus:ovary cancer							ebc081a7ef9fc69a71d1d553efa2c377		ftp.sra.ebi.ac.uk/vol1/fastq/SRR351/098/SRR35164998/SRR35164998.fastq.gz									ftp.sra.ebi.ac.uk/vol1/srr/SRR351/098/SRR35164998/SRR35164998																							public			fasp.sra.ebi.ac.uk:/vol1/fastq/SRR351/098/SRR35164998/SRR35164998.fastq.gz	1;131567;2759;33154;33208;6072;33213;33511;7711;89593;7742;7776;117570;117571;8287;1338369;32523;32524;40674;32525;9347;1437010;314146;314147;9989;1963758;337687;10066;39107;10088;862507;10090			KC-11_MG_X70		2019-01-01			kc11_rawlib.bam						KC-11_MG_X70		SUB15543190					env_tax;env_tax:terrestrial	2025-09-21		mixed		10090.0									SRR35164998												PRJNA1311633					ovary																																													
Tumor	no	no	no	no	unknown	ovary	SRR35165003	SRX30270034	SAMN50837927	PRJNA1311633	SRS26320689	SRP613761			Ion Torrent S5 sequencing: DNA seq of musmusculus:ovary cancer	Model organism or animal sample from Mus musculus	Colorectal and ovarian mouse tumors	Model organism or animal sample from Mus musculus	MG_18X50	AMPLICON	GENOMIC	SINGLE	Ion Torrent S5	868693	107364838	Mus musculus	2019	2025-09-21	2025-09-21		SRA2207040					PCR												61936197.0								61941933	ION_TORRENT				fasp.sra.ebi.ac.uk:/vol1/srr/SRR351/003/SRR35165003/SRR35165003								female			ftp.sra.ebi.ac.uk/vol1/fastq/SRR351/003/SRR35165003/SRR35165003.fastq.gz							USA:Michigan	Model organism or animal	ftp.sra.ebi.ac.uk/vol1/srr/SRR351/003/SRR35165003/SRR35165003		4588840410e82f86b18ad971611e47ca							2019-12-31												Ion Torrent S5 sequencing: DNA seq of musmusculus:ovary cancer							251a1644d3a4052b80d73dccb24ff6cd		ftp.sra.ebi.ac.uk/vol1/fastq/SRR351/003/SRR35165003/SRR35165003.fastq.gz									ftp.sra.ebi.ac.uk/vol1/srr/SRR351/003/SRR35165003/SRR35165003																							public			fasp.sra.ebi.ac.uk:/vol1/fastq/SRR351/003/SRR35165003/SRR35165003.fastq.gz	1;131567;2759;33154;33208;6072;33213;33511;7711;89593;7742;7776;117570;117571;8287;1338369;32523;32524;40674;32525;9347;1437010;314146;314147;9989;1963758;337687;10066;39107;10088;862507;10090			MG_18X50		2019-01-01			mg18_rawlib.bam						MG_18X50		SUB15543190					env_tax;env_tax:terrestrial	2025-09-21		mixed		10090.0									SRR35165003												PRJNA1311633					ovary																																													
Tumor	no	no	no	no	unknown	ovary	SRR35165005	SRX30270032	SAMN50837925	PRJNA1311633	SRS26320688	SRP613761			Ion Torrent S5 sequencing: DNA seq of musmusculus:ovary cancer	Model organism or animal sample from Mus musculus	Colorectal and ovarian mouse tumors	Model organism or animal sample from Mus musculus	MG_14X46	AMPLICON	GENOMIC	SINGLE	Ion Torrent S5	1053414	131364871	Mus musculus	2019	2025-09-21	2025-09-21		SRA2207040					PCR												75018832.0								76054864	ION_TORRENT				fasp.sra.ebi.ac.uk:/vol1/srr/SRR351/005/SRR35165005/SRR35165005								female			ftp.sra.ebi.ac.uk/vol1/fastq/SRR351/005/SRR35165005/SRR35165005.fastq.gz							USA:Michigan	Model organism or animal	ftp.sra.ebi.ac.uk/vol1/srr/SRR351/005/SRR35165005/SRR35165005		b473fbe9e5b5f26bfeac7e12de4bb3bf							2019-12-31												Ion Torrent S5 sequencing: DNA seq of musmusculus:ovary cancer							f0432ff82d03dae88a3ef77c9c83be35		ftp.sra.ebi.ac.uk/vol1/fastq/SRR351/005/SRR35165005/SRR35165005.fastq.gz									ftp.sra.ebi.ac.uk/vol1/srr/SRR351/005/SRR35165005/SRR35165005																							public			fasp.sra.ebi.ac.uk:/vol1/fastq/SRR351/005/SRR35165005/SRR35165005.fastq.gz	1;131567;2759;33154;33208;6072;33213;33511;7711;89593;7742;7776;117570;117571;8287;1338369;32523;32524;40674;32525;9347;1437010;314146;314147;9989;1963758;337687;10066;39107;10088;862507;10090			MG_14X46		2019-01-01			mg14_rawlib.bam						MG_14X46		SUB15543190					env_tax;env_tax:terrestrial	2025-09-21		mixed		10090.0									SRR35165005												PRJNA1311633					ovary																																													
Tumor	no	no	no	no	unknown	ovary	SRR35165006	SRX30270031	SAMN50837924	PRJNA1311633	SRS26320686	SRP613761			Ion Torrent S5 sequencing: DNA seq of musmusculus:ovary cancer	Model organism or animal sample from Mus musculus	Colorectal and ovarian mouse tumors	Model organism or animal sample from Mus musculus	MG_13X45	AMPLICON	GENOMIC	SINGLE	Ion Torrent S5	1365026	165969416	Mus musculus	2019	2025-09-21	2025-09-21		SRA2207040					PCR												90429288.0								93944595	ION_TORRENT				fasp.sra.ebi.ac.uk:/vol1/srr/SRR351/006/SRR35165006/SRR35165006								female			ftp.sra.ebi.ac.uk/vol1/fastq/SRR351/006/SRR35165006/SRR35165006.fastq.gz							USA:Michigan	Model organism or animal	ftp.sra.ebi.ac.uk/vol1/srr/SRR351/006/SRR35165006/SRR35165006		279f60c8392bc13061e501730e0540b2							2019-12-31												Ion Torrent S5 sequencing: DNA seq of musmusculus:ovary cancer							a3fa70bd6c0d868c4fc5c1b7b1afdd10		ftp.sra.ebi.ac.uk/vol1/fastq/SRR351/006/SRR35165006/SRR35165006.fastq.gz									ftp.sra.ebi.ac.uk/vol1/srr/SRR351/006/SRR35165006/SRR35165006																							public			fasp.sra.ebi.ac.uk:/vol1/fastq/SRR351/006/SRR35165006/SRR35165006.fastq.gz	1;131567;2759;33154;33208;6072;33213;33511;7711;89593;7742;7776;117570;117571;8287;1338369;32523;32524;40674;32525;9347;1437010;314146;314147;9989;1963758;337687;10066;39107;10088;862507;10090			MG_13X45		2019-01-01			mg13_rawlib.bam						MG_13X45		SUB15543190					env_tax;env_tax:terrestrial	2025-09-21		mixed		10090.0									SRR35165006												PRJNA1311633					ovary																																													
Tumor	no	no	no	no	unknown	ovary	SRR35165007	SRX30270030	SAMN50837923	PRJNA1311633	SRS26320687	SRP613761			Ion Torrent S5 sequencing: DNA seq of musmusculus:ovary cancer	Model organism or animal sample from Mus musculus	Colorectal and ovarian mouse tumors	Model organism or animal sample from Mus musculus	MG_11X43	AMPLICON	GENOMIC	SINGLE	Ion Torrent S5	1271425	159225896	Mus musculus	2019	2025-09-21	2025-09-21		SRA2207040					PCR												90678874.0								92568855	ION_TORRENT				fasp.sra.ebi.ac.uk:/vol1/srr/SRR351/007/SRR35165007/SRR35165007								female			ftp.sra.ebi.ac.uk/vol1/fastq/SRR351/007/SRR35165007/SRR35165007.fastq.gz							USA:Michigan	Model organism or animal	ftp.sra.ebi.ac.uk/vol1/srr/SRR351/007/SRR35165007/SRR35165007		a26a3abe366df6558ae0241c0e65539c							2019-12-31												Ion Torrent S5 sequencing: DNA seq of musmusculus:ovary cancer							874d06f5bbd5bee9bb2ea501b9cf571d		ftp.sra.ebi.ac.uk/vol1/fastq/SRR351/007/SRR35165007/SRR35165007.fastq.gz									ftp.sra.ebi.ac.uk/vol1/srr/SRR351/007/SRR35165007/SRR35165007																							public			fasp.sra.ebi.ac.uk:/vol1/fastq/SRR351/007/SRR35165007/SRR35165007.fastq.gz	1;131567;2759;33154;33208;6072;33213;33511;7711;89593;7742;7776;117570;117571;8287;1338369;32523;32524;40674;32525;9347;1437010;314146;314147;9989;1963758;337687;10066;39107;10088;862507;10090			MG_11X43		2019-01-01			mg11_rawlib.bam						MG_11X43		SUB15543190					env_tax;env_tax:terrestrial	2025-09-21		mixed		10090.0									SRR35165007												PRJNA1311633					ovary																																													
Tumor	no	no	no	no	unknown	ovary	SRR35165012	SRX30270025	SAMN50837784	PRJNA1311633	SRS26320682	SRP613761			Ion Torrent S5 sequencing: DNA seq of musmusculus:ovary cancer	Model organism or animal sample from Mus musculus	Colorectal and ovarian mouse tumors	Model organism or animal sample from Mus musculus	13179LOT_X67	AMPLICON	GENOMIC	SINGLE	Ion Torrent S5	2877378	351879762	Mus musculus	2019	2025-09-21	2025-09-21		SRA2207040					PCR												177831044.0								196402259	ION_TORRENT				fasp.sra.ebi.ac.uk:/vol1/srr/SRR351/012/SRR35165012/SRR35165012								female			ftp.sra.ebi.ac.uk/vol1/fastq/SRR351/012/SRR35165012/SRR35165012.fastq.gz							USA:Michigan	Model organism or animal	ftp.sra.ebi.ac.uk/vol1/srr/SRR351/012/SRR35165012/SRR35165012		b3e8922891efd4d05a6ed684e3ef37b0							2019-12-31												Ion Torrent S5 sequencing: DNA seq of musmusculus:ovary cancer							bc43e50f6b2d1395e7368c5c13b71adc		ftp.sra.ebi.ac.uk/vol1/fastq/SRR351/012/SRR35165012/SRR35165012.fastq.gz									ftp.sra.ebi.ac.uk/vol1/srr/SRR351/012/SRR35165012/SRR35165012																							public			fasp.sra.ebi.ac.uk:/vol1/fastq/SRR351/012/SRR35165012/SRR35165012.fastq.gz	1;131567;2759;33154;33208;6072;33213;33511;7711;89593;7742;7776;117570;117571;8287;1338369;32523;32524;40674;32525;9347;1437010;314146;314147;9989;1963758;337687;10066;39107;10088;862507;10090			13179LOT_X67		2019-01-01			13179lt_rawlib.bam						13179LOT_X67		SUB15543190					env_tax;env_tax:terrestrial	2025-09-21		mixed		10090.0									SRR35165012												PRJNA1311633					ovary																																													
Tumor	no	no	no	no	unknown	ovary	SRR35165019	SRX30270018	SAMN50837912	PRJNA1311633	SRS26320674	SRP613761			Ion Torrent S5 sequencing: DNA seq of musmusculus:ovary cancer	Model organism or animal sample from Mus musculus	Colorectal and ovarian mouse tumors	Model organism or animal sample from Mus musculus	10676RT_X59	AMPLICON	GENOMIC	SINGLE	Ion Torrent S5	4216289	514588248	Mus musculus	2019	2025-09-21	2025-09-21		SRA2207040					PCR												254118522.0								283742473	ION_TORRENT				fasp.sra.ebi.ac.uk:/vol1/srr/SRR351/019/SRR35165019/SRR35165019								female			ftp.sra.ebi.ac.uk/vol1/fastq/SRR351/019/SRR35165019/SRR35165019.fastq.gz							USA:Michigan	Model organism or animal	ftp.sra.ebi.ac.uk/vol1/srr/SRR351/019/SRR35165019/SRR35165019		8d22961a308ace15958155ef3bd517bf							2019-12-31												Ion Torrent S5 sequencing: DNA seq of musmusculus:ovary cancer							04b57363f0c25937fe92faa328a0d293		ftp.sra.ebi.ac.uk/vol1/fastq/SRR351/019/SRR35165019/SRR35165019.fastq.gz									ftp.sra.ebi.ac.uk/vol1/srr/SRR351/019/SRR35165019/SRR35165019																							public			fasp.sra.ebi.ac.uk:/vol1/fastq/SRR351/019/SRR35165019/SRR35165019.fastq.gz	1;131567;2759;33154;33208;6072;33213;33511;7711;89593;7742;7776;117570;117571;8287;1338369;32523;32524;40674;32525;9347;1437010;314146;314147;9989;1963758;337687;10066;39107;10088;862507;10090			10676RT_X59		2019-01-01			10676rt_rawlib.bam						10676RT_X59		SUB15543190					env_tax;env_tax:terrestrial	2025-09-21		mixed		10090.0									SRR35165019												PRJNA1311633					ovary																																													
Tumor	no	no	no	no	unknown	ovary	SRR35165020	SRX30270017	SAMN50837911	PRJNA1311633	SRS26320673	SRP613761			Ion Torrent S5 sequencing: DNA seq of musmusculus:ovary cancer	Model organism or animal sample from Mus musculus	Colorectal and ovarian mouse tumors	Model organism or animal sample from Mus musculus	10879LT_X58	AMPLICON	GENOMIC	SINGLE	Ion Torrent S5	2804079	340237724	Mus musculus	2019	2025-09-21	2025-09-21		SRA2207040					PCR												169298497.0								186959791	ION_TORRENT				fasp.sra.ebi.ac.uk:/vol1/srr/SRR351/020/SRR35165020/SRR35165020								female			ftp.sra.ebi.ac.uk/vol1/fastq/SRR351/020/SRR35165020/SRR35165020.fastq.gz							USA:Michigan	Model organism or animal	ftp.sra.ebi.ac.uk/vol1/srr/SRR351/020/SRR35165020/SRR35165020		11b493777fb9ef472d64f3229f2f6659							2019-12-31												Ion Torrent S5 sequencing: DNA seq of musmusculus:ovary cancer							f0b2d1b2ec13bef5f3e680588cf9ca38		ftp.sra.ebi.ac.uk/vol1/fastq/SRR351/020/SRR35165020/SRR35165020.fastq.gz									ftp.sra.ebi.ac.uk/vol1/srr/SRR351/020/SRR35165020/SRR35165020																							public			fasp.sra.ebi.ac.uk:/vol1/fastq/SRR351/020/SRR35165020/SRR35165020.fastq.gz	1;131567;2759;33154;33208;6072;33213;33511;7711;89593;7742;7776;117570;117571;8287;1338369;32523;32524;40674;32525;9347;1437010;314146;314147;9989;1963758;337687;10066;39107;10088;862507;10090			10879LT_X58		2019-01-01			10879lt_rawlib.bam						10879LT_X58		SUB15543190					env_tax;env_tax:terrestrial	2025-09-21		mixed		10090.0									SRR35165020												PRJNA1311633					ovary																																													
Tumor	no	no	no	no	unknown	ovary	SRR35165024	SRX30270013	SAMN50837778	PRJNA1311633	SRS26320669	SRP613761			Ion Torrent S5 sequencing: DNA seq of musmusculus:ovary cancer	Model organism or animal sample from Mus musculus	Colorectal and ovarian mouse tumors	Model organism or animal sample from Mus musculus	12639 ROT_X21	AMPLICON	GENOMIC	SINGLE	Ion Torrent S5	2802900	341653707	Mus musculus	2019	2025-09-21	2025-09-21		SRA2207040					PCR												168522713.0								186365119	ION_TORRENT				fasp.sra.ebi.ac.uk:/vol1/srr/SRR351/024/SRR35165024/SRR35165024								female			ftp.sra.ebi.ac.uk/vol1/fastq/SRR351/024/SRR35165024/SRR35165024.fastq.gz							USA:Michigan	Model organism or animal	ftp.sra.ebi.ac.uk/vol1/srr/SRR351/024/SRR35165024/SRR35165024		f7768aa078ce2209607e3a1a0338ef52							2019-12-31												Ion Torrent S5 sequencing: DNA seq of musmusculus:ovary cancer							8ce88cd176d52e34e1b86eb610e455ec		ftp.sra.ebi.ac.uk/vol1/fastq/SRR351/024/SRR35165024/SRR35165024.fastq.gz									ftp.sra.ebi.ac.uk/vol1/srr/SRR351/024/SRR35165024/SRR35165024																							public			fasp.sra.ebi.ac.uk:/vol1/fastq/SRR351/024/SRR35165024/SRR35165024.fastq.gz	1;131567;2759;33154;33208;6072;33213;33511;7711;89593;7742;7776;117570;117571;8287;1338369;32523;32524;40674;32525;9347;1437010;314146;314147;9989;1963758;337687;10066;39107;10088;862507;10090			12639 ROT_X21		2019-01-01			12639rt_rawlib.bam						12639 ROT_X21		SUB15543190					env_tax;env_tax:terrestrial	2025-09-21		mixed		10090.0									SRR35165024												PRJNA1311633					ovary																																													
Tumor	no	no	no	no	unknown	ovary	SRR35165026	SRX30270011	SAMN50837857	PRJNA1311633	SRS26320668	SRP613761			Ion Torrent S5 sequencing: DNA seq of musmusculus:ovary cancer	Model organism or animal sample from Mus musculus	Colorectal and ovarian mouse tumors	Model organism or animal sample from Mus musculus	2285LOTX50	AMPLICON	GENOMIC	SINGLE	Ion Torrent S5	1672737	205044574	Mus musculus	2019	2025-09-21	2025-09-21		SRA2207040					PCR												107844450.0								116843977	ION_TORRENT				fasp.sra.ebi.ac.uk:/vol1/srr/SRR351/026/SRR35165026/SRR35165026								female			ftp.sra.ebi.ac.uk/vol1/fastq/SRR351/026/SRR35165026/SRR35165026.fastq.gz							USA:Michigan	Model organism or animal	ftp.sra.ebi.ac.uk/vol1/srr/SRR351/026/SRR35165026/SRR35165026		e12674dbdd1d8898addfb4cf43278eb1							2019-12-31												Ion Torrent S5 sequencing: DNA seq of musmusculus:ovary cancer							fc0ff4e0b7178233bc8862718aaceec8		ftp.sra.ebi.ac.uk/vol1/fastq/SRR351/026/SRR35165026/SRR35165026.fastq.gz									ftp.sra.ebi.ac.uk/vol1/srr/SRR351/026/SRR35165026/SRR35165026																							public			fasp.sra.ebi.ac.uk:/vol1/fastq/SRR351/026/SRR35165026/SRR35165026.fastq.gz	1;131567;2759;33154;33208;6072;33213;33511;7711;89593;7742;7776;117570;117571;8287;1338369;32523;32524;40674;32525;9347;1437010;314146;314147;9989;1963758;337687;10066;39107;10088;862507;10090			2285LOTX50		2019-01-01			2285lt_rawlib.bam						2285LOTX50		SUB15543190					env_tax;env_tax:terrestrial	2025-09-21		mixed		10090.0									SRR35165026												PRJNA1311633					ovary																																													
Tumor	no	no	no	no	unknown	ovary	SRR35165028	SRX30270009	SAMN50837855	PRJNA1311633	SRS26320665	SRP613761			Ion Torrent S5 sequencing: DNA seq of musmusculus:ovary cancer	Model organism or animal sample from Mus musculus	Colorectal and ovarian mouse tumors	Model organism or animal sample from Mus musculus	13311ROT_X71	AMPLICON	GENOMIC	SINGLE	Ion Torrent S5	437182	50934592	Mus musculus	2019	2025-09-21	2025-09-21		SRA2207040					PCR												30928152.0								29294950	ION_TORRENT				fasp.sra.ebi.ac.uk:/vol1/srr/SRR351/028/SRR35165028/SRR35165028								female			ftp.sra.ebi.ac.uk/vol1/fastq/SRR351/028/SRR35165028/SRR35165028.fastq.gz							USA:Michigan	Model organism or animal	ftp.sra.ebi.ac.uk/vol1/srr/SRR351/028/SRR35165028/SRR35165028		7f67775626c3271e9cab22bcaec9b9e3							2019-12-31												Ion Torrent S5 sequencing: DNA seq of musmusculus:ovary cancer							dc7b38f56d3dcf73e5e5c753a53f3cb0		ftp.sra.ebi.ac.uk/vol1/fastq/SRR351/028/SRR35165028/SRR35165028.fastq.gz									ftp.sra.ebi.ac.uk/vol1/srr/SRR351/028/SRR35165028/SRR35165028																							public			fasp.sra.ebi.ac.uk:/vol1/fastq/SRR351/028/SRR35165028/SRR35165028.fastq.gz	1;131567;2759;33154;33208;6072;33213;33511;7711;89593;7742;7776;117570;117571;8287;1338369;32523;32524;40674;32525;9347;1437010;314146;314147;9989;1963758;337687;10066;39107;10088;862507;10090			13311ROT_X71		2019-01-01			13311rt_rawlib.bam						13311ROT_X71		SUB15543190					env_tax;env_tax:terrestrial	2025-09-21		mixed		10090.0									SRR35165028												PRJNA1311633					ovary																																													
Tumor	no	no	no	no	unknown	ovary	SRR35165031	SRX30270006	SAMN50837852	PRJNA1311633	SRS26320663	SRP613761			Ion Torrent S5 sequencing: DNA seq of musmusculus:ovary cancer	Model organism or animal sample from Mus musculus	Colorectal and ovarian mouse tumors	Model organism or animal sample from Mus musculus	15002 ROT_X28	AMPLICON	GENOMIC	SINGLE	Ion Torrent S5	3080001	377341477	Mus musculus	2019	2025-09-21	2025-09-21		SRA2207040					PCR												184359110.0								204968739	ION_TORRENT				fasp.sra.ebi.ac.uk:/vol1/srr/SRR351/031/SRR35165031/SRR35165031								female			ftp.sra.ebi.ac.uk/vol1/fastq/SRR351/031/SRR35165031/SRR35165031.fastq.gz							USA:Michigan	Model organism or animal	ftp.sra.ebi.ac.uk/vol1/srr/SRR351/031/SRR35165031/SRR35165031		c0e2e64751509a4d7786c721ebde372e							2019-12-31												Ion Torrent S5 sequencing: DNA seq of musmusculus:ovary cancer							972dfc6bde938350903202b61643e44a		ftp.sra.ebi.ac.uk/vol1/fastq/SRR351/031/SRR35165031/SRR35165031.fastq.gz									ftp.sra.ebi.ac.uk/vol1/srr/SRR351/031/SRR35165031/SRR35165031																							public			fasp.sra.ebi.ac.uk:/vol1/fastq/SRR351/031/SRR35165031/SRR35165031.fastq.gz	1;131567;2759;33154;33208;6072;33213;33511;7711;89593;7742;7776;117570;117571;8287;1338369;32523;32524;40674;32525;9347;1437010;314146;314147;9989;1963758;337687;10066;39107;10088;862507;10090			15002 ROT_X28		2019-01-01			15002rt_rawlib.bam						15002 ROT_X28		SUB15543190					env_tax;env_tax:terrestrial	2025-09-21		mixed		10090.0									SRR35165031												PRJNA1311633					ovary																																													
Tumor	no	no	no	no	unknown	ovary	SRR35165032	SRX30270005	SAMN50837851	PRJNA1311633	SRS26320661	SRP613761			Ion Torrent S5 sequencing: DNA seq of musmusculus:ovary cancer	Model organism or animal sample from Mus musculus	Colorectal and ovarian mouse tumors	Model organism or animal sample from Mus musculus	14908 ROT_X27	AMPLICON	GENOMIC	SINGLE	Ion Torrent S5	2650714	324337684	Mus musculus	2019	2025-09-21	2025-09-21		SRA2207040					PCR												159303207.0								176460667	ION_TORRENT				fasp.sra.ebi.ac.uk:/vol1/srr/SRR351/032/SRR35165032/SRR35165032								female			ftp.sra.ebi.ac.uk/vol1/fastq/SRR351/032/SRR35165032/SRR35165032.fastq.gz							USA:Michigan	Model organism or animal	ftp.sra.ebi.ac.uk/vol1/srr/SRR351/032/SRR35165032/SRR35165032		50ae7fc8309ac0ab0b758191d4d12271							2019-12-31												Ion Torrent S5 sequencing: DNA seq of musmusculus:ovary cancer							e0a815144ac80b708d83897870c0223d		ftp.sra.ebi.ac.uk/vol1/fastq/SRR351/032/SRR35165032/SRR35165032.fastq.gz									ftp.sra.ebi.ac.uk/vol1/srr/SRR351/032/SRR35165032/SRR35165032																							public			fasp.sra.ebi.ac.uk:/vol1/fastq/SRR351/032/SRR35165032/SRR35165032.fastq.gz	1;131567;2759;33154;33208;6072;33213;33511;7711;89593;7742;7776;117570;117571;8287;1338369;32523;32524;40674;32525;9347;1437010;314146;314147;9989;1963758;337687;10066;39107;10088;862507;10090			14908 ROT_X27		2019-01-01			14908rt_rawlib.bam						14908 ROT_X27		SUB15543190					env_tax;env_tax:terrestrial	2025-09-21		mixed		10090.0									SRR35165032												PRJNA1311633					ovary																																													
Tumor	no	no	no	no	unknown	ovary	SRR35165033	SRX30270004	SAMN50837850	PRJNA1311633	SRS26320660	SRP613761			Ion Torrent S5 sequencing: DNA seq of musmusculus:ovary cancer	Model organism or animal sample from Mus musculus	Colorectal and ovarian mouse tumors	Model organism or animal sample from Mus musculus	12641 LOT_X22	AMPLICON	GENOMIC	SINGLE	Ion Torrent S5	2895629	354288513	Mus musculus	2019	2025-09-21	2025-09-21		SRA2207040					PCR												174761507.0								193632415	ION_TORRENT				fasp.sra.ebi.ac.uk:/vol1/srr/SRR351/033/SRR35165033/SRR35165033								female			ftp.sra.ebi.ac.uk/vol1/fastq/SRR351/033/SRR35165033/SRR35165033.fastq.gz							USA:Michigan	Model organism or animal	ftp.sra.ebi.ac.uk/vol1/srr/SRR351/033/SRR35165033/SRR35165033		3cbbfd05ef973e2f49389f45fdc814f8							2019-12-31												Ion Torrent S5 sequencing: DNA seq of musmusculus:ovary cancer							f270bf39ce63b88a7f68a8da84d780bb		ftp.sra.ebi.ac.uk/vol1/fastq/SRR351/033/SRR35165033/SRR35165033.fastq.gz									ftp.sra.ebi.ac.uk/vol1/srr/SRR351/033/SRR35165033/SRR35165033																							public			fasp.sra.ebi.ac.uk:/vol1/fastq/SRR351/033/SRR35165033/SRR35165033.fastq.gz	1;131567;2759;33154;33208;6072;33213;33511;7711;89593;7742;7776;117570;117571;8287;1338369;32523;32524;40674;32525;9347;1437010;314146;314147;9989;1963758;337687;10066;39107;10088;862507;10090			12641 LOT_X22		2019-01-01			12641lt_rawlib.bam						12641 LOT_X22		SUB15543190					env_tax;env_tax:terrestrial	2025-09-21		mixed		10090.0									SRR35165033												PRJNA1311633					ovary																																													
Tumor	no	no	no	no	unknown	ovary	SRR35165045	SRX30269992	SAMN50837839	PRJNA1311633	SRS26320647	SRP613761			Ion Torrent S5 sequencing: DNA seq of musmusculus:ovary cancer	Model organism or animal sample from Mus musculus	Colorectal and ovarian mouse tumors	Model organism or animal sample from Mus musculus	12402ROT_X66	AMPLICON	GENOMIC	SINGLE	Ion Torrent S5	3314057	408651641	Mus musculus	2019	2025-09-21	2025-09-21		SRA2207040					PCR												203676777.0								226036536	ION_TORRENT				fasp.sra.ebi.ac.uk:/vol1/srr/SRR351/045/SRR35165045/SRR35165045								female			ftp.sra.ebi.ac.uk/vol1/fastq/SRR351/045/SRR35165045/SRR35165045.fastq.gz							USA:Michigan	Model organism or animal	ftp.sra.ebi.ac.uk/vol1/srr/SRR351/045/SRR35165045/SRR35165045		b7cf59f17e7531584a65d7d5bf238e1d							2019-12-31												Ion Torrent S5 sequencing: DNA seq of musmusculus:ovary cancer							7c7b286e5d6cec45fa84e791c15fc0f1		ftp.sra.ebi.ac.uk/vol1/fastq/SRR351/045/SRR35165045/SRR35165045.fastq.gz									ftp.sra.ebi.ac.uk/vol1/srr/SRR351/045/SRR35165045/SRR35165045																							public			fasp.sra.ebi.ac.uk:/vol1/fastq/SRR351/045/SRR35165045/SRR35165045.fastq.gz	1;131567;2759;33154;33208;6072;33213;33511;7711;89593;7742;7776;117570;117571;8287;1338369;32523;32524;40674;32525;9347;1437010;314146;314147;9989;1963758;337687;10066;39107;10088;862507;10090			12402ROT_X66		2019-01-01			12402rt_rawlib.bam						12402ROT_X66		SUB15543190					env_tax;env_tax:terrestrial	2025-09-21		mixed		10090.0									SRR35165045												PRJNA1311633					ovary																																													
Tumor	no	no	no	no	unknown	ovary	SRR35165069	SRX30269968	SAMN50837794	PRJNA1311633	SRS26320625	SRP613761			Ion Torrent S5 sequencing: DNA seq of musmusculus:ovary cancer	Model organism or animal sample from Mus musculus	Colorectal and ovarian mouse tumors	Model organism or animal sample from Mus musculus	2700LOTX55	AMPLICON	GENOMIC	SINGLE	Ion Torrent S5	1438319	176733533	Mus musculus	2019	2025-09-21	2025-09-21		SRA2207040					PCR												93307187.0								100268602	ION_TORRENT				fasp.sra.ebi.ac.uk:/vol1/srr/SRR351/069/SRR35165069/SRR35165069								female			ftp.sra.ebi.ac.uk/vol1/fastq/SRR351/069/SRR35165069/SRR35165069.fastq.gz							USA:Michigan	Model organism or animal	ftp.sra.ebi.ac.uk/vol1/srr/SRR351/069/SRR35165069/SRR35165069		ee9925fb6f5e83567abff45dd68b13f4							2019-12-31												Ion Torrent S5 sequencing: DNA seq of musmusculus:ovary cancer							ea1b5946952637775944869b55e71eeb		ftp.sra.ebi.ac.uk/vol1/fastq/SRR351/069/SRR35165069/SRR35165069.fastq.gz									ftp.sra.ebi.ac.uk/vol1/srr/SRR351/069/SRR35165069/SRR35165069																							public			fasp.sra.ebi.ac.uk:/vol1/fastq/SRR351/069/SRR35165069/SRR35165069.fastq.gz	1;131567;2759;33154;33208;6072;33213;33511;7711;89593;7742;7776;117570;117571;8287;1338369;32523;32524;40674;32525;9347;1437010;314146;314147;9989;1963758;337687;10066;39107;10088;862507;10090			2700LOTX55		2019-01-01			2700lt_rawlib.bam						2700LOTX55		SUB15543190					env_tax;env_tax:terrestrial	2025-09-21		mixed		10090.0									SRR35165069												PRJNA1311633					ovary																																													
Tumor	no	no	no	no	unknown	ovary	SRR35165086	SRX30269951	SAMN50837786	PRJNA1311633	SRS26320607	SRP613761			Ion Torrent S5 sequencing: DNA seq of musmusculus:ovary cancer	Model organism or animal sample from Mus musculus	Colorectal and ovarian mouse tumors	Model organism or animal sample from Mus musculus	13238ROT_X69	AMPLICON	GENOMIC	SINGLE	Ion Torrent S5	2934333	359381230	Mus musculus	2019	2025-09-21	2025-09-21		SRA2207040					PCR												180285267.0								199412245	ION_TORRENT				fasp.sra.ebi.ac.uk:/vol1/srr/SRR351/086/SRR35165086/SRR35165086								female			ftp.sra.ebi.ac.uk/vol1/fastq/SRR351/086/SRR35165086/SRR35165086.fastq.gz							USA:Michigan	Model organism or animal	ftp.sra.ebi.ac.uk/vol1/srr/SRR351/086/SRR35165086/SRR35165086		9846c6d45e0908edef0c9d7fc294e348							2019-12-31												Ion Torrent S5 sequencing: DNA seq of musmusculus:ovary cancer							055875716a976255fdf5f7d60bacacfa		ftp.sra.ebi.ac.uk/vol1/fastq/SRR351/086/SRR35165086/SRR35165086.fastq.gz									ftp.sra.ebi.ac.uk/vol1/srr/SRR351/086/SRR35165086/SRR35165086																							public			fasp.sra.ebi.ac.uk:/vol1/fastq/SRR351/086/SRR35165086/SRR35165086.fastq.gz	1;131567;2759;33154;33208;6072;33213;33511;7711;89593;7742;7776;117570;117571;8287;1338369;32523;32524;40674;32525;9347;1437010;314146;314147;9989;1963758;337687;10066;39107;10088;862507;10090			13238ROT_X69		2019-01-01			13238rt_rawlib.bam						13238ROT_X69		SUB15543190					env_tax;env_tax:terrestrial	2025-09-21		mixed		10090.0									SRR35165086												PRJNA1311633					ovary																																													
Tumor	no	no	no	no	unknown	ovary	SRR35165091	SRX30269946	SAMN50837934	PRJNA1311633	SRS26320602	SRP613761			Ion Torrent S5 sequencing: DNA seq of musmusculus:ovary cancer	Model organism or animal sample from Mus musculus	Colorectal and ovarian mouse tumors	Model organism or animal sample from Mus musculus	KC-04_MG_X63	AMPLICON	GENOMIC	SINGLE	Ion Torrent S5	1250245	149859930	Mus musculus	2019	2025-09-21	2025-09-21		SRA2207040					PCR												82443590.0								86391717	ION_TORRENT				fasp.sra.ebi.ac.uk:/vol1/srr/SRR351/091/SRR35165091/SRR35165091								female			ftp.sra.ebi.ac.uk/vol1/fastq/SRR351/091/SRR35165091/SRR35165091.fastq.gz							USA:Michigan	Model organism or animal	ftp.sra.ebi.ac.uk/vol1/srr/SRR351/091/SRR35165091/SRR35165091		b3cebccb74a6d999ac8f1a0c93cad82c							2019-12-31												Ion Torrent S5 sequencing: DNA seq of musmusculus:ovary cancer							6a0eb06c18b8304bde1531868cbd53e7		ftp.sra.ebi.ac.uk/vol1/fastq/SRR351/091/SRR35165091/SRR35165091.fastq.gz									ftp.sra.ebi.ac.uk/vol1/srr/SRR351/091/SRR35165091/SRR35165091																							public			fasp.sra.ebi.ac.uk:/vol1/fastq/SRR351/091/SRR35165091/SRR35165091.fastq.gz	1;131567;2759;33154;33208;6072;33213;33511;7711;89593;7742;7776;117570;117571;8287;1338369;32523;32524;40674;32525;9347;1437010;314146;314147;9989;1963758;337687;10066;39107;10088;862507;10090			KC-04_MG_X63		2019-01-01			kc04_rawlib.bam						KC-04_MG_X63		SUB15543190					env_tax;env_tax:terrestrial	2025-09-21		mixed		10090.0									SRR35165091												PRJNA1311633					ovary																																													
Tumor	no	no	no	no	unknown	ovary	SRR35165093	SRX30269944	SAMN50837932	PRJNA1311633	SRS26320599	SRP613761			Ion Torrent S5 sequencing: DNA seq of musmusculus:ovary cancer	Model organism or animal sample from Mus musculus	Colorectal and ovarian mouse tumors	Model organism or animal sample from Mus musculus	KC-12_MG_X71	AMPLICON	GENOMIC	SINGLE	Ion Torrent S5	2062317	252310465	Mus musculus	2019	2025-09-21	2025-09-21		SRA2207040					PCR												125933902.0								138594519	ION_TORRENT				fasp.sra.ebi.ac.uk:/vol1/srr/SRR351/093/SRR35165093/SRR35165093								female			ftp.sra.ebi.ac.uk/vol1/fastq/SRR351/093/SRR35165093/SRR35165093.fastq.gz							USA:Michigan	Model organism or animal	ftp.sra.ebi.ac.uk/vol1/srr/SRR351/093/SRR35165093/SRR35165093		bc71ece3465eae695f31609646801ada							2019-12-31												Ion Torrent S5 sequencing: DNA seq of musmusculus:ovary cancer							c93716344c3bc36c1f8dc0c1cd9616c3		ftp.sra.ebi.ac.uk/vol1/fastq/SRR351/093/SRR35165093/SRR35165093.fastq.gz									ftp.sra.ebi.ac.uk/vol1/srr/SRR351/093/SRR35165093/SRR35165093																							public			fasp.sra.ebi.ac.uk:/vol1/fastq/SRR351/093/SRR35165093/SRR35165093.fastq.gz	1;131567;2759;33154;33208;6072;33213;33511;7711;89593;7742;7776;117570;117571;8287;1338369;32523;32524;40674;32525;9347;1437010;314146;314147;9989;1963758;337687;10066;39107;10088;862507;10090			KC-12_MG_X71		2019-01-01			kc12_rawlib.bam						KC-12_MG_X71		SUB15543190					env_tax;env_tax:terrestrial	2025-09-21		mixed		10090.0									SRR35165093												PRJNA1311633					ovary																																													
Tumor	no	no	no	no	unknown	ovary	SRR35165097	SRX30269940	SAMN50837907	PRJNA1311633	SRS26320596	SRP613761			Ion Torrent S5 sequencing: DNA seq of musmusculus:ovary cancer	Model organism or animal sample from Mus musculus	Colorectal and ovarian mouse tumors	Model organism or animal sample from Mus musculus	MG_24X56	AMPLICON	GENOMIC	SINGLE	Ion Torrent S5	796246	101458710	Mus musculus	2019	2025-09-21	2025-09-21		SRA2207040					PCR												59931738.0								59517480	ION_TORRENT				fasp.sra.ebi.ac.uk:/vol1/srr/SRR351/097/SRR35165097/SRR35165097								female			ftp.sra.ebi.ac.uk/vol1/fastq/SRR351/097/SRR35165097/SRR35165097.fastq.gz							USA:Michigan	Model organism or animal	ftp.sra.ebi.ac.uk/vol1/srr/SRR351/097/SRR35165097/SRR35165097		213e4852f6614b4befcdab9fb734d941							2019-12-31												Ion Torrent S5 sequencing: DNA seq of musmusculus:ovary cancer							ffd302478ebffc3b56dc43a656e907fe		ftp.sra.ebi.ac.uk/vol1/fastq/SRR351/097/SRR35165097/SRR35165097.fastq.gz									ftp.sra.ebi.ac.uk/vol1/srr/SRR351/097/SRR35165097/SRR35165097																							public			fasp.sra.ebi.ac.uk:/vol1/fastq/SRR351/097/SRR35165097/SRR35165097.fastq.gz	1;131567;2759;33154;33208;6072;33213;33511;7711;89593;7742;7776;117570;117571;8287;1338369;32523;32524;40674;32525;9347;1437010;314146;314147;9989;1963758;337687;10066;39107;10088;862507;10090			MG_24X56		2019-01-01			mg24_rawlib.bam						MG_24X56		SUB15543190					env_tax;env_tax:terrestrial	2025-09-21		mixed		10090.0									SRR35165097												PRJNA1311633					ovary																																													
Tumor	no	no	no	no	unknown	ovary	SRR35165100	SRX30269937	SAMN50837904	PRJNA1311633	SRS26320593	SRP613761			Ion Torrent S5 sequencing: DNA seq of musmusculus:ovary cancer	Model organism or animal sample from Mus musculus	Colorectal and ovarian mouse tumors	Model organism or animal sample from Mus musculus	12167-MT_X61	AMPLICON	GENOMIC	SINGLE	Ion Torrent S5	2767985	338313728	Mus musculus	2019	2025-09-21	2025-09-21		SRA2207040					PCR												168744843.0								186669934	ION_TORRENT				fasp.sra.ebi.ac.uk:/vol1/srr/SRR351/000/SRR35165100/SRR35165100								female			ftp.sra.ebi.ac.uk/vol1/fastq/SRR351/000/SRR35165100/SRR35165100.fastq.gz							USA:Michigan	Model organism or animal	ftp.sra.ebi.ac.uk/vol1/srr/SRR351/000/SRR35165100/SRR35165100		217e53faf40b764e6b3508c61905e185							2019-12-31												Ion Torrent S5 sequencing: DNA seq of musmusculus:ovary cancer							19daa810f405194ba720ba57c09ce6ad		ftp.sra.ebi.ac.uk/vol1/fastq/SRR351/000/SRR35165100/SRR35165100.fastq.gz									ftp.sra.ebi.ac.uk/vol1/srr/SRR351/000/SRR35165100/SRR35165100																							public			fasp.sra.ebi.ac.uk:/vol1/fastq/SRR351/000/SRR35165100/SRR35165100.fastq.gz	1;131567;2759;33154;33208;6072;33213;33511;7711;89593;7742;7776;117570;117571;8287;1338369;32523;32524;40674;32525;9347;1437010;314146;314147;9989;1963758;337687;10066;39107;10088;862507;10090			12167-MT_X61		2019-01-01			12167mt_rawlib.bam						12167-MT_X61		SUB15543190					env_tax;env_tax:terrestrial	2025-09-21		mixed		10090.0									SRR35165100												PRJNA1311633					ovary																																													
Tumor	no	no	no	no	unknown	ovary	SRR35165111	SRX30269926	SAMN50837894	PRJNA1311633	SRS26320582	SRP613761			Ion Torrent S5 sequencing: DNA seq of musmusculus:ovary cancer	Model organism or animal sample from Mus musculus	Colorectal and ovarian mouse tumors	Model organism or animal sample from Mus musculus	15195LOTX40	AMPLICON	GENOMIC	SINGLE	Ion Torrent S5	2272116	280864190	Mus musculus	2019	2025-09-21	2025-09-21		SRA2207040					PCR												143689144.0								157158117	ION_TORRENT				fasp.sra.ebi.ac.uk:/vol1/srr/SRR351/011/SRR35165111/SRR35165111								female			ftp.sra.ebi.ac.uk/vol1/fastq/SRR351/011/SRR35165111/SRR35165111.fastq.gz							USA:Michigan	Model organism or animal	ftp.sra.ebi.ac.uk/vol1/srr/SRR351/011/SRR35165111/SRR35165111		38ff0b479065b6d610a96d2acd9ebb2f							2019-12-31												Ion Torrent S5 sequencing: DNA seq of musmusculus:ovary cancer							0360383cedfa44b89c9e035d97b6da57		ftp.sra.ebi.ac.uk/vol1/fastq/SRR351/011/SRR35165111/SRR35165111.fastq.gz									ftp.sra.ebi.ac.uk/vol1/srr/SRR351/011/SRR35165111/SRR35165111																							public			fasp.sra.ebi.ac.uk:/vol1/fastq/SRR351/011/SRR35165111/SRR35165111.fastq.gz	1;131567;2759;33154;33208;6072;33213;33511;7711;89593;7742;7776;117570;117571;8287;1338369;32523;32524;40674;32525;9347;1437010;314146;314147;9989;1963758;337687;10066;39107;10088;862507;10090			15195LOTX40		2019-01-01			15195lt_rawlib.bam						15195LOTX40		SUB15543190					env_tax;env_tax:terrestrial	2025-09-21		mixed		10090.0									SRR35165111												PRJNA1311633					ovary																																													
Tumor	no	no	no	no	unknown	ovary	SRR35165119	SRX30269918	SAMN50837887	PRJNA1311633	SRS26320574	SRP613761			Ion Torrent S5 sequencing: DNA seq of musmusculus:ovary cancer	Model organism or animal sample from Mus musculus	Colorectal and ovarian mouse tumors	Model organism or animal sample from Mus musculus	2405LOTX51	AMPLICON	GENOMIC	SINGLE	Ion Torrent S5	1425674	175241818	Mus musculus	2019	2025-09-21	2025-09-21		SRA2207040					PCR												95037907.0								101022000	ION_TORRENT				fasp.sra.ebi.ac.uk:/vol1/srr/SRR351/019/SRR35165119/SRR35165119								female			ftp.sra.ebi.ac.uk/vol1/fastq/SRR351/019/SRR35165119/SRR35165119.fastq.gz							USA:Michigan	Model organism or animal	ftp.sra.ebi.ac.uk/vol1/srr/SRR351/019/SRR35165119/SRR35165119		4e3ec6cf104406f8783387289ef38c37							2019-12-31												Ion Torrent S5 sequencing: DNA seq of musmusculus:ovary cancer							685951d3575d9f7717831cdf6b88102a		ftp.sra.ebi.ac.uk/vol1/fastq/SRR351/019/SRR35165119/SRR35165119.fastq.gz									ftp.sra.ebi.ac.uk/vol1/srr/SRR351/019/SRR35165119/SRR35165119																							public			fasp.sra.ebi.ac.uk:/vol1/fastq/SRR351/019/SRR35165119/SRR35165119.fastq.gz	1;131567;2759;33154;33208;6072;33213;33511;7711;89593;7742;7776;117570;117571;8287;1338369;32523;32524;40674;32525;9347;1437010;314146;314147;9989;1963758;337687;10066;39107;10088;862507;10090			2405LOTX51		2019-01-01			2405lt_rawlib.bam						2405LOTX51		SUB15543190					env_tax;env_tax:terrestrial	2025-09-21		mixed		10090.0									SRR35165119												PRJNA1311633					ovary																																													
Tumor	no	no	no	no	unknown	ovary	SRR35165123	SRX30269914	SAMN50837883	PRJNA1311633	SRS26320570	SRP613761			Ion Torrent S5 sequencing: DNA seq of musmusculus:ovary cancer	Model organism or animal sample from Mus musculus	Colorectal and ovarian mouse tumors	Model organism or animal sample from Mus musculus	MG_19X51	AMPLICON	GENOMIC	SINGLE	Ion Torrent S5	999585	120656467	Mus musculus	2019	2025-09-21	2025-09-21		SRA2207040					PCR												67854433.0								68962725	ION_TORRENT				fasp.sra.ebi.ac.uk:/vol1/srr/SRR351/023/SRR35165123/SRR35165123								female			ftp.sra.ebi.ac.uk/vol1/fastq/SRR351/023/SRR35165123/SRR35165123.fastq.gz							USA:Michigan	Model organism or animal	ftp.sra.ebi.ac.uk/vol1/srr/SRR351/023/SRR35165123/SRR35165123		60b8083a6197d54e09f994f5994744cd							2019-12-31												Ion Torrent S5 sequencing: DNA seq of musmusculus:ovary cancer							a5628b3a631286f24736329cc14be36d		ftp.sra.ebi.ac.uk/vol1/fastq/SRR351/023/SRR35165123/SRR35165123.fastq.gz									ftp.sra.ebi.ac.uk/vol1/srr/SRR351/023/SRR35165123/SRR35165123																							public			fasp.sra.ebi.ac.uk:/vol1/fastq/SRR351/023/SRR35165123/SRR35165123.fastq.gz	1;131567;2759;33154;33208;6072;33213;33511;7711;89593;7742;7776;117570;117571;8287;1338369;32523;32524;40674;32525;9347;1437010;314146;314147;9989;1963758;337687;10066;39107;10088;862507;10090			MG_19X51		2019-01-01			mg19_rawlib.bam						MG_19X51		SUB15543190					env_tax;env_tax:terrestrial	2025-09-21		mixed		10090.0									SRR35165123												PRJNA1311633					ovary																																													
Tumor	no	no	no	no	unknown	ovary	SRR35165129	SRX30269908	SAMN50837878	PRJNA1311633	SRS26320563	SRP613761			Ion Torrent S5 sequencing: DNA seq of musmusculus:ovary cancer	Model organism or animal sample from Mus musculus	Colorectal and ovarian mouse tumors	Model organism or animal sample from Mus musculus	14526ROT_X94	AMPLICON	GENOMIC	SINGLE	Ion Torrent S5	1295642	156377737	Mus musculus	2019	2025-09-21	2025-09-21		SRA2207040					PCR												79735433.0								85573648	ION_TORRENT				fasp.sra.ebi.ac.uk:/vol1/srr/SRR351/029/SRR35165129/SRR35165129								female			ftp.sra.ebi.ac.uk/vol1/fastq/SRR351/029/SRR35165129/SRR35165129.fastq.gz							USA:Michigan	Model organism or animal	ftp.sra.ebi.ac.uk/vol1/srr/SRR351/029/SRR35165129/SRR35165129		bd8ff0b981edf348e594282e3ea4f79e							2019-12-31												Ion Torrent S5 sequencing: DNA seq of musmusculus:ovary cancer							2869da76944797b8f7e198b013ba404d		ftp.sra.ebi.ac.uk/vol1/fastq/SRR351/029/SRR35165129/SRR35165129.fastq.gz									ftp.sra.ebi.ac.uk/vol1/srr/SRR351/029/SRR35165129/SRR35165129																							public			fasp.sra.ebi.ac.uk:/vol1/fastq/SRR351/029/SRR35165129/SRR35165129.fastq.gz	1;131567;2759;33154;33208;6072;33213;33511;7711;89593;7742;7776;117570;117571;8287;1338369;32523;32524;40674;32525;9347;1437010;314146;314147;9989;1963758;337687;10066;39107;10088;862507;10090			14526ROT_X94		2019-01-01			14526rt_rawlib.bam						14526ROT_X94		SUB15543190					env_tax;env_tax:terrestrial	2025-09-21		mixed		10090.0									SRR35165129												PRJNA1311633					ovary																																													
Tumor	no	no	no	no	unknown	ovary	SRR35165130	SRX30269907	SAMN50837877	PRJNA1311633	SRS26320564	SRP613761			Ion Torrent S5 sequencing: DNA seq of musmusculus:ovary cancer	Model organism or animal sample from Mus musculus	Colorectal and ovarian mouse tumors	Model organism or animal sample from Mus musculus	14474ROT_X93	AMPLICON	GENOMIC	SINGLE	Ion Torrent S5	1473554	178998145	Mus musculus	2019	2025-09-21	2025-09-21		SRA2207040					PCR												92827425.0								99759750	ION_TORRENT				fasp.sra.ebi.ac.uk:/vol1/srr/SRR351/030/SRR35165130/SRR35165130								female			ftp.sra.ebi.ac.uk/vol1/fastq/SRR351/030/SRR35165130/SRR35165130.fastq.gz							USA:Michigan	Model organism or animal	ftp.sra.ebi.ac.uk/vol1/srr/SRR351/030/SRR35165130/SRR35165130		792dd7302e03fc15b88462453a7c645b							2019-12-31												Ion Torrent S5 sequencing: DNA seq of musmusculus:ovary cancer							28c13785fd94c2004dab0ccba4043a0d		ftp.sra.ebi.ac.uk/vol1/fastq/SRR351/030/SRR35165130/SRR35165130.fastq.gz									ftp.sra.ebi.ac.uk/vol1/srr/SRR351/030/SRR35165130/SRR35165130																							public			fasp.sra.ebi.ac.uk:/vol1/fastq/SRR351/030/SRR35165130/SRR35165130.fastq.gz	1;131567;2759;33154;33208;6072;33213;33511;7711;89593;7742;7776;117570;117571;8287;1338369;32523;32524;40674;32525;9347;1437010;314146;314147;9989;1963758;337687;10066;39107;10088;862507;10090			14474ROT_X93		2019-01-01			14474rt_rawlib.bam						14474ROT_X93		SUB15543190					env_tax;env_tax:terrestrial	2025-09-21		mixed		10090.0									SRR35165130												PRJNA1311633					ovary																																													
Tumor	no	no	no	no	unknown	ovary	SRR35165132	SRX30269905	SAMN50837875	PRJNA1311633	SRS26320561	SRP613761			Ion Torrent S5 sequencing: DNA seq of musmusculus:ovary cancer	Model organism or animal sample from Mus musculus	Colorectal and ovarian mouse tumors	Model organism or animal sample from Mus musculus	14433LOT-S_X91	AMPLICON	GENOMIC	SINGLE	Ion Torrent S5	1435469	172474769	Mus musculus	2019	2025-09-21	2025-09-21		SRA2207040					PCR												87684292.0								94624068	ION_TORRENT				fasp.sra.ebi.ac.uk:/vol1/srr/SRR351/032/SRR35165132/SRR35165132								female			ftp.sra.ebi.ac.uk/vol1/fastq/SRR351/032/SRR35165132/SRR35165132.fastq.gz							USA:Michigan	Model organism or animal	ftp.sra.ebi.ac.uk/vol1/srr/SRR351/032/SRR35165132/SRR35165132		ccb08224217165184f6b39d027c3277e							2019-12-31												Ion Torrent S5 sequencing: DNA seq of musmusculus:ovary cancer							c79ba8c0e821f31b8af4d85d35701476		ftp.sra.ebi.ac.uk/vol1/fastq/SRR351/032/SRR35165132/SRR35165132.fastq.gz									ftp.sra.ebi.ac.uk/vol1/srr/SRR351/032/SRR35165132/SRR35165132																							public			fasp.sra.ebi.ac.uk:/vol1/fastq/SRR351/032/SRR35165132/SRR35165132.fastq.gz	1;131567;2759;33154;33208;6072;33213;33511;7711;89593;7742;7776;117570;117571;8287;1338369;32523;32524;40674;32525;9347;1437010;314146;314147;9989;1963758;337687;10066;39107;10088;862507;10090			14433LOT-S_X91		2019-01-01			14433lts_rawlib.bam						14433LOT-S_X91		SUB15543190					env_tax;env_tax:terrestrial	2025-09-21		mixed		10090.0									SRR35165132												PRJNA1311633					ovary																																													
Tumor	no	no	no	no	unknown	ovary	SRR35165134	SRX30269903	SAMN50837873	PRJNA1311633	SRS26320558	SRP613761			Ion Torrent S5 sequencing: DNA seq of musmusculus:ovary cancer	Model organism or animal sample from Mus musculus	Colorectal and ovarian mouse tumors	Model organism or animal sample from Mus musculus	14396LOT_X88	AMPLICON	GENOMIC	SINGLE	Ion Torrent S5	830678	99169033	Mus musculus	2019	2025-09-21	2025-09-21		SRA2207040					PCR												53110622.0								55067645	ION_TORRENT				fasp.sra.ebi.ac.uk:/vol1/srr/SRR351/034/SRR35165134/SRR35165134								female			ftp.sra.ebi.ac.uk/vol1/fastq/SRR351/034/SRR35165134/SRR35165134.fastq.gz							USA:Michigan	Model organism or animal	ftp.sra.ebi.ac.uk/vol1/srr/SRR351/034/SRR35165134/SRR35165134		a58e3de5d9f3d0b142f8ce2c9b10bcfd							2019-12-31												Ion Torrent S5 sequencing: DNA seq of musmusculus:ovary cancer							593eb36216e862ae9c322ea6665d8b11		ftp.sra.ebi.ac.uk/vol1/fastq/SRR351/034/SRR35165134/SRR35165134.fastq.gz									ftp.sra.ebi.ac.uk/vol1/srr/SRR351/034/SRR35165134/SRR35165134																							public			fasp.sra.ebi.ac.uk:/vol1/fastq/SRR351/034/SRR35165134/SRR35165134.fastq.gz	1;131567;2759;33154;33208;6072;33213;33511;7711;89593;7742;7776;117570;117571;8287;1338369;32523;32524;40674;32525;9347;1437010;314146;314147;9989;1963758;337687;10066;39107;10088;862507;10090			14396LOT_X88		2019-01-01			14396lt_rawlib.bam						14396LOT_X88		SUB15543190					env_tax;env_tax:terrestrial	2025-09-21		mixed		10090.0									SRR35165134												PRJNA1311633					ovary																																													
Tumor	no	no	no	no	unknown	ovary	SRR35165136	SRX30269901	SAMN50837871	PRJNA1311633	SRS26320557	SRP613761			Ion Torrent S5 sequencing: DNA seq of musmusculus:ovary cancer	Model organism or animal sample from Mus musculus	Colorectal and ovarian mouse tumors	Model organism or animal sample from Mus musculus	14280LOT_X83	AMPLICON	GENOMIC	SINGLE	Ion Torrent S5	1503738	182202076	Mus musculus	2019	2025-09-21	2025-09-21		SRA2207040					PCR												93106589.0								100470285	ION_TORRENT				fasp.sra.ebi.ac.uk:/vol1/srr/SRR351/036/SRR35165136/SRR35165136								female			ftp.sra.ebi.ac.uk/vol1/fastq/SRR351/036/SRR35165136/SRR35165136.fastq.gz							USA:Michigan	Model organism or animal	ftp.sra.ebi.ac.uk/vol1/srr/SRR351/036/SRR35165136/SRR35165136		45cc0aaf0ebdc8a0fbbbed2473d74ae1							2019-12-31												Ion Torrent S5 sequencing: DNA seq of musmusculus:ovary cancer							de3f289011d4255bdd1f974cc60f322d		ftp.sra.ebi.ac.uk/vol1/fastq/SRR351/036/SRR35165136/SRR35165136.fastq.gz									ftp.sra.ebi.ac.uk/vol1/srr/SRR351/036/SRR35165136/SRR35165136																							public			fasp.sra.ebi.ac.uk:/vol1/fastq/SRR351/036/SRR35165136/SRR35165136.fastq.gz	1;131567;2759;33154;33208;6072;33213;33511;7711;89593;7742;7776;117570;117571;8287;1338369;32523;32524;40674;32525;9347;1437010;314146;314147;9989;1963758;337687;10066;39107;10088;862507;10090			14280LOT_X83		2019-01-01			14280lt_rawlib.bam						14280LOT_X83		SUB15543190					env_tax;env_tax:terrestrial	2025-09-21		mixed		10090.0									SRR35165136												PRJNA1311633					ovary																																													
Tumor	no	no	no	no	unknown	ovary	SRR35165137	SRX30269900	SAMN50837870	PRJNA1311633	SRS26320555	SRP613761			Ion Torrent S5 sequencing: DNA seq of musmusculus:ovary cancer	Model organism or animal sample from Mus musculus	Colorectal and ovarian mouse tumors	Model organism or animal sample from Mus musculus	14174LOT_X81	AMPLICON	GENOMIC	SINGLE	Ion Torrent S5	1408031	168550632	Mus musculus	2019	2025-09-21	2025-09-21		SRA2207040					PCR												86484498.0								93218124	ION_TORRENT				fasp.sra.ebi.ac.uk:/vol1/srr/SRR351/037/SRR35165137/SRR35165137								female			ftp.sra.ebi.ac.uk/vol1/fastq/SRR351/037/SRR35165137/SRR35165137.fastq.gz							USA:Michigan	Model organism or animal	ftp.sra.ebi.ac.uk/vol1/srr/SRR351/037/SRR35165137/SRR35165137		e6133706ae40bc7d43bd45405ab5d06e							2019-12-31												Ion Torrent S5 sequencing: DNA seq of musmusculus:ovary cancer							a8cbe5a53e0f5bcd805d9946107cd39a		ftp.sra.ebi.ac.uk/vol1/fastq/SRR351/037/SRR35165137/SRR35165137.fastq.gz									ftp.sra.ebi.ac.uk/vol1/srr/SRR351/037/SRR35165137/SRR35165137																							public			fasp.sra.ebi.ac.uk:/vol1/fastq/SRR351/037/SRR35165137/SRR35165137.fastq.gz	1;131567;2759;33154;33208;6072;33213;33511;7711;89593;7742;7776;117570;117571;8287;1338369;32523;32524;40674;32525;9347;1437010;314146;314147;9989;1963758;337687;10066;39107;10088;862507;10090			14174LOT_X81		2019-01-01			14174lt_rawlib.bam						14174LOT_X81		SUB15543190					env_tax;env_tax:terrestrial	2025-09-21		mixed		10090.0									SRR35165137												PRJNA1311633					ovary																																													
Tumor	no	no	no	no	unknown	ovary	SRR35165140	SRX30269897	SAMN50837770	PRJNA1311633	SRS26320553	SRP613761			Ion Torrent S5 sequencing: DNA seq of musmusculus:ovary cancer	Model organism or animal sample from Mus musculus	Colorectal and ovarian mouse tumors	Model organism or animal sample from Mus musculus	1754 LOT_X2	AMPLICON	GENOMIC	SINGLE	Ion Torrent S5	3979999	486619498	Mus musculus	2019	2025-09-21	2025-09-21		SRA2207040					PCR												236521079.0								264536964	ION_TORRENT				fasp.sra.ebi.ac.uk:/vol1/srr/SRR351/040/SRR35165140/SRR35165140								female			ftp.sra.ebi.ac.uk/vol1/fastq/SRR351/040/SRR35165140/SRR35165140.fastq.gz							USA:Michigan	Model organism or animal	ftp.sra.ebi.ac.uk/vol1/srr/SRR351/040/SRR35165140/SRR35165140		f272263ce2bc6ba88361312a1e234327							2019-12-31												Ion Torrent S5 sequencing: DNA seq of musmusculus:ovary cancer							0f554cac18f20f73d1b240eef2e69173		ftp.sra.ebi.ac.uk/vol1/fastq/SRR351/040/SRR35165140/SRR35165140.fastq.gz									ftp.sra.ebi.ac.uk/vol1/srr/SRR351/040/SRR35165140/SRR35165140																							public			fasp.sra.ebi.ac.uk:/vol1/fastq/SRR351/040/SRR35165140/SRR35165140.fastq.gz	1;131567;2759;33154;33208;6072;33213;33511;7711;89593;7742;7776;117570;117571;8287;1338369;32523;32524;40674;32525;9347;1437010;314146;314147;9989;1963758;337687;10066;39107;10088;862507;10090			1754 LOT_X2		2019-01-01			1754lt_rawlib.bam						1754 LOT_X2		SUB15543190					env_tax;env_tax:terrestrial	2025-09-21		mixed		10090.0									SRR35165140												PRJNA1311633					ovary																																													
Tumor	no	no	no	no	unknown	ovary	SRR35165143	SRX30270166	SAMN50837867	PRJNA1311633	SRS26320822	SRP613761			Ion Torrent S5 sequencing: DNA seq of musmusculus:ovary cancer	Model organism or animal sample from Mus musculus	Colorectal and ovarian mouse tumors	Model organism or animal sample from Mus musculus	14120ROT_X78	AMPLICON	GENOMIC	SINGLE	Ion Torrent S5	1451329	178226930	Mus musculus	2019	2025-09-21	2025-09-21		SRA2207040					PCR												90911187.0								98003815	ION_TORRENT				fasp.sra.ebi.ac.uk:/vol1/srr/SRR351/043/SRR35165143/SRR35165143								female			ftp.sra.ebi.ac.uk/vol1/fastq/SRR351/043/SRR35165143/SRR35165143.fastq.gz							USA:Michigan	Model organism or animal	ftp.sra.ebi.ac.uk/vol1/srr/SRR351/043/SRR35165143/SRR35165143		4f4d321dbcff7422b816344df390ba8f							2019-12-31												Ion Torrent S5 sequencing: DNA seq of musmusculus:ovary cancer							112be3e37cbd2854c84c97363c2764ee		ftp.sra.ebi.ac.uk/vol1/fastq/SRR351/043/SRR35165143/SRR35165143.fastq.gz									ftp.sra.ebi.ac.uk/vol1/srr/SRR351/043/SRR35165143/SRR35165143																							public			fasp.sra.ebi.ac.uk:/vol1/fastq/SRR351/043/SRR35165143/SRR35165143.fastq.gz	1;131567;2759;33154;33208;6072;33213;33511;7711;89593;7742;7776;117570;117571;8287;1338369;32523;32524;40674;32525;9347;1437010;314146;314147;9989;1963758;337687;10066;39107;10088;862507;10090			14120ROT_X78		2019-01-01			14120rt_rawlib.bam						14120ROT_X78		SUB15543190					env_tax;env_tax:terrestrial	2025-09-21		mixed		10090.0									SRR35165143												PRJNA1311633					ovary																																													
Unknown	no	no	no	no	unknown	intestine	SRR35876201	SRX30925558	SAMN52920061	PRJNA1348884	SRS26923578	SRP637137			Illumina MiSeq sequencing: RNA-Seq of stool:female intestinal		Polycystic Ovary Syndrome		FA00038-01	AMPLICON	METAGENOMIC	PAIRED	Illumina MiSeq	0	0			2025-10-27	2025-10-27		SRA2259241					PCR																					ILLUMINA																																													Illumina MiSeq sequencing: RNA-Seq of stool:female intestinal																																									public												FA00038-01_R1.gz						FA00038-01		SUB15729957						2025-10-27													SRR35876201												PRJNA1348884																																																		
Unknown	no	no	no	no	unknown	intestine	SRR35876202	SRX30925557	SAMN52920123	PRJNA1348884	SRS26923579	SRP637137			Illumina MiSeq sequencing: RNA-Seq of stool:female intestinal		Polycystic Ovary Syndrome		FA00264-01	AMPLICON	METAGENOMIC	PAIRED	Illumina MiSeq	0	0			2025-10-27	2025-10-27		SRA2259241					PCR																					ILLUMINA																																													Illumina MiSeq sequencing: RNA-Seq of stool:female intestinal																																									public												FA00264-01_R1.gz						FA00264-01		SUB15729957						2025-10-27													SRR35876202												PRJNA1348884																																																		
Unknown	no	no	no	no	unknown	intestine	SRR35876203	SRX30925556	SAMN52920122	PRJNA1348884	SRS26923577	SRP637137			Illumina MiSeq sequencing: RNA-Seq of stool:female intestinal		Polycystic Ovary Syndrome		FA00259-01	AMPLICON	METAGENOMIC	PAIRED	Illumina MiSeq	0	0			2025-10-27	2025-10-27		SRA2259241					PCR																					ILLUMINA																																													Illumina MiSeq sequencing: RNA-Seq of stool:female intestinal																																									public												FA00259-01_R1.gz						FA00259-01		SUB15729957						2025-10-27													SRR35876203												PRJNA1348884																																																		
Unknown	no	no	no	no	unknown	intestine	SRR35876204	SRX30925555	SAMN52920121	PRJNA1348884	SRS26923576	SRP637137			Illumina MiSeq sequencing: RNA-Seq of stool:female intestinal		Polycystic Ovary Syndrome		FA00257-01	AMPLICON	METAGENOMIC	PAIRED	Illumina MiSeq	0	0			2025-10-27	2025-10-27		SRA2259241					PCR																					ILLUMINA																																													Illumina MiSeq sequencing: RNA-Seq of stool:female intestinal																																									public												FA00257-01_R1.gz						FA00257-01		SUB15729957						2025-10-27													SRR35876204												PRJNA1348884																																																		
Unknown	no	no	no	no	unknown	intestine	SRR35876205	SRX30925554	SAMN52920120	PRJNA1348884	SRS26923575	SRP637137			Illumina MiSeq sequencing: RNA-Seq of stool:female intestinal		Polycystic Ovary Syndrome		FA00251-01	AMPLICON	METAGENOMIC	PAIRED	Illumina MiSeq	0	0			2025-10-27	2025-10-27		SRA2259241					PCR																					ILLUMINA																																													Illumina MiSeq sequencing: RNA-Seq of stool:female intestinal																																									public												FA00251-01_R1.gz						FA00251-01		SUB15729957						2025-10-27													SRR35876205												PRJNA1348884																																																		
Unknown	no	no	no	no	unknown	intestine	SRR35876206	SRX30925553	SAMN52920119	PRJNA1348884	SRS26923574	SRP637137			Illumina MiSeq sequencing: RNA-Seq of stool:female intestinal		Polycystic Ovary Syndrome		FA00246-01	AMPLICON	METAGENOMIC	PAIRED	Illumina MiSeq	0	0			2025-10-27	2025-10-27		SRA2259241					PCR																					ILLUMINA																																													Illumina MiSeq sequencing: RNA-Seq of stool:female intestinal																																									public												FA00246-01_R1.gz						FA00246-01		SUB15729957						2025-10-27													SRR35876206												PRJNA1348884																																																		
Unknown	no	no	no	no	unknown	intestine	SRR35876207	SRX30925552	SAMN52920118	PRJNA1348884	SRS26923573	SRP637137			Illumina MiSeq sequencing: RNA-Seq of stool:female intestinal		Polycystic Ovary Syndrome		FA00228-01	AMPLICON	METAGENOMIC	PAIRED	Illumina MiSeq	0	0			2025-10-27	2025-10-27		SRA2259241					PCR																					ILLUMINA																																													Illumina MiSeq sequencing: RNA-Seq of stool:female intestinal																																									public												FA00228-01_R1.gz						FA00228-01		SUB15729957						2025-10-27													SRR35876207												PRJNA1348884																																																		
Unknown	no	no	no	no	unknown	intestine	SRR35876208	SRX30925551	SAMN52920117	PRJNA1348884	SRS26923572	SRP637137			Illumina MiSeq sequencing: RNA-Seq of stool:female intestinal		Polycystic Ovary Syndrome		FA00226-01	AMPLICON	METAGENOMIC	PAIRED	Illumina MiSeq	0	0			2025-10-27	2025-10-27		SRA2259241					PCR																					ILLUMINA																																													Illumina MiSeq sequencing: RNA-Seq of stool:female intestinal																																									public												FA00226-01_R1.gz						FA00226-01		SUB15729957						2025-10-27													SRR35876208												PRJNA1348884																																																		
Unknown	no	no	no	no	unknown	intestine	SRR35876209	SRX30925550	SAMN52920116	PRJNA1348884	SRS26923571	SRP637137			Illumina MiSeq sequencing: RNA-Seq of stool:female intestinal		Polycystic Ovary Syndrome		FA00217-01	AMPLICON	METAGENOMIC	PAIRED	Illumina MiSeq	0	0			2025-10-27	2025-10-27		SRA2259241					PCR																					ILLUMINA																																													Illumina MiSeq sequencing: RNA-Seq of stool:female intestinal																																									public												FA00217-01_R1.gz						FA00217-01		SUB15729957						2025-10-27													SRR35876209												PRJNA1348884																																																		
Unknown	no	no	no	no	unknown	intestine	SRR35876210	SRX30925549	SAMN52920115	PRJNA1348884	SRS26923570	SRP637137			Illumina MiSeq sequencing: RNA-Seq of stool:female intestinal		Polycystic Ovary Syndrome		FA00216-01	AMPLICON	METAGENOMIC	PAIRED	Illumina MiSeq	0	0			2025-10-27	2025-10-27		SRA2259241					PCR																					ILLUMINA																																													Illumina MiSeq sequencing: RNA-Seq of stool:female intestinal																																									public												FA00216-01_R1.gz						FA00216-01		SUB15729957						2025-10-27													SRR35876210												PRJNA1348884																																																		
Unknown	no	no	no	no	unknown	intestine	SRR35876211	SRX30925548	SAMN52920114	PRJNA1348884	SRS26923569	SRP637137			Illumina MiSeq sequencing: RNA-Seq of stool:female intestinal		Polycystic Ovary Syndrome		FA00214-01	AMPLICON	METAGENOMIC	PAIRED	Illumina MiSeq	0	0			2025-10-27	2025-10-27		SRA2259241					PCR																					ILLUMINA																																													Illumina MiSeq sequencing: RNA-Seq of stool:female intestinal																																									public												FA00214-01_R1.gz						FA00214-01		SUB15729957						2025-10-27													SRR35876211												PRJNA1348884																																																		
Unknown	no	no	no	no	unknown	intestine	SRR35876212	SRX30925547	SAMN52920060	PRJNA1348884	SRS26923567	SRP637137			Illumina MiSeq sequencing: RNA-Seq of stool:female intestinal		Polycystic Ovary Syndrome		FA00035-01	AMPLICON	METAGENOMIC	PAIRED	Illumina MiSeq	0	0			2025-10-27	2025-10-27		SRA2259241					PCR																					ILLUMINA																																													Illumina MiSeq sequencing: RNA-Seq of stool:female intestinal																																									public												FA00035-01_R1.gz						FA00035-01		SUB15729957						2025-10-27													SRR35876212												PRJNA1348884																																																		
Unknown	no	no	no	no	unknown	intestine	SRR35876213	SRX30925546	SAMN52920113	PRJNA1348884	SRS26923568	SRP637137			Illumina MiSeq sequencing: RNA-Seq of stool:female intestinal		Polycystic Ovary Syndrome		FA00204-01	AMPLICON	METAGENOMIC	PAIRED	Illumina MiSeq	0	0			2025-10-27	2025-10-27		SRA2259241					PCR																					ILLUMINA																																													Illumina MiSeq sequencing: RNA-Seq of stool:female intestinal																																									public												FA00204-01_R1.gz						FA00204-01		SUB15729957						2025-10-27													SRR35876213												PRJNA1348884																																																		
Unknown	no	no	no	no	unknown	intestine	SRR35876214	SRX30925545	SAMN52920112	PRJNA1348884	SRS26923566	SRP637137			Illumina MiSeq sequencing: RNA-Seq of stool:female intestinal		Polycystic Ovary Syndrome		FA00200-01	AMPLICON	METAGENOMIC	PAIRED	Illumina MiSeq	0	0			2025-10-27	2025-10-27		SRA2259241					PCR																					ILLUMINA																																													Illumina MiSeq sequencing: RNA-Seq of stool:female intestinal																																									public												FA00200-01_R1.gz						FA00200-01		SUB15729957						2025-10-27													SRR35876214												PRJNA1348884																																																		
Unknown	no	no	no	no	unknown	intestine	SRR35876215	SRX30925544	SAMN52920111	PRJNA1348884	SRS26923565	SRP637137			Illumina MiSeq sequencing: RNA-Seq of stool:female intestinal		Polycystic Ovary Syndrome		FA00195-01	AMPLICON	METAGENOMIC	PAIRED	Illumina MiSeq	0	0			2025-10-27	2025-10-27		SRA2259241					PCR																					ILLUMINA																																													Illumina MiSeq sequencing: RNA-Seq of stool:female intestinal																																									public												FA00195-01_R1.gz						FA00195-01		SUB15729957						2025-10-27													SRR35876215												PRJNA1348884																																																		
Unknown	no	no	no	no	unknown	intestine	SRR35876216	SRX30925543	SAMN52920110	PRJNA1348884	SRS26923564	SRP637137			Illumina MiSeq sequencing: RNA-Seq of stool:female intestinal		Polycystic Ovary Syndrome		FA00178-01	AMPLICON	METAGENOMIC	PAIRED	Illumina MiSeq	0	0			2025-10-27	2025-10-27		SRA2259241					PCR																					ILLUMINA																																													Illumina MiSeq sequencing: RNA-Seq of stool:female intestinal																																									public												FA00178-01_R1.gz						FA00178-01		SUB15729957						2025-10-27													SRR35876216												PRJNA1348884																																																		
Unknown	no	no	no	no	unknown	intestine	SRR35876217	SRX30925542	SAMN52920109	PRJNA1348884	SRS26923563	SRP637137			Illumina MiSeq sequencing: RNA-Seq of stool:female intestinal		Polycystic Ovary Syndrome		FA00161-01	AMPLICON	METAGENOMIC	PAIRED	Illumina MiSeq	0	0			2025-10-27	2025-10-27		SRA2259241					PCR																					ILLUMINA																																													Illumina MiSeq sequencing: RNA-Seq of stool:female intestinal																																									public												FA00161-01_R1.gz						FA00161-01		SUB15729957						2025-10-27													SRR35876217												PRJNA1348884																																																		
Unknown	no	no	no	no	unknown	intestine	SRR35876218	SRX30925541	SAMN52920108	PRJNA1348884	SRS26923562	SRP637137			Illumina MiSeq sequencing: RNA-Seq of stool:female intestinal		Polycystic Ovary Syndrome		FA00158-01	AMPLICON	METAGENOMIC	PAIRED	Illumina MiSeq	0	0			2025-10-27	2025-10-27		SRA2259241					PCR																					ILLUMINA																																													Illumina MiSeq sequencing: RNA-Seq of stool:female intestinal																																									public												FA00158-01_R1.gz						FA00158-01		SUB15729957						2025-10-27													SRR35876218												PRJNA1348884																																																		
Unknown	no	no	no	no	unknown	intestine	SRR35876219	SRX30925540	SAMN52920107	PRJNA1348884	SRS26923561	SRP637137			Illumina MiSeq sequencing: RNA-Seq of stool:female intestinal		Polycystic Ovary Syndrome		FA00139-01	AMPLICON	METAGENOMIC	PAIRED	Illumina MiSeq	0	0			2025-10-27	2025-10-27		SRA2259241					PCR																					ILLUMINA																																													Illumina MiSeq sequencing: RNA-Seq of stool:female intestinal																																									public												FA00139-01_R1.gz						FA00139-01		SUB15729957						2025-10-27													SRR35876219												PRJNA1348884																																																		
Unknown	no	no	no	no	unknown	intestine	SRR35876220	SRX30925539	SAMN52920106	PRJNA1348884	SRS26923559	SRP637137			Illumina MiSeq sequencing: RNA-Seq of stool:female intestinal		Polycystic Ovary Syndrome		FA00134-01	AMPLICON	METAGENOMIC	PAIRED	Illumina MiSeq	0	0			2025-10-27	2025-10-27		SRA2259241					PCR																					ILLUMINA																																													Illumina MiSeq sequencing: RNA-Seq of stool:female intestinal																																									public												FA00134-01_R1.gz						FA00134-01		SUB15729957						2025-10-27													SRR35876220												PRJNA1348884																																																		
Unknown	no	no	no	no	unknown	intestine	SRR35876221	SRX30925538	SAMN52920105	PRJNA1348884	SRS26923560	SRP637137			Illumina MiSeq sequencing: RNA-Seq of stool:female intestinal		Polycystic Ovary Syndrome		FA00128-01	AMPLICON	METAGENOMIC	PAIRED	Illumina MiSeq	0	0			2025-10-27	2025-10-27		SRA2259241					PCR																					ILLUMINA																																													Illumina MiSeq sequencing: RNA-Seq of stool:female intestinal																																									public												FA00128-01_R1.gz						FA00128-01		SUB15729957						2025-10-27													SRR35876221												PRJNA1348884																																																		
Unknown	no	no	no	no	unknown	intestine	SRR35876222	SRX30925537	SAMN52920104	PRJNA1348884	SRS26923558	SRP637137			Illumina MiSeq sequencing: RNA-Seq of stool:female intestinal		Polycystic Ovary Syndrome		FA00119-01	AMPLICON	METAGENOMIC	PAIRED	Illumina MiSeq	0	0			2025-10-27	2025-10-27		SRA2259241					PCR																					ILLUMINA																																													Illumina MiSeq sequencing: RNA-Seq of stool:female intestinal																																									public												FA00119-01_R1.gz						FA00119-01		SUB15729957						2025-10-27													SRR35876222												PRJNA1348884																																																		
Unknown	no	no	no	no	unknown	intestine	SRR35876223	SRX30925536	SAMN52920059	PRJNA1348884	SRS26923557	SRP637137			Illumina MiSeq sequencing: RNA-Seq of stool:female intestinal		Polycystic Ovary Syndrome		FA00029-01	AMPLICON	METAGENOMIC	PAIRED	Illumina MiSeq	0	0			2025-10-27	2025-10-27		SRA2259241					PCR																					ILLUMINA																																													Illumina MiSeq sequencing: RNA-Seq of stool:female intestinal																																									public												FA00029-01_R1.gz						FA00029-01		SUB15729957						2025-10-27													SRR35876223												PRJNA1348884																																																		
Unknown	no	no	no	no	unknown	intestine	SRR35876224	SRX30925535	SAMN52920103	PRJNA1348884	SRS26923556	SRP637137			Illumina MiSeq sequencing: RNA-Seq of stool:female intestinal		Polycystic Ovary Syndrome		FA00100-01	AMPLICON	METAGENOMIC	PAIRED	Illumina MiSeq	0	0			2025-10-27	2025-10-27		SRA2259241					PCR																					ILLUMINA																																													Illumina MiSeq sequencing: RNA-Seq of stool:female intestinal																																									public												FA00100-01_R1.gz						FA00100-01		SUB15729957						2025-10-27													SRR35876224												PRJNA1348884																																																		
Unknown	no	no	no	no	unknown	intestine	SRR35876225	SRX30925534	SAMN52920102	PRJNA1348884	SRS26923554	SRP637137			Illumina MiSeq sequencing: RNA-Seq of stool:female intestinal		Polycystic Ovary Syndrome		FA00085-01	AMPLICON	METAGENOMIC	PAIRED	Illumina MiSeq	0	0			2025-10-27	2025-10-27		SRA2259241					PCR																					ILLUMINA																																													Illumina MiSeq sequencing: RNA-Seq of stool:female intestinal																																									public												FA00085-01_R1.gz						FA00085-01		SUB15729957						2025-10-27													SRR35876225												PRJNA1348884																																																		
Unknown	no	no	no	no	unknown	intestine	SRR35876226	SRX30925533	SAMN52920101	PRJNA1348884	SRS26923555	SRP637137			Illumina MiSeq sequencing: RNA-Seq of stool:female intestinal		Polycystic Ovary Syndrome		FA00079-01	AMPLICON	METAGENOMIC	PAIRED	Illumina MiSeq	0	0			2025-10-27	2025-10-27		SRA2259241					PCR																					ILLUMINA																																													Illumina MiSeq sequencing: RNA-Seq of stool:female intestinal																																									public												FA00079-01_R1.gz						FA00079-01		SUB15729957						2025-10-27													SRR35876226												PRJNA1348884																																																		
Unknown	no	no	no	no	unknown	intestine	SRR35876227	SRX30925532	SAMN52920100	PRJNA1348884	SRS26923552	SRP637137			Illumina MiSeq sequencing: RNA-Seq of stool:female intestinal		Polycystic Ovary Syndrome		FA00076-01	AMPLICON	METAGENOMIC	PAIRED	Illumina MiSeq	0	0			2025-10-27	2025-10-27		SRA2259241					PCR																					ILLUMINA																																													Illumina MiSeq sequencing: RNA-Seq of stool:female intestinal																																									public												FA00076-01_R1.gz						FA00076-01		SUB15729957						2025-10-27													SRR35876227												PRJNA1348884																																																		
Unknown	no	no	no	no	unknown	intestine	SRR35876228	SRX30925531	SAMN52920099	PRJNA1348884	SRS26923553	SRP637137			Illumina MiSeq sequencing: RNA-Seq of stool:female intestinal		Polycystic Ovary Syndrome		FA00074-01	AMPLICON	METAGENOMIC	PAIRED	Illumina MiSeq	0	0			2025-10-27	2025-10-27		SRA2259241					PCR																					ILLUMINA																																													Illumina MiSeq sequencing: RNA-Seq of stool:female intestinal																																									public												FA00074-01_R1.gz						FA00074-01		SUB15729957						2025-10-27													SRR35876228												PRJNA1348884																																																		
Unknown	no	no	no	no	unknown	intestine	SRR35876229	SRX30925530	SAMN52920098	PRJNA1348884	SRS26923551	SRP637137			Illumina MiSeq sequencing: RNA-Seq of stool:female intestinal		Polycystic Ovary Syndrome		FA00069-01	AMPLICON	METAGENOMIC	PAIRED	Illumina MiSeq	0	0			2025-10-27	2025-10-27		SRA2259241					PCR																					ILLUMINA																																													Illumina MiSeq sequencing: RNA-Seq of stool:female intestinal																																									public												FA00069-01_R1.gz						FA00069-01		SUB15729957						2025-10-27													SRR35876229												PRJNA1348884																																																		
Unknown	no	no	no	no	unknown	intestine	SRR35876230	SRX30925529	SAMN52920097	PRJNA1348884	SRS26923550	SRP637137			Illumina MiSeq sequencing: RNA-Seq of stool:female intestinal		Polycystic Ovary Syndrome		FA00061-01	AMPLICON	METAGENOMIC	PAIRED	Illumina MiSeq	0	0			2025-10-27	2025-10-27		SRA2259241					PCR																					ILLUMINA																																													Illumina MiSeq sequencing: RNA-Seq of stool:female intestinal																																									public												FA00061-01_R1.gz						FA00061-01		SUB15729957						2025-10-27													SRR35876230												PRJNA1348884																																																		
Unknown	no	no	no	no	unknown	intestine	SRR35876231	SRX30925528	SAMN52920096	PRJNA1348884	SRS26923549	SRP637137			Illumina MiSeq sequencing: RNA-Seq of stool:female intestinal		Polycystic Ovary Syndrome		FA00054-01	AMPLICON	METAGENOMIC	PAIRED	Illumina MiSeq	0	0			2025-10-27	2025-10-27		SRA2259241					PCR																					ILLUMINA																																													Illumina MiSeq sequencing: RNA-Seq of stool:female intestinal																																									public												FA00054-01_R1.gz						FA00054-01		SUB15729957						2025-10-27													SRR35876231												PRJNA1348884																																																		
Unknown	no	no	no	no	unknown	intestine	SRR35876232	SRX30925527	SAMN52920095	PRJNA1348884	SRS26923548	SRP637137			Illumina MiSeq sequencing: RNA-Seq of stool:female intestinal		Polycystic Ovary Syndrome		FA00049-01	AMPLICON	METAGENOMIC	PAIRED	Illumina MiSeq	0	0			2025-10-27	2025-10-27		SRA2259241					PCR																					ILLUMINA																																													Illumina MiSeq sequencing: RNA-Seq of stool:female intestinal																																									public												FA00049-01_R1.gz						FA00049-01		SUB15729957						2025-10-27													SRR35876232												PRJNA1348884																																																		
Unknown	no	no	no	no	unknown	intestine	SRR35876233	SRX30925526	SAMN52920094	PRJNA1348884	SRS26923547	SRP637137			Illumina MiSeq sequencing: RNA-Seq of stool:female intestinal		Polycystic Ovary Syndrome		FA00026-01	AMPLICON	METAGENOMIC	PAIRED	Illumina MiSeq	0	0			2025-10-27	2025-10-27		SRA2259241					PCR																					ILLUMINA																																													Illumina MiSeq sequencing: RNA-Seq of stool:female intestinal																																									public												FA00026-01_R1.gz						FA00026-01		SUB15729957						2025-10-27													SRR35876233												PRJNA1348884																																																		
Unknown	no	no	no	no	unknown	intestine	SRR35876234	SRX30925525	SAMN52920058	PRJNA1348884	SRS26923546	SRP637137			Illumina MiSeq sequencing: RNA-Seq of stool:female intestinal		Polycystic Ovary Syndrome		FA00021-01	AMPLICON	METAGENOMIC	PAIRED	Illumina MiSeq	0	0			2025-10-27	2025-10-27		SRA2259241					PCR																					ILLUMINA																																													Illumina MiSeq sequencing: RNA-Seq of stool:female intestinal																																									public												FA00021-01_R1.gz						FA00021-01		SUB15729957						2025-10-27													SRR35876234												PRJNA1348884																																																		
Unknown	no	no	no	no	unknown	intestine	SRR35876235	SRX30925524	SAMN52920093	PRJNA1348884	SRS26923544	SRP637137			Illumina MiSeq sequencing: RNA-Seq of stool:female intestinal		Polycystic Ovary Syndrome		FA00025-01	AMPLICON	METAGENOMIC	PAIRED	Illumina MiSeq	0	0			2025-10-27	2025-10-27		SRA2259241					PCR																					ILLUMINA																																													Illumina MiSeq sequencing: RNA-Seq of stool:female intestinal																																									public												FA00025-01_R1.gz						FA00025-01		SUB15729957						2025-10-27													SRR35876235												PRJNA1348884																																																		
Unknown	no	no	no	no	unknown	intestine	SRR35876236	SRX30925523	SAMN52920092	PRJNA1348884	SRS26923545	SRP637137			Illumina MiSeq sequencing: RNA-Seq of stool:female intestinal		Polycystic Ovary Syndrome		FA00012-01	AMPLICON	METAGENOMIC	PAIRED	Illumina MiSeq	0	0			2025-10-27	2025-10-27		SRA2259241					PCR																					ILLUMINA																																													Illumina MiSeq sequencing: RNA-Seq of stool:female intestinal																																									public												FA00012-01_R1.gz						FA00012-01		SUB15729957						2025-10-27													SRR35876236												PRJNA1348884																																																		
Unknown	no	no	no	no	unknown	intestine	SRR35876237	SRX30925522	SAMN52920091	PRJNA1348884	SRS26923543	SRP637137			Illumina MiSeq sequencing: RNA-Seq of stool:female intestinal		Polycystic Ovary Syndrome		FA00007-01	AMPLICON	METAGENOMIC	PAIRED	Illumina MiSeq	0	0			2025-10-27	2025-10-27		SRA2259241					PCR																					ILLUMINA																																													Illumina MiSeq sequencing: RNA-Seq of stool:female intestinal																																									public												FA00007-01_R1.gz						FA00007-01		SUB15729957						2025-10-27													SRR35876237												PRJNA1348884																																																		
Unknown	no	no	no	no	unknown	intestine	SRR35876238	SRX30925521	SAMN52920090	PRJNA1348884	SRS26923542	SRP637137			Illumina MiSeq sequencing: RNA-Seq of stool:female intestinal		Polycystic Ovary Syndrome		FA00003-01	AMPLICON	METAGENOMIC	PAIRED	Illumina MiSeq	0	0			2025-10-27	2025-10-27		SRA2259241					PCR																					ILLUMINA																																													Illumina MiSeq sequencing: RNA-Seq of stool:female intestinal																																									public												FA00003-01_R1.gz						FA00003-01		SUB15729957						2025-10-27													SRR35876238												PRJNA1348884																																																		
Unknown	no	no	no	no	unknown	intestine	SRR35876239	SRX30925520	SAMN52920089	PRJNA1348884	SRS26923540	SRP637137			Illumina MiSeq sequencing: RNA-Seq of stool:female intestinal		Polycystic Ovary Syndrome		FA00002-01	AMPLICON	METAGENOMIC	PAIRED	Illumina MiSeq	0	0			2025-10-27	2025-10-27		SRA2259241					PCR																					ILLUMINA																																													Illumina MiSeq sequencing: RNA-Seq of stool:female intestinal																																									public												FA00002-01_R1.gz						FA00002-01		SUB15729957						2025-10-27													SRR35876239												PRJNA1348884																																																		
Unknown	no	no	no	no	unknown	intestine	SRR35876240	SRX30925519	SAMN52920088	PRJNA1348884	SRS26923541	SRP637137			Illumina MiSeq sequencing: RNA-Seq of stool:female intestinal		Polycystic Ovary Syndrome		FA00341-01	AMPLICON	METAGENOMIC	PAIRED	Illumina MiSeq	0	0			2025-10-27	2025-10-27		SRA2259241					PCR																					ILLUMINA																																													Illumina MiSeq sequencing: RNA-Seq of stool:female intestinal																																									public												FA00341-01_R1.gz						FA00341-01		SUB15729957						2025-10-27													SRR35876240												PRJNA1348884																																																		
Unknown	no	no	no	no	unknown	intestine	SRR35876241	SRX30925518	SAMN52920087	PRJNA1348884	SRS26923539	SRP637137			Illumina MiSeq sequencing: RNA-Seq of stool:female intestinal		Polycystic Ovary Syndrome		FA00332-01	AMPLICON	METAGENOMIC	PAIRED	Illumina MiSeq	0	0			2025-10-27	2025-10-27		SRA2259241					PCR																					ILLUMINA																																													Illumina MiSeq sequencing: RNA-Seq of stool:female intestinal																																									public												FA00332-01_R1.gz						FA00332-01		SUB15729957						2025-10-27													SRR35876241												PRJNA1348884																																																		
Unknown	no	no	no	no	unknown	intestine	SRR35876242	SRX30925517	SAMN52920086	PRJNA1348884	SRS26923538	SRP637137			Illumina MiSeq sequencing: RNA-Seq of stool:female intestinal		Polycystic Ovary Syndrome		FA00319-01	AMPLICON	METAGENOMIC	PAIRED	Illumina MiSeq	0	0			2025-10-27	2025-10-27		SRA2259241					PCR																					ILLUMINA																																													Illumina MiSeq sequencing: RNA-Seq of stool:female intestinal																																									public												FA00319-01_R1.gz						FA00319-01		SUB15729957						2025-10-27													SRR35876242												PRJNA1348884																																																		
Unknown	no	no	no	no	unknown	intestine	SRR35876243	SRX30925516	SAMN52920085	PRJNA1348884	SRS26923537	SRP637137			Illumina MiSeq sequencing: RNA-Seq of stool:female intestinal		Polycystic Ovary Syndrome		FA00314-01	AMPLICON	METAGENOMIC	PAIRED	Illumina MiSeq	0	0			2025-10-27	2025-10-27		SRA2259241					PCR																					ILLUMINA																																													Illumina MiSeq sequencing: RNA-Seq of stool:female intestinal																																									public												FA00314-01_R1.gz						FA00314-01		SUB15729957						2025-10-27													SRR35876243												PRJNA1348884																																																		
Unknown	no	no	no	no	unknown	intestine	SRR35876244	SRX30925515	SAMN52920084	PRJNA1348884	SRS26923536	SRP637137			Illumina MiSeq sequencing: RNA-Seq of stool:female intestinal		Polycystic Ovary Syndrome		FA00297-01	AMPLICON	METAGENOMIC	PAIRED	Illumina MiSeq	0	0			2025-10-27	2025-10-27		SRA2259241					PCR																					ILLUMINA																																													Illumina MiSeq sequencing: RNA-Seq of stool:female intestinal																																									public												FA00297-01_R1.gz						FA00297-01		SUB15729957						2025-10-27													SRR35876244												PRJNA1348884																																																		
Unknown	no	no	no	no	unknown	intestine	SRR35876245	SRX30925514	SAMN52920057	PRJNA1348884	SRS26923535	SRP637137			Illumina MiSeq sequencing: RNA-Seq of stool:female intestinal		Polycystic Ovary Syndrome		FA00013-01	AMPLICON	METAGENOMIC	PAIRED	Illumina MiSeq	0	0			2025-10-27	2025-10-27		SRA2259241					PCR																					ILLUMINA																																													Illumina MiSeq sequencing: RNA-Seq of stool:female intestinal																																									public												FA00013-01_R1.gz						FA00013-01		SUB15729957						2025-10-27													SRR35876245												PRJNA1348884																																																		
Unknown	no	no	no	no	unknown	intestine	SRR35876246	SRX30925513	SAMN52920083	PRJNA1348884	SRS26923534	SRP637137			Illumina MiSeq sequencing: RNA-Seq of stool:female intestinal		Polycystic Ovary Syndrome		FA00296-01	AMPLICON	METAGENOMIC	PAIRED	Illumina MiSeq	0	0			2025-10-27	2025-10-27		SRA2259241					PCR																					ILLUMINA																																													Illumina MiSeq sequencing: RNA-Seq of stool:female intestinal																																									public												FA00296-01_R1.gz						FA00296-01		SUB15729957						2025-10-27													SRR35876246												PRJNA1348884																																																		
Unknown	no	no	no	no	unknown	intestine	SRR35876247	SRX30925512	SAMN52920082	PRJNA1348884	SRS26923533	SRP637137			Illumina MiSeq sequencing: RNA-Seq of stool:female intestinal		Polycystic Ovary Syndrome		FA00288-01	AMPLICON	METAGENOMIC	PAIRED	Illumina MiSeq	0	0			2025-10-27	2025-10-27		SRA2259241					PCR																					ILLUMINA																																													Illumina MiSeq sequencing: RNA-Seq of stool:female intestinal																																									public												FA00288-01_R1.gz						FA00288-01		SUB15729957						2025-10-27													SRR35876247												PRJNA1348884																																																		
Unknown	no	no	no	no	unknown	ovary	SRR573675	SRX188579	SAMN01179324	PRJNA175319	SRS364742	SRP015802			Illumina HiSeq 1000 paired end sequencing: sea star ovary transcriptome	sea star ovary transcriptome	Patiria miniata testis and ovary transcriptome sequencing	Adult female sea star BA50 from Bamfield, British Columbia, Canada		RNA-Seq	TRANSCRIPTOMIC	PAIRED	Illumina HiSeq 1000	226595571	45319114200	Patiria miniata		2012-10-17	2015-06-19	Patiria miniata	SRA058832					size fractionation												11375778482.0								8607697169;8474453069	ILLUMINA				fasp.sra.ebi.ac.uk:/vol1/srr/SRR573/SRR573675.lite											ftp.sra.ebi.ac.uk/vol1/fastq/SRR573/SRR573675/SRR573675_1.fastq.gz;ftp.sra.ebi.ac.uk/vol1/fastq/SRR573/SRR573675/SRR573675_2.fastq.gz								Generic	ftp.sra.ebi.ac.uk/vol1/srr/SRR573/SRR573675.lite		53e19392aa1a88b075be446338867a11;b9e8e2a6f019985c198fabecaa712540																			Illumina HiSeq 1000 paired end sequencing: sea star ovary transcriptome							78c12e0e3e95426c44acd0b5f899d657		ftp.sra.ebi.ac.uk/vol1/fastq/SRR573/SRR573675/SRR573675_1.fastq.gz;ftp.sra.ebi.ac.uk/vol1/fastq/SRR573/SRR573675/SRR573675_2.fastq.gz									ftp.sra.ebi.ac.uk/vol1/srr/SRR573/SRR573675.lite																				350.0			public			fasp.sra.ebi.ac.uk:/vol1/fastq/SRR573/SRR573675/SRR573675_1.fastq.gz;fasp.sra.ebi.ac.uk:/vol1/fastq/SRR573/SRR573675/SRR573675_2.fastq.gz	1;131567;2759;33154;33208;6072;33213;33511;7586;133551;7587;7588;41243;41166;7592;35076;46514			A03253					A03253						A03253		Simon Fraser University					env_tax;env_tax:marine	2013-11-11				46514.0									SRR573675												PRJNA175319																																																		
Unknown	no	no	no	no	unknown	ovary	SRR573705	SRX188604	SAMN01179325	PRJNA175319	SRS364743	SRP015802			Illumina HiSeq 1000 paired end sequencing: sea star ovary transcriptome	sea star ovary transcriptome	Patiria miniata testis and ovary transcriptome sequencing	Adult female sea star BA60 from Bamfield, British Columbia, Canada		RNA-Seq	TRANSCRIPTOMIC	PAIRED	Illumina HiSeq 1000	124814998	24962999600	Patiria miniata		2012-10-16	2015-06-19	Patiria miniata	SRA058832					size fractionation												6255651177.0								4638430203;4559602559	ILLUMINA				fasp.sra.ebi.ac.uk:/vol1/srr/SRR573/SRR573705.lite											ftp.sra.ebi.ac.uk/vol1/fastq/SRR573/SRR573705/SRR573705_1.fastq.gz;ftp.sra.ebi.ac.uk/vol1/fastq/SRR573/SRR573705/SRR573705_2.fastq.gz								Generic	ftp.sra.ebi.ac.uk/vol1/srr/SRR573/SRR573705.lite		cb7a8b8bdc7d3b4082a1dbfaada3e84b;376aad01b4542248e51bb1117dc0f66f																			Illumina HiSeq 1000 paired end sequencing: sea star ovary transcriptome							50361013d807cd8781728818a56e48b0		ftp.sra.ebi.ac.uk/vol1/fastq/SRR573/SRR573705/SRR573705_1.fastq.gz;ftp.sra.ebi.ac.uk/vol1/fastq/SRR573/SRR573705/SRR573705_2.fastq.gz									ftp.sra.ebi.ac.uk/vol1/srr/SRR573/SRR573705.lite																				350.0			public			fasp.sra.ebi.ac.uk:/vol1/fastq/SRR573/SRR573705/SRR573705_1.fastq.gz;fasp.sra.ebi.ac.uk:/vol1/fastq/SRR573/SRR573705/SRR573705_2.fastq.gz	1;131567;2759;33154;33208;6072;33213;33511;7586;133551;7587;7588;41243;41166;7592;35076;46514			A03254					A03254						A03254		Simon Fraser University					env_tax;env_tax:marine	2013-11-11				46514.0									SRR573705												PRJNA175319																																																		
Unknown	no	no	no	no	unknown	ovary	SRR573706	SRX188605	SAMN01179326	PRJNA175319	SRS364744	SRP015802			Illumina HiSeq 1000 paired end sequencing: sea star ovary transcriptome	sea star ovary transcriptome	Patiria miniata testis and ovary transcriptome sequencing	Adult female sea star TO41 from Tofino, British Columbia, Canada		RNA-Seq	TRANSCRIPTOMIC	PAIRED	Illumina HiSeq 1000	78793276	15758655200	Patiria miniata		2012-10-16	2015-06-19	Patiria miniata	SRA058832					size fractionation												3946852485.0								3016477461;3016668957	ILLUMINA				fasp.sra.ebi.ac.uk:/vol1/srr/SRR573/SRR573706.lite											ftp.sra.ebi.ac.uk/vol1/fastq/SRR573/SRR573706/SRR573706_1.fastq.gz;ftp.sra.ebi.ac.uk/vol1/fastq/SRR573/SRR573706/SRR573706_2.fastq.gz								Generic	ftp.sra.ebi.ac.uk/vol1/srr/SRR573/SRR573706.lite		36e8f113b17d350678fd792ed1f13d6f;27324b66a2929085b803fd59b9a10611																			Illumina HiSeq 1000 paired end sequencing: sea star ovary transcriptome							2bba99b7d902ed16ebca535e7f9728ec		ftp.sra.ebi.ac.uk/vol1/fastq/SRR573/SRR573706/SRR573706_1.fastq.gz;ftp.sra.ebi.ac.uk/vol1/fastq/SRR573/SRR573706/SRR573706_2.fastq.gz									ftp.sra.ebi.ac.uk/vol1/srr/SRR573/SRR573706.lite																				350.0			public			fasp.sra.ebi.ac.uk:/vol1/fastq/SRR573/SRR573706/SRR573706_1.fastq.gz;fasp.sra.ebi.ac.uk:/vol1/fastq/SRR573/SRR573706/SRR573706_2.fastq.gz	1;131567;2759;33154;33208;6072;33213;33511;7586;133551;7587;7588;41243;41166;7592;35076;46514			A03255					A03255						A03255		Simon Fraser University					env_tax;env_tax:marine	2013-11-11				46514.0									SRR573706												PRJNA175319																																																		
Unknown	no	no	no	no	unknown	ovary	SRR573707	SRX188606	SAMN01179327	PRJNA175319	SRS364745	SRP015802			Illumina HiSeq 1000 paired end sequencing: sea star ovary transcriptome	sea star ovary transcriptome	Patiria miniata testis and ovary transcriptome sequencing	Adult female sea star QC06 from Rennell Sound (Queen Charlotte Islands), British Columbia, Canada		RNA-Seq	TRANSCRIPTOMIC	PAIRED	Illumina HiSeq 1000	70279166	14055833200	Patiria miniata		2012-10-16	2015-06-19	Patiria miniata	SRA058832					size fractionation												3520440986.0								2672942801;2673253459	ILLUMINA				fasp.sra.ebi.ac.uk:/vol1/srr/SRR573/SRR573707.lite											ftp.sra.ebi.ac.uk/vol1/fastq/SRR573/SRR573707/SRR573707_1.fastq.gz;ftp.sra.ebi.ac.uk/vol1/fastq/SRR573/SRR573707/SRR573707_2.fastq.gz								Generic	ftp.sra.ebi.ac.uk/vol1/srr/SRR573/SRR573707.lite		7a4651a03651af58180f91785d063cb8;a5da8d819cb1052e07eb5793cda14ec3																			Illumina HiSeq 1000 paired end sequencing: sea star ovary transcriptome							458566b66b177550cef7e40fbc0296c2		ftp.sra.ebi.ac.uk/vol1/fastq/SRR573/SRR573707/SRR573707_1.fastq.gz;ftp.sra.ebi.ac.uk/vol1/fastq/SRR573/SRR573707/SRR573707_2.fastq.gz									ftp.sra.ebi.ac.uk/vol1/srr/SRR573/SRR573707.lite																				350.0			public			fasp.sra.ebi.ac.uk:/vol1/fastq/SRR573/SRR573707/SRR573707_1.fastq.gz;fasp.sra.ebi.ac.uk:/vol1/fastq/SRR573/SRR573707/SRR573707_2.fastq.gz	1;131567;2759;33154;33208;6072;33213;33511;7586;133551;7587;7588;41243;41166;7592;35076;46514			A03256					A03256						A03256		Simon Fraser University					env_tax;env_tax:marine	2013-11-11				46514.0									SRR573707												PRJNA175319																																																		
Unknown	no	no	no	no	unknown	ovary	SRR573708	SRX188607	SAMN01179328	PRJNA175319	SRS364746	SRP015802			Illumina HiSeq 1000 paired end sequencing: sea star ovary transcriptome	sea star ovary transcriptome	Patiria miniata testis and ovary transcriptome sequencing	Adult female sea star QC10 from Rennell Sound (Queen Charlotte Islands), British Columbia, Canada		RNA-Seq	TRANSCRIPTOMIC	PAIRED	Illumina HiSeq 1000	63606499	12721299800	Patiria miniata		2012-10-01	2015-06-19	Patiria miniata	SRA058832					size fractionation												3185813492.0								2353139550;2352916117	ILLUMINA				fasp.sra.ebi.ac.uk:/vol1/srr/SRR573/SRR573708.lite											ftp.sra.ebi.ac.uk/vol1/fastq/SRR573/SRR573708/SRR573708_1.fastq.gz;ftp.sra.ebi.ac.uk/vol1/fastq/SRR573/SRR573708/SRR573708_2.fastq.gz								Generic	ftp.sra.ebi.ac.uk/vol1/srr/SRR573/SRR573708.lite		bea59c2df80dacab947822b23981239a;11ee464dd96f0dc00ba9ce10a6412b7c																			Illumina HiSeq 1000 paired end sequencing: sea star ovary transcriptome							295f4e528ca289306ddb9333a27cb2be		ftp.sra.ebi.ac.uk/vol1/fastq/SRR573/SRR573708/SRR573708_1.fastq.gz;ftp.sra.ebi.ac.uk/vol1/fastq/SRR573/SRR573708/SRR573708_2.fastq.gz									ftp.sra.ebi.ac.uk/vol1/srr/SRR573/SRR573708.lite																				350.0			public			fasp.sra.ebi.ac.uk:/vol1/fastq/SRR573/SRR573708/SRR573708_1.fastq.gz;fasp.sra.ebi.ac.uk:/vol1/fastq/SRR573/SRR573708/SRR573708_2.fastq.gz	1;131567;2759;33154;33208;6072;33213;33511;7586;133551;7587;7588;41243;41166;7592;35076;46514			A03257					A03257						A03257		Simon Fraser University					env_tax;env_tax:marine	2013-11-11				46514.0									SRR573708												PRJNA175319																																																		
Unknown	no	no	no	no	unknown	ovary	SRR573709	SRX188608	SAMN01179329	PRJNA175319	SRS364747	SRP015802			Illumina HiSeq 1000 sequencing: sea star ovary transcriptome	sea star ovary transcriptome	Patiria miniata testis and ovary transcriptome sequencing	Adult female sea star from T'annu (Queen Charlotte Islands), British Columbia, Canada		RNA-Seq	TRANSCRIPTOMIC	PAIRED	Illumina HiSeq 1000	64071090	12814218000	Patiria miniata		2012-10-01	2015-06-19	Patiria miniata	SRA058832					size fractionation												3208539676.0								2374514853;2372869630	ILLUMINA				fasp.sra.ebi.ac.uk:/vol1/srr/SRR573/SRR573709.lite											ftp.sra.ebi.ac.uk/vol1/fastq/SRR573/SRR573709/SRR573709_1.fastq.gz;ftp.sra.ebi.ac.uk/vol1/fastq/SRR573/SRR573709/SRR573709_2.fastq.gz								Generic	ftp.sra.ebi.ac.uk/vol1/srr/SRR573/SRR573709.lite		ab905fd481ceac7209ec140d03916745;2e2c90ecf367f2c88d31a107f906541a																			Illumina HiSeq 1000 sequencing: sea star ovary transcriptome							8e863a20d9a2bb6922d7416fea945545		ftp.sra.ebi.ac.uk/vol1/fastq/SRR573/SRR573709/SRR573709_1.fastq.gz;ftp.sra.ebi.ac.uk/vol1/fastq/SRR573/SRR573709/SRR573709_2.fastq.gz									ftp.sra.ebi.ac.uk/vol1/srr/SRR573/SRR573709.lite																							public			fasp.sra.ebi.ac.uk:/vol1/fastq/SRR573/SRR573709/SRR573709_1.fastq.gz;fasp.sra.ebi.ac.uk:/vol1/fastq/SRR573/SRR573709/SRR573709_2.fastq.gz	1;131567;2759;33154;33208;6072;33213;33511;7586;133551;7587;7588;41243;41166;7592;35076;46514			A03258					A03258						A03258		Simon Fraser University					env_tax;env_tax:marine	2013-11-11				46514.0									SRR573709												PRJNA175319																																																		
Unknown	no	no	no	no	unknown	ovary	SRR5749660	SRX2949854	SAMN07270554	PRJNA391462	SRS2308337	SRP110245			Illumina HiSeq 4000 sequencing: Ovary transcriptome of Xinong Saanen goats	Ovary from Capra hircus	Ovary transcriptome profiling of Xinong Saanen goats	Ovaried receive either thrice estrus synchronization (ES) treatments at fortnight intervals (repeated group ) or once on the same day for the third ES for repeated group (control group) during the breeding season.		RNA-Seq	TRANSCRIPTOMIC	PAIRED	Illumina HiSeq 4000	174104904	52231471200	Capra hircus		2018-06-26	2018-06-26	Capra hircus	SRA580377					RANDOM PCR												18589913625.0								12219000235;13892056673	ILLUMINA				fasp.sra.ebi.ac.uk:/vol1/srr/SRR574/000/SRR5749660								female			ftp.sra.ebi.ac.uk/vol1/fastq/SRR574/000/SRR5749660/SRR5749660_1.fastq.gz;ftp.sra.ebi.ac.uk/vol1/fastq/SRR574/000/SRR5749660/SRR5749660_2.fastq.gz								Model organism or animal	ftp.sra.ebi.ac.uk/vol1/srr/SRR574/000/SRR5749660		39412e173500b18bab57a704656bcb99;11950d7054c221bfb1e97988525fd671																			Illumina HiSeq 4000 sequencing: Ovary transcriptome of Xinong Saanen goats	0.0						d590ec394dc5b7b3ee1a8adde8c0798f		ftp.sra.ebi.ac.uk/vol1/fastq/SRR574/000/SRR5749660/SRR5749660_1.fastq.gz;ftp.sra.ebi.ac.uk/vol1/fastq/SRR574/000/SRR5749660/SRR5749660_2.fastq.gz									ftp.sra.ebi.ac.uk/vol1/srr/SRR574/000/SRR5749660																							public			fasp.sra.ebi.ac.uk:/vol1/fastq/SRR574/000/SRR5749660/SRR5749660_1.fastq.gz;fasp.sra.ebi.ac.uk:/vol1/fastq/SRR574/000/SRR5749660/SRR5749660_2.fastq.gz	1;131567;2759;33154;33208;6072;33213;33511;7711;89593;7742;7776;117570;117571;8287;1338369;32523;32524;40674;32525;9347;1437010;314145;91561;9845;35500;9895;9963;9922;9925			ovary of Xinong Saanen goats					Ovary transcriptome of Xinong Saanen goats						ES once or trice		Northwest A&F university					env_tax;env_tax:terrestrial	2018-06-26				9925.0									SRR5749660												PRJNA391462					ovary																																													
Unknown	no	no	no	no	unknown	ovary	SRR7892538	SRX4730113	SAMN10106125	PRJNA492804	SRS3812532	SRP162393			Illumina HiSeq 2000 sequencing: Mixed Ovary Tissue	Ovary	Gryllus bimaculatus ovary and embryonic sequencing	Ovary	Ovary	RNA-Seq	TRANSCRIPTOMIC	PAIRED	Illumina HiSeq 2000	71525642	10799043857	Gryllus bimaculatus	2017	2019-10-23	2019-10-23		SRA782501					other												4048592443.0							ovary	2768070487;3062387687	ILLUMINA				fasp.sra.ebi.ac.uk:/vol1/srr/SRR789/008/SRR7892538											ftp.sra.ebi.ac.uk/vol1/fastq/SRR789/008/SRR7892538/SRR7892538_1.fastq.gz;ftp.sra.ebi.ac.uk/vol1/fastq/SRR789/008/SRR7892538/SRR7892538_2.fastq.gz							Germany: Cologne	Invertebrate	ftp.sra.ebi.ac.uk/vol1/srr/SRR789/008/SRR7892538		25579b19b4b341958c20608d52c8bb01;da155ed87fe6f0df713d1da5d75065e3							2017-12-31												Illumina HiSeq 2000 sequencing: Mixed Ovary Tissue							1a267627f5902a45f1ef6e08e0f5e2dc		ftp.sra.ebi.ac.uk/vol1/fastq/SRR789/008/SRR7892538/SRR7892538_1.fastq.gz;ftp.sra.ebi.ac.uk/vol1/fastq/SRR789/008/SRR7892538/SRR7892538_2.fastq.gz									ftp.sra.ebi.ac.uk/vol1/srr/SRR789/008/SRR7892538																							public			fasp.sra.ebi.ac.uk:/vol1/fastq/SRR789/008/SRR7892538/SRR7892538_1.fastq.gz;fasp.sra.ebi.ac.uk:/vol1/fastq/SRR789/008/SRR7892538/SRR7892538_2.fastq.gz	1;131567;2759;33154;33208;6072;33213;33317;1206794;88770;6656;197563;197562;6960;50557;85512;7496;33340;33341;6993;6994;2174975;70906;6995;114953;6998;6999			K002000090_54078		2017-01-01			K002000090_54078_1.fq.gz						Ovary		SUB4555007						2019-10-23				6999.0									SRR7892538												PRJNA492804					ovary	ovary tissue																																												
